com.samsung.shealth.step_daily_trend,6320001,6
binning_data,update_time,create_time,source_pkg_name,source_type,count,speed,distance,calorie,deviceuuid,pkg_name,datauuid,day_time
7f59e337-f78a-4fbc-87dd-f6baf9c14424.binning_data.json,2023-01-01 23:59:00.000,2023-01-01 23:59:00.000,com.sec.android.app.shealth,0,4826,1.4019,3474.72,202.69,sampleDeviceID,com.sec.android.app.shealth,7f59e337-f78a-4fbc-87dd-f6baf9c14424,1672531200000,
0cb56066-da3e-4c12-8f09-8c1cc416d15d.binning_data.json,2023-01-02 23:59:00.000,2023-01-02 23:59:00.000,com.sec.android.app.shealth,0,9828,1.3383,7076.16,412.78,sampleDeviceID,com.sec.android.app.shealth,0cb56066-da3e-4c12-8f09-8c1cc416d15d,1672617600000,
9052c346-5236-4689-a001-e3be2ce6e402.binning_data.json,2023-01-03 23:59:00.000,2023-01-03 23:59:00.000,com.sec.android.app.shealth,0,5667,1.2649,4080.24,238.01,sampleDeviceID,com.sec.android.app.shealth,9052c346-5236-4689-a001-e3be2ce6e402,1672704000000,
8703cc9c-3862-4f93-8a68-1e435bb9b23d.binning_data.json,2023-01-04 23:59:00.000,2023-01-04 23:59:00.000,com.sec.android.app.shealth,0,7520,1.4573,5414.4,315.84,sampleDeviceID,com.sec.android.app.shealth,8703cc9c-3862-4f93-8a68-1e435bb9b23d,1672790400000,
440d6aab-918f-4f84-99bb-ffc6b64b9997.binning_data.json,2023-01-05 23:59:00.000,2023-01-05 23:59:00.000,com.sec.android.app.shealth,0,8484,1.4367,6108.48,356.33,sampleDeviceID,com.sec.android.app.shealth,440d6aab-918f-4f84-99bb-ffc6b64b9997,1672876800000,
7ee6f655-e6dd-4347-ac07-24e24c796a31.binning_data.json,2023-01-06 23:59:00.000,2023-01-06 23:59:00.000,com.sec.android.app.shealth,0,7317,1.3011,5268.24,307.31,sampleDeviceID,com.sec.android.app.shealth,7ee6f655-e6dd-4347-ac07-24e24c796a31,1672963200000,
ae35fe98-baf0-425d-a562-c76b6ce3a1c3.binning_data.json,2023-01-07 23:59:00.000,2023-01-07 23:59:00.000,com.sec.android.app.shealth,0,11124,1.3138,8009.28,467.21,sampleDeviceID,com.sec.android.app.shealth,ae35fe98-baf0-425d-a562-c76b6ce3a1c3,1673049600000,
4e546e00-37b3-4a95-9b2a-d243826d20ee.binning_data.json,2023-01-08 23:59:00.000,2023-01-08 23:59:00.000,com.sec.android.app.shealth,0,8601,1.4396,6192.72,361.24,sampleDeviceID,com.sec.android.app.shealth,4e546e00-37b3-4a95-9b2a-d243826d20ee,1673136000000,
81aec3dc-e470-40c4-84b4-4c81f96d48b3.binning_data.json,2023-01-09 23:59:00.000,2023-01-09 23:59:00.000,com.sec.android.app.shealth,0,7937,1.4302,5714.64,333.35,sampleDeviceID,com.sec.android.app.shealth,81aec3dc-e470-40c4-84b4-4c81f96d48b3,1673222400000,
3d4dc39a-30c9-427d-bfc2-ed70223c0ff4.binning_data.json,2023-01-10 23:59:00.000,2023-01-10 23:59:00.000,com.sec.android.app.shealth,0,10453,1.4846,7526.16,439.03,sampleDeviceID,com.sec.android.app.shealth,3d4dc39a-30c9-427d-bfc2-ed70223c0ff4,1673308800000,
f9948999-ea81-4650-ae06-c58e37ce1622.binning_data.json,2023-01-11 23:59:00.000,2023-01-11 23:59:00.000,com.sec.android.app.shealth,0,6312,1.3952,4544.64,265.1,sampleDeviceID,com.sec.android.app.shealth,f9948999-ea81-4650-ae06-c58e37ce1622,1673395200000,
69d07cd2-3be2-4c31-8cda-738e7850599d.binning_data.json,2023-01-12 23:59:00.000,2023-01-12 23:59:00.000,com.sec.android.app.shealth,0,6721,1.4068,4839.12,282.28,sampleDeviceID,com.sec.android.app.shealth,69d07cd2-3be2-4c31-8cda-738e7850599d,1673481600000,
9b7b317a-e8bc-4dd6-ba06-ea3c96589ca5.binning_data.json,2023-01-13 23:59:00.000,2023-01-13 23:59:00.000,com.sec.android.app.shealth,0,7327,1.2843,5275.44,307.73,sampleDeviceID,com.sec.android.app.shealth,9b7b317a-e8bc-4dd6-ba06-ea3c96589ca5,1673568000000,
3a9a01fe-20c7-434e-84c6-aa4e6e3464b7.binning_data.json,2023-01-14 23:59:00.000,2023-01-14 23:59:00.000,com.sec.android.app.shealth,0,11671,1.2844,8403.12,490.18,sampleDeviceID,com.sec.android.app.shealth,3a9a01fe-20c7-434e-84c6-aa4e6e3464b7,1673654400000,
1fd07929-0f91-42c5-a72c-022e2bf58dad.binning_data.json,2023-01-15 23:59:00.000,2023-01-15 23:59:00.000,com.sec.android.app.shealth,0,10608,1.3129,7637.76,445.54,sampleDeviceID,com.sec.android.app.shealth,1fd07929-0f91-42c5-a72c-022e2bf58dad,1673740800000,
44e8de0b-ac8a-4b0c-87bd-8befe35040ec.binning_data.json,2023-01-16 23:59:00.000,2023-01-16 23:59:00.000,com.sec.android.app.shealth,0,4542,1.3656,3270.24,190.76,sampleDeviceID,com.sec.android.app.shealth,44e8de0b-ac8a-4b0c-87bd-8befe35040ec,1673827200000,
9b6bc94c-9eee-4d2c-801b-39f54c0d85f7.binning_data.json,2023-01-17 23:59:00.000,2023-01-17 23:59:00.000,com.sec.android.app.shealth,0,5862,1.3591,4220.64,246.2,sampleDeviceID,com.sec.android.app.shealth,9b6bc94c-9eee-4d2c-801b-39f54c0d85f7,1673913600000,
f2f9aa01-7891-4bb3-b866-8965e49356b7.binning_data.json,2023-01-18 23:59:00.000,2023-01-18 23:59:00.000,com.sec.android.app.shealth,0,5369,1.4885,3865.68,225.5,sampleDeviceID,com.sec.android.app.shealth,f2f9aa01-7891-4bb3-b866-8965e49356b7,1674000000000,
46c0818d-fa75-4629-a330-28e388cf7abc.binning_data.json,2023-01-19 23:59:00.000,2023-01-19 23:59:00.000,com.sec.android.app.shealth,0,4527,1.4079,3259.44,190.13,sampleDeviceID,com.sec.android.app.shealth,46c0818d-fa75-4629-a330-28e388cf7abc,1674086400000,
cf223f30-2cfc-4efa-927c-3b831249e98b.binning_data.json,2023-01-20 23:59:00.000,2023-01-20 23:59:00.000,com.sec.android.app.shealth,0,6154,1.3808,4430.88,258.47,sampleDeviceID,com.sec.android.app.shealth,cf223f30-2cfc-4efa-927c-3b831249e98b,1674172800000,
4f3f2b52-4045-4d9e-a668-33bfa0ccbc85.binning_data.json,2023-01-21 23:59:00.000,2023-01-21 23:59:00.000,com.sec.android.app.shealth,0,11981,1.2549,8626.32,503.2,sampleDeviceID,com.sec.android.app.shealth,4f3f2b52-4045-4d9e-a668-33bfa0ccbc85,1674259200000,
75989741-5fb2-430b-8252-149bc1d59162.binning_data.json,2023-01-22 23:59:00.000,2023-01-22 23:59:00.000,com.sec.android.app.shealth,0,5738,1.4836,4131.36,241,sampleDeviceID,com.sec.android.app.shealth,75989741-5fb2-430b-8252-149bc1d59162,1674345600000,
4d44b0e1-0442-4b52-9c21-2cc7d1fae99c.binning_data.json,2023-01-23 23:59:00.000,2023-01-23 23:59:00.000,com.sec.android.app.shealth,0,8894,1.4072,6403.68,373.55,sampleDeviceID,com.sec.android.app.shealth,4d44b0e1-0442-4b52-9c21-2cc7d1fae99c,1674432000000,
787d483d-ec81-4bd1-ac26-289effb48d18.binning_data.json,2023-01-24 23:59:00.000,2023-01-24 23:59:00.000,com.sec.android.app.shealth,0,7427,1.299,5347.44,311.93,sampleDeviceID,com.sec.android.app.shealth,787d483d-ec81-4bd1-ac26-289effb48d18,1674518400000,
34480050-3acb-416c-8bcb-65f554cdb6c7.binning_data.json,2023-01-25 23:59:00.000,2023-01-25 23:59:00.000,com.sec.android.app.shealth,0,6347,1.2784,4569.84,266.57,sampleDeviceID,com.sec.android.app.shealth,34480050-3acb-416c-8bcb-65f554cdb6c7,1674604800000,
446a024f-c3f8-445c-ad86-9503f73cd5ed.binning_data.json,2023-01-26 23:59:00.000,2023-01-26 23:59:00.000,com.sec.android.app.shealth,0,10596,1.2769,7629.12,445.03,sampleDeviceID,com.sec.android.app.shealth,446a024f-c3f8-445c-ad86-9503f73cd5ed,1674691200000,
93347732-2aa4-4528-91d7-40772ae5b366.binning_data.json,2023-01-27 23:59:00.000,2023-01-27 23:59:00.000,com.sec.android.app.shealth,0,5174,1.3592,3725.28,217.31,sampleDeviceID,com.sec.android.app.shealth,93347732-2aa4-4528-91d7-40772ae5b366,1674777600000,
15b8e994-d291-4d87-a07a-33b50c264bfa.binning_data.json,2023-01-28 23:59:00.000,2023-01-28 23:59:00.000,com.sec.android.app.shealth,0,9956,1.449,7168.32,418.15,sampleDeviceID,com.sec.android.app.shealth,15b8e994-d291-4d87-a07a-33b50c264bfa,1674864000000,
a8aa4294-60d8-4e0a-9a69-71da8e5217df.binning_data.json,2023-01-29 23:59:00.000,2023-01-29 23:59:00.000,com.sec.android.app.shealth,0,5865,1.4213,4222.8,246.33,sampleDeviceID,com.sec.android.app.shealth,a8aa4294-60d8-4e0a-9a69-71da8e5217df,1674950400000,
8ea59af9-eaa9-42a7-97d4-db7b0fb13914.binning_data.json,2023-01-30 23:59:00.000,2023-01-30 23:59:00.000,com.sec.android.app.shealth,0,6143,1.4266,4422.96,258.01,sampleDeviceID,com.sec.android.app.shealth,8ea59af9-eaa9-42a7-97d4-db7b0fb13914,1675036800000,
77d812bf-5acb-4d47-bbde-7012c1635148.binning_data.json,2023-01-31 23:59:00.000,2023-01-31 23:59:00.000,com.sec.android.app.shealth,0,9153,1.2913,6590.16,384.43,sampleDeviceID,com.sec.android.app.shealth,77d812bf-5acb-4d47-bbde-7012c1635148,1675123200000,
09cbfde1-e0aa-4195-ab8d-6e9706d789d0.binning_data.json,2023-02-01 23:59:00.000,2023-02-01 23:59:00.000,com.sec.android.app.shealth,0,6546,1.3715,4713.12,274.93,sampleDeviceID,com.sec.android.app.shealth,09cbfde1-e0aa-4195-ab8d-6e9706d789d0,1675209600000,
0c61e4a8-5e32-4946-85df-dad738bad320.binning_data.json,2023-02-02 23:59:00.000,2023-02-02 23:59:00.000,com.sec.android.app.shealth,0,8888,1.2997,6399.36,373.3,sampleDeviceID,com.sec.android.app.shealth,0c61e4a8-5e32-4946-85df-dad738bad320,1675296000000,
f6491855-cd44-4895-9554-8f48639197eb.binning_data.json,2023-02-03 23:59:00.000,2023-02-03 23:59:00.000,com.sec.android.app.shealth,0,9623,1.46,6928.56,404.17,sampleDeviceID,com.sec.android.app.shealth,f6491855-cd44-4895-9554-8f48639197eb,1675382400000,
8a27e125-9d50-4861-a040-61da5e4ae7f2.binning_data.json,2023-02-04 23:59:00.000,2023-02-04 23:59:00.000,com.sec.android.app.shealth,0,4992,1.3716,3594.24,209.66,sampleDeviceID,com.sec.android.app.shealth,8a27e125-9d50-4861-a040-61da5e4ae7f2,1675468800000,
db1308c9-5fca-4b1a-b35f-efac0996953a.binning_data.json,2023-02-05 23:59:00.000,2023-02-05 23:59:00.000,com.sec.android.app.shealth,0,4151,1.3805,2988.72,174.34,sampleDeviceID,com.sec.android.app.shealth,db1308c9-5fca-4b1a-b35f-efac0996953a,1675555200000,
f35a597d-acf5-4ab4-ac23-1814c741c0b0.binning_data.json,2023-02-06 23:59:00.000,2023-02-06 23:59:00.000,com.sec.android.app.shealth,0,5984,1.3025,4308.48,251.33,sampleDeviceID,com.sec.android.app.shealth,f35a597d-acf5-4ab4-ac23-1814c741c0b0,1675641600000,
14f9d7e3-7a4e-4e09-9ea6-9b9ea750dd56.binning_data.json,2023-02-07 23:59:00.000,2023-02-07 23:59:00.000,com.sec.android.app.shealth,0,5900,1.2684,4248,247.8,sampleDeviceID,com.sec.android.app.shealth,14f9d7e3-7a4e-4e09-9ea6-9b9ea750dd56,1675728000000,
1e908b2c-ce21-4884-811e-5c414f68c7d9.binning_data.json,2023-02-08 23:59:00.000,2023-02-08 23:59:00.000,com.sec.android.app.shealth,0,7289,1.3529,5248.08,306.14,sampleDeviceID,com.sec.android.app.shealth,1e908b2c-ce21-4884-811e-5c414f68c7d9,1675814400000,
64ec5636-f5b1-4ead-b030-6814f8e50102.binning_data.json,2023-02-09 23:59:00.000,2023-02-09 23:59:00.000,com.sec.android.app.shealth,0,6151,1.3963,4428.72,258.34,sampleDeviceID,com.sec.android.app.shealth,64ec5636-f5b1-4ead-b030-6814f8e50102,1675900800000,
e3baa605-0317-4311-ac3b-6c819d99f179.binning_data.json,2023-02-10 23:59:00.000,2023-02-10 23:59:00.000,com.sec.android.app.shealth,0,9528,1.486,6860.16,400.18,sampleDeviceID,com.sec.android.app.shealth,e3baa605-0317-4311-ac3b-6c819d99f179,1675987200000,
6924f929-9730-48c3-929c-c117931ea8ae.binning_data.json,2023-02-11 23:59:00.000,2023-02-11 23:59:00.000,com.sec.android.app.shealth,0,4352,1.4774,3133.44,182.78,sampleDeviceID,com.sec.android.app.shealth,6924f929-9730-48c3-929c-c117931ea8ae,1676073600000,
ab5df020-5925-491b-bcc9-ddf51e1c1804.binning_data.json,2023-02-12 23:59:00.000,2023-02-12 23:59:00.000,com.sec.android.app.shealth,0,12803,1.4855,9218.16,537.73,sampleDeviceID,com.sec.android.app.shealth,ab5df020-5925-491b-bcc9-ddf51e1c1804,1676160000000,
995d6a7c-12c9-44fb-9b62-1e0144e7f083.binning_data.json,2023-02-13 23:59:00.000,2023-02-13 23:59:00.000,com.sec.android.app.shealth,0,5784,1.3875,4164.48,242.93,sampleDeviceID,com.sec.android.app.shealth,995d6a7c-12c9-44fb-9b62-1e0144e7f083,1676246400000,
df21837b-a5ef-4d5a-a13b-18f47333f0c6.binning_data.json,2023-02-14 23:59:00.000,2023-02-14 23:59:00.000,com.sec.android.app.shealth,0,8208,1.2505,5909.76,344.74,sampleDeviceID,com.sec.android.app.shealth,df21837b-a5ef-4d5a-a13b-18f47333f0c6,1676332800000,
f5aca300-c125-4076-8500-00e23b402ae5.binning_data.json,2023-02-15 23:59:00.000,2023-02-15 23:59:00.000,com.sec.android.app.shealth,0,5647,1.3445,4065.84,237.17,sampleDeviceID,com.sec.android.app.shealth,f5aca300-c125-4076-8500-00e23b402ae5,1676419200000,
d678d3a1-4f0d-4707-bd4e-2980115f78dd.binning_data.json,2023-02-16 23:59:00.000,2023-02-16 23:59:00.000,com.sec.android.app.shealth,0,9064,1.3254,6526.08,380.69,sampleDeviceID,com.sec.android.app.shealth,d678d3a1-4f0d-4707-bd4e-2980115f78dd,1676505600000,
2463f4cb-a29b-4224-91bf-c26d710c9a9b.binning_data.json,2023-02-17 23:59:00.000,2023-02-17 23:59:00.000,com.sec.android.app.shealth,0,9947,1.3584,7161.84,417.77,sampleDeviceID,com.sec.android.app.shealth,2463f4cb-a29b-4224-91bf-c26d710c9a9b,1676592000000,
8607209c-09b9-4c88-ab92-10ae46e95804.binning_data.json,2023-02-18 23:59:00.000,2023-02-18 23:59:00.000,com.sec.android.app.shealth,0,8688,1.3286,6255.36,364.9,sampleDeviceID,com.sec.android.app.shealth,8607209c-09b9-4c88-ab92-10ae46e95804,1676678400000,
057934ca-2a2c-47f8-af4b-4b7352ae998e.binning_data.json,2023-02-19 23:59:00.000,2023-02-19 23:59:00.000,com.sec.android.app.shealth,0,12991,1.296,9353.52,545.62,sampleDeviceID,com.sec.android.app.shealth,057934ca-2a2c-47f8-af4b-4b7352ae998e,1676764800000,
07c2761b-d2bc-4bd9-9de4-93a7b7e31fd9.binning_data.json,2023-02-20 23:59:00.000,2023-02-20 23:59:00.000,com.sec.android.app.shealth,0,7323,1.3961,5272.56,307.57,sampleDeviceID,com.sec.android.app.shealth,07c2761b-d2bc-4bd9-9de4-93a7b7e31fd9,1676851200000,
3f9b6948-8fdb-4de6-b19f-ffe730b9fc3c.binning_data.json,2023-02-21 23:59:00.000,2023-02-21 23:59:00.000,com.sec.android.app.shealth,0,4617,1.447,3324.24,193.91,sampleDeviceID,com.sec.android.app.shealth,3f9b6948-8fdb-4de6-b19f-ffe730b9fc3c,1676937600000,
ed0bd51a-282e-4ca8-bdb4-c8e39b282cfa.binning_data.json,2023-02-22 23:59:00.000,2023-02-22 23:59:00.000,com.sec.android.app.shealth,0,10019,1.3179,7213.68,420.8,sampleDeviceID,com.sec.android.app.shealth,ed0bd51a-282e-4ca8-bdb4-c8e39b282cfa,1677024000000,
895ddca2-9054-4af6-904e-95a7019975f8.binning_data.json,2023-02-23 23:59:00.000,2023-02-23 23:59:00.000,com.sec.android.app.shealth,0,10204,1.4986,7346.88,428.57,sampleDeviceID,com.sec.android.app.shealth,895ddca2-9054-4af6-904e-95a7019975f8,1677110400000,
f2d30099-b3a1-480b-b644-d42921f0e0eb.binning_data.json,2023-02-24 23:59:00.000,2023-02-24 23:59:00.000,com.sec.android.app.shealth,0,8334,1.2695,6000.48,350.03,sampleDeviceID,com.sec.android.app.shealth,f2d30099-b3a1-480b-b644-d42921f0e0eb,1677196800000,
3ffbc753-890d-4aad-950f-fa23258a00e2.binning_data.json,2023-02-25 23:59:00.000,2023-02-25 23:59:00.000,com.sec.android.app.shealth,0,8495,1.2795,6116.4,356.79,sampleDeviceID,com.sec.android.app.shealth,3ffbc753-890d-4aad-950f-fa23258a00e2,1677283200000,
daade995-c3bf-497d-ae74-ade292574a12.binning_data.json,2023-02-26 23:59:00.000,2023-02-26 23:59:00.000,com.sec.android.app.shealth,0,5312,1.4373,3824.64,223.1,sampleDeviceID,com.sec.android.app.shealth,daade995-c3bf-497d-ae74-ade292574a12,1677369600000,
95e56d6c-37fa-4dd1-a731-000aac0d81e3.binning_data.json,2023-02-27 23:59:00.000,2023-02-27 23:59:00.000,com.sec.android.app.shealth,0,7834,1.3415,5640.48,329.03,sampleDeviceID,com.sec.android.app.shealth,95e56d6c-37fa-4dd1-a731-000aac0d81e3,1677456000000,
7184bd63-56aa-4db9-a292-25cd47377826.binning_data.json,2023-02-28 23:59:00.000,2023-02-28 23:59:00.000,com.sec.android.app.shealth,0,6109,1.4527,4398.48,256.58,sampleDeviceID,com.sec.android.app.shealth,7184bd63-56aa-4db9-a292-25cd47377826,1677542400000,
2152bd6e-02e3-4ce0-8857-bee2c232deb5.binning_data.json,2023-03-01 23:59:00.000,2023-03-01 23:59:00.000,com.sec.android.app.shealth,0,6866,1.4452,4943.52,288.37,sampleDeviceID,com.sec.android.app.shealth,2152bd6e-02e3-4ce0-8857-bee2c232deb5,1677628800000,
3e422c6a-1cf3-4df2-996d-eda29c3d4d97.binning_data.json,2023-03-02 23:59:00.000,2023-03-02 23:59:00.000,com.sec.android.app.shealth,0,8403,1.3301,6050.16,352.93,sampleDeviceID,com.sec.android.app.shealth,3e422c6a-1cf3-4df2-996d-eda29c3d4d97,1677715200000,
5a3945b2-5f7c-446d-a3a7-4e058607e560.binning_data.json,2023-03-03 23:59:00.000,2023-03-03 23:59:00.000,com.sec.android.app.shealth,0,10926,1.3167,7866.72,458.89,sampleDeviceID,com.sec.android.app.shealth,5a3945b2-5f7c-446d-a3a7-4e058607e560,1677801600000,
73e79243-a49c-41c3-b129-b889424abe31.binning_data.json,2023-03-04 23:59:00.000,2023-03-04 23:59:00.000,com.sec.android.app.shealth,0,13889,1.2691,10000.08,583.34,sampleDeviceID,com.sec.android.app.shealth,73e79243-a49c-41c3-b129-b889424abe31,1677888000000,
a2d428dd-a911-4137-a44b-5364abc666cf.binning_data.json,2023-03-05 23:59:00.000,2023-03-05 23:59:00.000,com.sec.android.app.shealth,0,10860,1.2927,7819.2,456.12,sampleDeviceID,com.sec.android.app.shealth,a2d428dd-a911-4137-a44b-5364abc666cf,1677974400000,
79179d34-5850-4e83-a922-58fa86866d66.binning_data.json,2023-03-06 23:59:00.000,2023-03-06 23:59:00.000,com.sec.android.app.shealth,0,5261,1.3916,3787.92,220.96,sampleDeviceID,com.sec.android.app.shealth,79179d34-5850-4e83-a922-58fa86866d66,1678060800000,
e84aaf67-262d-4227-8663-150ec37e28c2.binning_data.json,2023-03-07 23:59:00.000,2023-03-07 23:59:00.000,com.sec.android.app.shealth,0,10112,1.2737,7280.64,424.7,sampleDeviceID,com.sec.android.app.shealth,e84aaf67-262d-4227-8663-150ec37e28c2,1678147200000,
ffc50cd5-8297-477e-a7a0-5d2245d855d3.binning_data.json,2023-03-08 23:59:00.000,2023-03-08 23:59:00.000,com.sec.android.app.shealth,0,8688,1.2738,6255.36,364.9,sampleDeviceID,com.sec.android.app.shealth,ffc50cd5-8297-477e-a7a0-5d2245d855d3,1678233600000,
6472c00f-8d5b-4547-9543-74157f4008a2.binning_data.json,2023-03-09 23:59:00.000,2023-03-09 23:59:00.000,com.sec.android.app.shealth,0,6637,1.42,4778.64,278.75,sampleDeviceID,com.sec.android.app.shealth,6472c00f-8d5b-4547-9543-74157f4008a2,1678320000000,
f51a14ef-c84b-4626-b26a-d2a0958d80d6.binning_data.json,2023-03-10 23:59:00.000,2023-03-10 23:59:00.000,com.sec.android.app.shealth,0,9417,1.4857,6780.24,395.51,sampleDeviceID,com.sec.android.app.shealth,f51a14ef-c84b-4626-b26a-d2a0958d80d6,1678406400000,
685cd289-5f64-4270-bcba-351ec4efdd02.binning_data.json,2023-03-11 23:59:00.000,2023-03-11 23:59:00.000,com.sec.android.app.shealth,0,4701,1.3802,3384.72,197.44,sampleDeviceID,com.sec.android.app.shealth,685cd289-5f64-4270-bcba-351ec4efdd02,1678492800000,
98eec861-d85e-4a12-bf02-87892681836a.binning_data.json,2023-03-12 23:59:00.000,2023-03-12 23:59:00.000,com.sec.android.app.shealth,0,10660,1.4424,7675.2,447.72,sampleDeviceID,com.sec.android.app.shealth,98eec861-d85e-4a12-bf02-87892681836a,1678579200000,
8faafc5f-c5b0-4307-bb9f-7d9f6f3a8c6c.binning_data.json,2023-03-13 23:59:00.000,2023-03-13 23:59:00.000,com.sec.android.app.shealth,0,7694,1.4676,5539.68,323.15,sampleDeviceID,com.sec.android.app.shealth,8faafc5f-c5b0-4307-bb9f-7d9f6f3a8c6c,1678665600000,
a7cc0a0a-1867-4bbb-9e8c-3b7555f5824b.binning_data.json,2023-03-14 23:59:00.000,2023-03-14 23:59:00.000,com.sec.android.app.shealth,0,7126,1.3343,5130.72,299.29,sampleDeviceID,com.sec.android.app.shealth,a7cc0a0a-1867-4bbb-9e8c-3b7555f5824b,1678752000000,
ca66869d-0d56-4453-b2a2-3d5793f0e8f4.binning_data.json,2023-03-15 23:59:00.000,2023-03-15 23:59:00.000,com.sec.android.app.shealth,0,5321,1.4238,3831.12,223.48,sampleDeviceID,com.sec.android.app.shealth,ca66869d-0d56-4453-b2a2-3d5793f0e8f4,1678838400000,
03d22be4-9eaa-4537-8654-a0d2f04cd4d5.binning_data.json,2023-03-16 23:59:00.000,2023-03-16 23:59:00.000,com.sec.android.app.shealth,0,8757,1.3213,6305.04,367.79,sampleDeviceID,com.sec.android.app.shealth,03d22be4-9eaa-4537-8654-a0d2f04cd4d5,1678924800000,
f74a8c00-1fa4-45d3-a68d-708f9573c42d.binning_data.json,2023-03-17 23:59:00.000,2023-03-17 23:59:00.000,com.sec.android.app.shealth,0,5984,1.2768,4308.48,251.33,sampleDeviceID,com.sec.android.app.shealth,f74a8c00-1fa4-45d3-a68d-708f9573c42d,1679011200000,
36120a5b-8046-4ba9-92e1-fabc8c7e11c4.binning_data.json,2023-03-18 23:59:00.000,2023-03-18 23:59:00.000,com.sec.android.app.shealth,0,11633,1.2581,8375.76,488.59,sampleDeviceID,com.sec.android.app.shealth,36120a5b-8046-4ba9-92e1-fabc8c7e11c4,1679097600000,
2eee5eeb-c11c-4a14-915a-eb1683c886f9.binning_data.json,2023-03-19 23:59:00.000,2023-03-19 23:59:00.000,com.sec.android.app.shealth,0,3871,1.2873,2787.12,162.58,sampleDeviceID,com.sec.android.app.shealth,2eee5eeb-c11c-4a14-915a-eb1683c886f9,1679184000000,
b8b3d54b-4a69-46cc-bdc1-16a5f2241229.binning_data.json,2023-03-20 23:59:00.000,2023-03-20 23:59:00.000,com.sec.android.app.shealth,0,6571,1.3468,4731.12,275.98,sampleDeviceID,com.sec.android.app.shealth,b8b3d54b-4a69-46cc-bdc1-16a5f2241229,1679270400000,
341c1240-97d4-4782-b313-49ef6cc121b9.binning_data.json,2023-03-21 23:59:00.000,2023-03-21 23:59:00.000,com.sec.android.app.shealth,0,9553,1.4746,6878.16,401.23,sampleDeviceID,com.sec.android.app.shealth,341c1240-97d4-4782-b313-49ef6cc121b9,1679356800000,
06e3f5c3-0a81-4ee7-b9d8-4f77bbe76c19.binning_data.json,2023-03-22 23:59:00.000,2023-03-22 23:59:00.000,com.sec.android.app.shealth,0,7087,1.4641,5102.64,297.65,sampleDeviceID,com.sec.android.app.shealth,06e3f5c3-0a81-4ee7-b9d8-4f77bbe76c19,1679443200000,
6158bd20-d6ba-45fb-bb5a-9f145543a67d.binning_data.json,2023-03-23 23:59:00.000,2023-03-23 23:59:00.000,com.sec.android.app.shealth,0,4713,1.3164,3393.36,197.95,sampleDeviceID,com.sec.android.app.shealth,6158bd20-d6ba-45fb-bb5a-9f145543a67d,1679529600000,
e703dd26-55ee-4a72-bcf8-ad833c2aa4ae.binning_data.json,2023-03-24 23:59:00.000,2023-03-24 23:59:00.000,com.sec.android.app.shealth,0,9775,1.4829,7038,410.55,sampleDeviceID,com.sec.android.app.shealth,e703dd26-55ee-4a72-bcf8-ad833c2aa4ae,1679616000000,
03f7d14d-5feb-448c-8ac3-02496caa78a7.binning_data.json,2023-03-25 23:59:00.000,2023-03-25 23:59:00.000,com.sec.android.app.shealth,0,10497,1.4099,7557.84,440.87,sampleDeviceID,com.sec.android.app.shealth,03f7d14d-5feb-448c-8ac3-02496caa78a7,1679702400000,
5a544915-afbf-4e9e-ba68-277200189c97.binning_data.json,2023-03-26 23:59:00.000,2023-03-26 23:59:00.000,com.sec.android.app.shealth,0,4737,1.4715,3410.64,198.95,sampleDeviceID,com.sec.android.app.shealth,5a544915-afbf-4e9e-ba68-277200189c97,1679788800000,
def9814e-1707-4f85-9cbb-07f987b1b1b5.binning_data.json,2023-03-27 23:59:00.000,2023-03-27 23:59:00.000,com.sec.android.app.shealth,0,5032,1.4462,3623.04,211.34,sampleDeviceID,com.sec.android.app.shealth,def9814e-1707-4f85-9cbb-07f987b1b1b5,1679875200000,
0ccf753d-3490-4c78-9b78-07cfeb234dee.binning_data.json,2023-03-28 23:59:00.000,2023-03-28 23:59:00.000,com.sec.android.app.shealth,0,6154,1.3763,4430.88,258.47,sampleDeviceID,com.sec.android.app.shealth,0ccf753d-3490-4c78-9b78-07cfeb234dee,1679961600000,
33e3c171-9995-473e-8aa5-8dfd20372d39.binning_data.json,2023-03-29 23:59:00.000,2023-03-29 23:59:00.000,com.sec.android.app.shealth,0,6082,1.397,4379.04,255.44,sampleDeviceID,com.sec.android.app.shealth,33e3c171-9995-473e-8aa5-8dfd20372d39,1680048000000,
2cf2038a-9d99-4799-b3f4-62e9726d46f7.binning_data.json,2023-03-30 23:59:00.000,2023-03-30 23:59:00.000,com.sec.android.app.shealth,0,7132,1.303,5135.04,299.54,sampleDeviceID,com.sec.android.app.shealth,2cf2038a-9d99-4799-b3f4-62e9726d46f7,1680134400000,
582f8e73-b5ce-4459-be44-23317e6cd159.binning_data.json,2023-03-31 23:59:00.000,2023-03-31 23:59:00.000,com.sec.android.app.shealth,0,9425,1.4929,6786,395.85,sampleDeviceID,com.sec.android.app.shealth,582f8e73-b5ce-4459-be44-23317e6cd159,1680220800000,
44c86291-efbb-4bfc-a0d5-a14f6c2e1729.binning_data.json,2023-04-01 23:59:00.000,2023-04-01 23:59:00.000,com.sec.android.app.shealth,0,9264,1.3796,6670.08,389.09,sampleDeviceID,com.sec.android.app.shealth,44c86291-efbb-4bfc-a0d5-a14f6c2e1729,1680307200000,
0e14a6ce-0b64-44e4-810f-d5f1118cf825.binning_data.json,2023-04-02 23:59:00.000,2023-04-02 23:59:00.000,com.sec.android.app.shealth,0,13585,1.2504,9781.2,570.57,sampleDeviceID,com.sec.android.app.shealth,0e14a6ce-0b64-44e4-810f-d5f1118cf825,1680393600000,
c7691972-04e3-47f5-b05f-9aacb5aae957.binning_data.json,2023-04-03 23:59:00.000,2023-04-03 23:59:00.000,com.sec.android.app.shealth,0,9766,1.3679,7031.52,410.17,sampleDeviceID,com.sec.android.app.shealth,c7691972-04e3-47f5-b05f-9aacb5aae957,1680480000000,
9c57294e-c737-48ab-97cd-d6d442d20c1b.binning_data.json,2023-04-04 23:59:00.000,2023-04-04 23:59:00.000,com.sec.android.app.shealth,0,9379,1.3047,6752.88,393.92,sampleDeviceID,com.sec.android.app.shealth,9c57294e-c737-48ab-97cd-d6d442d20c1b,1680566400000,
b37d785e-10a9-48aa-acc3-202eff066d40.binning_data.json,2023-04-05 23:59:00.000,2023-04-05 23:59:00.000,com.sec.android.app.shealth,0,8499,1.3397,6119.28,356.96,sampleDeviceID,com.sec.android.app.shealth,b37d785e-10a9-48aa-acc3-202eff066d40,1680652800000,
c3781e82-7acc-41e6-b381-19d178407e18.binning_data.json,2023-04-06 23:59:00.000,2023-04-06 23:59:00.000,com.sec.android.app.shealth,0,7089,1.3964,5104.08,297.74,sampleDeviceID,com.sec.android.app.shealth,c3781e82-7acc-41e6-b381-19d178407e18,1680739200000,
c3354ea4-320f-4566-9c35-bbeacfc37495.binning_data.json,2023-04-07 23:59:00.000,2023-04-07 23:59:00.000,com.sec.android.app.shealth,0,8499,1.3242,6119.28,356.96,sampleDeviceID,com.sec.android.app.shealth,c3354ea4-320f-4566-9c35-bbeacfc37495,1680825600000,
48231753-f664-4068-8730-22be6ea074c2.binning_data.json,2023-04-08 23:59:00.000,2023-04-08 23:59:00.000,com.sec.android.app.shealth,0,7647,1.4574,5505.84,321.17,sampleDeviceID,com.sec.android.app.shealth,48231753-f664-4068-8730-22be6ea074c2,1680912000000,
28477fe4-21a7-45ad-8d53-8774022200d5.binning_data.json,2023-04-09 23:59:00.000,2023-04-09 23:59:00.000,com.sec.android.app.shealth,0,11092,1.3215,7986.24,465.86,sampleDeviceID,com.sec.android.app.shealth,28477fe4-21a7-45ad-8d53-8774022200d5,1680998400000,
15699680-b50e-458c-8d81-7014f04c0c63.binning_data.json,2023-04-10 23:59:00.000,2023-04-10 23:59:00.000,com.sec.android.app.shealth,0,8002,1.3288,5761.44,336.08,sampleDeviceID,com.sec.android.app.shealth,15699680-b50e-458c-8d81-7014f04c0c63,1681084800000,
3b4f395c-7576-4949-b64f-c7f688ac7a27.binning_data.json,2023-04-11 23:59:00.000,2023-04-11 23:59:00.000,com.sec.android.app.shealth,0,9887,1.4276,7118.64,415.25,sampleDeviceID,com.sec.android.app.shealth,3b4f395c-7576-4949-b64f-c7f688ac7a27,1681171200000,
f59948de-f9d4-4e7f-9959-1c8fe3f6949f.binning_data.json,2023-04-12 23:59:00.000,2023-04-12 23:59:00.000,com.sec.android.app.shealth,0,10717,1.3911,7716.24,450.11,sampleDeviceID,com.sec.android.app.shealth,f59948de-f9d4-4e7f-9959-1c8fe3f6949f,1681257600000,
17000307-e6bd-4662-868b-8b79dba827f6.binning_data.json,2023-04-13 23:59:00.000,2023-04-13 23:59:00.000,com.sec.android.app.shealth,0,5986,1.4083,4309.92,251.41,sampleDeviceID,com.sec.android.app.shealth,17000307-e6bd-4662-868b-8b79dba827f6,1681344000000,
d0fe5400-88e9-4487-b5e7-d04782e436cb.binning_data.json,2023-04-14 23:59:00.000,2023-04-14 23:59:00.000,com.sec.android.app.shealth,0,10594,1.2585,7627.68,444.95,sampleDeviceID,com.sec.android.app.shealth,d0fe5400-88e9-4487-b5e7-d04782e436cb,1681430400000,
6dc1da85-95b0-4b6e-a544-7c02ba7b0e3f.binning_data.json,2023-04-15 23:59:00.000,2023-04-15 23:59:00.000,com.sec.android.app.shealth,0,3620,1.3628,2606.4,152.04,sampleDeviceID,com.sec.android.app.shealth,6dc1da85-95b0-4b6e-a544-7c02ba7b0e3f,1681516800000,
13218d7a-e2ac-4d8a-8a27-bc9414302e3b.binning_data.json,2023-04-16 23:59:00.000,2023-04-16 23:59:00.000,com.sec.android.app.shealth,0,11810,1.482,8503.2,496.02,sampleDeviceID,com.sec.android.app.shealth,13218d7a-e2ac-4d8a-8a27-bc9414302e3b,1681603200000,
e3967737-74d5-467a-a7e7-ef1f115f6cae.binning_data.json,2023-04-17 23:59:00.000,2023-04-17 23:59:00.000,com.sec.android.app.shealth,0,7829,1.486,5636.88,328.82,sampleDeviceID,com.sec.android.app.shealth,e3967737-74d5-467a-a7e7-ef1f115f6cae,1681689600000,
f3a9922c-2a69-419d-a9ae-04c1dbe7c11c.binning_data.json,2023-04-18 23:59:00.000,2023-04-18 23:59:00.000,com.sec.android.app.shealth,0,6624,1.2815,4769.28,278.21,sampleDeviceID,com.sec.android.app.shealth,f3a9922c-2a69-419d-a9ae-04c1dbe7c11c,1681776000000,
0e0c6cff-f810-4bf3-bc7c-89191332ff91.binning_data.json,2023-04-19 23:59:00.000,2023-04-19 23:59:00.000,com.sec.android.app.shealth,0,10593,1.2804,7626.96,444.91,sampleDeviceID,com.sec.android.app.shealth,0e0c6cff-f810-4bf3-bc7c-89191332ff91,1681862400000,
f66f137b-f9a5-4fb4-ada8-b46da56332c3.binning_data.json,2023-04-20 23:59:00.000,2023-04-20 23:59:00.000,com.sec.android.app.shealth,0,10168,1.3417,7320.96,427.06,sampleDeviceID,com.sec.android.app.shealth,f66f137b-f9a5-4fb4-ada8-b46da56332c3,1681948800000,
29f73105-90f3-401e-8b51-0e899025c448.binning_data.json,2023-04-21 23:59:00.000,2023-04-21 23:59:00.000,com.sec.android.app.shealth,0,9806,1.4402,7060.32,411.85,sampleDeviceID,com.sec.android.app.shealth,29f73105-90f3-401e-8b51-0e899025c448,1682035200000,
4a46f2a5-9535-4d79-9086-3efa73b77b0a.binning_data.json,2023-04-22 23:59:00.000,2023-04-22 23:59:00.000,com.sec.android.app.shealth,0,6036,1.4966,4345.92,253.51,sampleDeviceID,com.sec.android.app.shealth,4a46f2a5-9535-4d79-9086-3efa73b77b0a,1682121600000,
3d384283-bf41-4f66-8b8f-2afc62f7863b.binning_data.json,2023-04-23 23:59:00.000,2023-04-23 23:59:00.000,com.sec.android.app.shealth,0,7963,1.3301,5733.36,334.45,sampleDeviceID,com.sec.android.app.shealth,3d384283-bf41-4f66-8b8f-2afc62f7863b,1682208000000,
c4aa5907-de31-42fb-bcd5-0283df99a3ea.binning_data.json,2023-04-24 23:59:00.000,2023-04-24 23:59:00.000,com.sec.android.app.shealth,0,10563,1.2727,7605.36,443.65,sampleDeviceID,com.sec.android.app.shealth,c4aa5907-de31-42fb-bcd5-0283df99a3ea,1682294400000,
a29cadc6-fd8e-44c5-a177-20f2f3b0a8c4.binning_data.json,2023-04-25 23:59:00.000,2023-04-25 23:59:00.000,com.sec.android.app.shealth,0,9055,1.3798,6519.6,380.31,sampleDeviceID,com.sec.android.app.shealth,a29cadc6-fd8e-44c5-a177-20f2f3b0a8c4,1682380800000,
177b82f9-6d1c-4f1d-9f24-93ea6ba47632.binning_data.json,2023-04-26 23:59:00.000,2023-04-26 23:59:00.000,com.sec.android.app.shealth,0,4867,1.4845,3504.24,204.41,sampleDeviceID,com.sec.android.app.shealth,177b82f9-6d1c-4f1d-9f24-93ea6ba47632,1682467200000,
36aefb19-1a3a-4bad-aeff-1227fb3bb7ca.binning_data.json,2023-04-27 23:59:00.000,2023-04-27 23:59:00.000,com.sec.android.app.shealth,0,5788,1.4175,4167.36,243.1,sampleDeviceID,com.sec.android.app.shealth,36aefb19-1a3a-4bad-aeff-1227fb3bb7ca,1682553600000,
15262b74-9890-4379-8c00-8fcd81f9bf9c.binning_data.json,2023-04-28 23:59:00.000,2023-04-28 23:59:00.000,com.sec.android.app.shealth,0,8970,1.3368,6458.4,376.74,sampleDeviceID,com.sec.android.app.shealth,15262b74-9890-4379-8c00-8fcd81f9bf9c,1682640000000,
d4cda082-5eeb-4dd2-87f4-435d977aa121.binning_data.json,2023-04-29 23:59:00.000,2023-04-29 23:59:00.000,com.sec.android.app.shealth,0,10733,1.2928,7727.76,450.79,sampleDeviceID,com.sec.android.app.shealth,d4cda082-5eeb-4dd2-87f4-435d977aa121,1682726400000,
2ba2822c-1679-4556-9da8-62f0a93630be.binning_data.json,2023-04-30 23:59:00.000,2023-04-30 23:59:00.000,com.sec.android.app.shealth,0,6926,1.3678,4986.72,290.89,sampleDeviceID,com.sec.android.app.shealth,2ba2822c-1679-4556-9da8-62f0a93630be,1682812800000,
50bb991f-aad2-4aba-9b12-e6c6cc6f98d7.binning_data.json,2023-05-01 23:59:00.000,2023-05-01 23:59:00.000,com.sec.android.app.shealth,0,6208,1.467,4469.76,260.74,sampleDeviceID,com.sec.android.app.shealth,50bb991f-aad2-4aba-9b12-e6c6cc6f98d7,1682899200000,
213b7b97-f9c8-4460-971d-3fe18f6fa522.binning_data.json,2023-05-02 23:59:00.000,2023-05-02 23:59:00.000,com.sec.android.app.shealth,0,8377,1.3973,6031.44,351.83,sampleDeviceID,com.sec.android.app.shealth,213b7b97-f9c8-4460-971d-3fe18f6fa522,1682985600000,
02d2b9c6-a5dd-4e59-8707-998586ba3545.binning_data.json,2023-05-03 23:59:00.000,2023-05-03 23:59:00.000,com.sec.android.app.shealth,0,9182,1.4422,6611.04,385.64,sampleDeviceID,com.sec.android.app.shealth,02d2b9c6-a5dd-4e59-8707-998586ba3545,1683072000000,
3aca79cc-0da7-4b4f-b26e-04a85cbc9975.binning_data.json,2023-05-04 23:59:00.000,2023-05-04 23:59:00.000,com.sec.android.app.shealth,0,5615,1.4451,4042.8,235.83,sampleDeviceID,com.sec.android.app.shealth,3aca79cc-0da7-4b4f-b26e-04a85cbc9975,1683158400000,
a7930fd5-b3f2-453d-bb4b-63d0d0a3b93b.binning_data.json,2023-05-05 23:59:00.000,2023-05-05 23:59:00.000,com.sec.android.app.shealth,0,5362,1.4535,3860.64,225.2,sampleDeviceID,com.sec.android.app.shealth,a7930fd5-b3f2-453d-bb4b-63d0d0a3b93b,1683244800000,
cd9a9cf6-8ef7-4bdb-8edd-53d3a2185441.binning_data.json,2023-05-06 23:59:00.000,2023-05-06 23:59:00.000,com.sec.android.app.shealth,0,6273,1.3559,4516.56,263.47,sampleDeviceID,com.sec.android.app.shealth,cd9a9cf6-8ef7-4bdb-8edd-53d3a2185441,1683331200000,
bf27e8cd-afab-463b-9db7-e5b2957b7bde.binning_data.json,2023-05-07 23:59:00.000,2023-05-07 23:59:00.000,com.sec.android.app.shealth,0,6880,1.3718,4953.6,288.96,sampleDeviceID,com.sec.android.app.shealth,bf27e8cd-afab-463b-9db7-e5b2957b7bde,1683417600000,
977b3235-ff5c-468b-81b1-c790a8a6b765.binning_data.json,2023-05-08 23:59:00.000,2023-05-08 23:59:00.000,com.sec.android.app.shealth,0,10576,1.3374,7614.72,444.19,sampleDeviceID,com.sec.android.app.shealth,977b3235-ff5c-468b-81b1-c790a8a6b765,1683504000000,
690b561e-2356-4039-ad97-4d0a36a565ed.binning_data.json,2023-05-09 23:59:00.000,2023-05-09 23:59:00.000,com.sec.android.app.shealth,0,6235,1.2732,4489.2,261.87,sampleDeviceID,com.sec.android.app.shealth,690b561e-2356-4039-ad97-4d0a36a565ed,1683590400000,
48c67d9c-0dbb-46a9-828e-aa5d3e21485d.binning_data.json,2023-05-10 23:59:00.000,2023-05-10 23:59:00.000,com.sec.android.app.shealth,0,4620,1.2729,3326.4,194.04,sampleDeviceID,com.sec.android.app.shealth,48c67d9c-0dbb-46a9-828e-aa5d3e21485d,1683676800000,
dc40c4c0-e05e-46fe-96c0-c3ab3c7d8b6c.binning_data.json,2023-05-11 23:59:00.000,2023-05-11 23:59:00.000,com.sec.android.app.shealth,0,7972,1.3338,5739.84,334.82,sampleDeviceID,com.sec.android.app.shealth,dc40c4c0-e05e-46fe-96c0-c3ab3c7d8b6c,1683763200000,
b42902f2-0d0a-412e-bf68-b994cc09e094.binning_data.json,2023-05-12 23:59:00.000,2023-05-12 23:59:00.000,com.sec.android.app.shealth,0,4501,1.2806,3240.72,189.04,sampleDeviceID,com.sec.android.app.shealth,b42902f2-0d0a-412e-bf68-b994cc09e094,1683849600000,
f74e532a-e55d-453b-9d49-b03d94514049.binning_data.json,2023-05-13 23:59:00.000,2023-05-13 23:59:00.000,com.sec.android.app.shealth,0,12538,1.2554,9027.36,526.6,sampleDeviceID,com.sec.android.app.shealth,f74e532a-e55d-453b-9d49-b03d94514049,1683936000000,
e8461132-b1d8-4705-a2c0-ba9ada916d46.binning_data.json,2023-05-14 23:59:00.000,2023-05-14 23:59:00.000,com.sec.android.app.shealth,0,13619,1.3401,9805.68,572,sampleDeviceID,com.sec.android.app.shealth,e8461132-b1d8-4705-a2c0-ba9ada916d46,1684022400000,
b3da7a37-2ff9-4b29-aafa-1523d40ca3ad.binning_data.json,2023-05-15 23:59:00.000,2023-05-15 23:59:00.000,com.sec.android.app.shealth,0,5610,1.3711,4039.2,235.62,sampleDeviceID,com.sec.android.app.shealth,b3da7a37-2ff9-4b29-aafa-1523d40ca3ad,1684108800000,
720f74f6-02ae-4861-9fd9-d587c0bb427a.binning_data.json,2023-05-16 23:59:00.000,2023-05-16 23:59:00.000,com.sec.android.app.shealth,0,7849,1.323,5651.28,329.66,sampleDeviceID,com.sec.android.app.shealth,720f74f6-02ae-4861-9fd9-d587c0bb427a,1684195200000,
c6ade93a-cced-450d-99cb-c2e64840ee1c.binning_data.json,2023-05-17 23:59:00.000,2023-05-17 23:59:00.000,com.sec.android.app.shealth,0,6249,1.3296,4499.28,262.46,sampleDeviceID,com.sec.android.app.shealth,c6ade93a-cced-450d-99cb-c2e64840ee1c,1684281600000,
83640a6f-1aba-42e4-896e-df067b6d677a.binning_data.json,2023-05-18 23:59:00.000,2023-05-18 23:59:00.000,com.sec.android.app.shealth,0,9611,1.2615,6919.92,403.66,sampleDeviceID,com.sec.android.app.shealth,83640a6f-1aba-42e4-896e-df067b6d677a,1684368000000,
05848332-d1e4-463b-854a-76902d20da0e.binning_data.json,2023-05-19 23:59:00.000,2023-05-19 23:59:00.000,com.sec.android.app.shealth,0,9595,1.3364,6908.4,402.99,sampleDeviceID,com.sec.android.app.shealth,05848332-d1e4-463b-854a-76902d20da0e,1684454400000,
2aefe043-e046-4bd7-8578-9cd44d53afdb.binning_data.json,2023-05-20 23:59:00.000,2023-05-20 23:59:00.000,com.sec.android.app.shealth,0,8114,1.3137,5842.08,340.79,sampleDeviceID,com.sec.android.app.shealth,2aefe043-e046-4bd7-8578-9cd44d53afdb,1684540800000,
e2f1c552-c508-4916-9cc7-03b699b92b9b.binning_data.json,2023-05-21 23:59:00.000,2023-05-21 23:59:00.000,com.sec.android.app.shealth,0,8868,1.4373,6384.96,372.46,sampleDeviceID,com.sec.android.app.shealth,e2f1c552-c508-4916-9cc7-03b699b92b9b,1684627200000,
1f78e1fc-80f4-4c53-beae-dcdb604a965c.binning_data.json,2023-05-22 23:59:00.000,2023-05-22 23:59:00.000,com.sec.android.app.shealth,0,9807,1.4054,7061.04,411.89,sampleDeviceID,com.sec.android.app.shealth,1f78e1fc-80f4-4c53-beae-dcdb604a965c,1684713600000,
133e55e6-727f-47c2-8179-7fb3b3a2b9f5.binning_data.json,2023-05-23 23:59:00.000,2023-05-23 23:59:00.000,com.sec.android.app.shealth,0,9555,1.3835,6879.6,401.31,sampleDeviceID,com.sec.android.app.shealth,133e55e6-727f-47c2-8179-7fb3b3a2b9f5,1684800000000,
4b4f5322-0a8a-447a-a3b8-3aeb9627c062.binning_data.json,2023-05-24 23:59:00.000,2023-05-24 23:59:00.000,com.sec.android.app.shealth,0,8551,1.2536,6156.72,359.14,sampleDeviceID,com.sec.android.app.shealth,4b4f5322-0a8a-447a-a3b8-3aeb9627c062,1684886400000,
e0ad1f55-4777-4030-bd41-3c81cc1c273e.binning_data.json,2023-05-25 23:59:00.000,2023-05-25 23:59:00.000,com.sec.android.app.shealth,0,6441,1.2906,4637.52,270.52,sampleDeviceID,com.sec.android.app.shealth,e0ad1f55-4777-4030-bd41-3c81cc1c273e,1684972800000,
58dd1c75-7033-48f7-a589-c2f4a34ec7b9.binning_data.json,2023-05-26 23:59:00.000,2023-05-26 23:59:00.000,com.sec.android.app.shealth,0,10318,1.4157,7428.96,433.36,sampleDeviceID,com.sec.android.app.shealth,58dd1c75-7033-48f7-a589-c2f4a34ec7b9,1685059200000,
51951fcf-9717-4c33-8f00-448ed638afbc.binning_data.json,2023-05-27 23:59:00.000,2023-05-27 23:59:00.000,com.sec.android.app.shealth,0,8307,1.454,5981.04,348.89,sampleDeviceID,com.sec.android.app.shealth,51951fcf-9717-4c33-8f00-448ed638afbc,1685145600000,
be547366-ad6e-4e5e-b41c-c5fdfd4344fa.binning_data.json,2023-05-28 23:59:00.000,2023-05-28 23:59:00.000,com.sec.android.app.shealth,0,7959,1.2918,5730.48,334.28,sampleDeviceID,com.sec.android.app.shealth,be547366-ad6e-4e5e-b41c-c5fdfd4344fa,1685232000000,
8d6ef064-0398-461b-acc9-72d9f98c7ef2.binning_data.json,2023-05-29 23:59:00.000,2023-05-29 23:59:00.000,com.sec.android.app.shealth,0,5775,1.4877,4158,242.55,sampleDeviceID,com.sec.android.app.shealth,8d6ef064-0398-461b-acc9-72d9f98c7ef2,1685318400000,
9ec49c3c-9755-4cf2-b36a-24881e3d548a.binning_data.json,2023-05-30 23:59:00.000,2023-05-30 23:59:00.000,com.sec.android.app.shealth,0,5744,1.2907,4135.68,241.25,sampleDeviceID,com.sec.android.app.shealth,9ec49c3c-9755-4cf2-b36a-24881e3d548a,1685404800000,
88b884e5-2d13-44f9-81ca-511314ce4608.binning_data.json,2023-05-31 23:59:00.000,2023-05-31 23:59:00.000,com.sec.android.app.shealth,0,8806,1.358,6340.32,369.85,sampleDeviceID,com.sec.android.app.shealth,88b884e5-2d13-44f9-81ca-511314ce4608,1685491200000,
b136cf4a-05a5-4f79-9e31-075df9d5019d.binning_data.json,2023-06-01 23:59:00.000,2023-06-01 23:59:00.000,com.sec.android.app.shealth,0,4600,1.3346,3312,193.2,sampleDeviceID,com.sec.android.app.shealth,b136cf4a-05a5-4f79-9e31-075df9d5019d,1685577600000,
a31b878a-6b36-4e78-8fe7-3ee72df084f5.binning_data.json,2023-06-02 23:59:00.000,2023-06-02 23:59:00.000,com.sec.android.app.shealth,0,5006,1.3745,3604.32,210.25,sampleDeviceID,com.sec.android.app.shealth,a31b878a-6b36-4e78-8fe7-3ee72df084f5,1685664000000,
86f86d02-61f4-4f78-81a4-69bea5f48894.binning_data.json,2023-06-03 23:59:00.000,2023-06-03 23:59:00.000,com.sec.android.app.shealth,0,10073,1.4833,7252.56,423.07,sampleDeviceID,com.sec.android.app.shealth,86f86d02-61f4-4f78-81a4-69bea5f48894,1685750400000,
5e9db07a-1595-4ab5-9eaf-54a2542efc33.binning_data.json,2023-06-04 23:59:00.000,2023-06-04 23:59:00.000,com.sec.android.app.shealth,0,8370,1.482,6026.4,351.54,sampleDeviceID,com.sec.android.app.shealth,5e9db07a-1595-4ab5-9eaf-54a2542efc33,1685836800000,
c1f3dfa8-477d-4601-ae0e-596281840b3b.binning_data.json,2023-06-05 23:59:00.000,2023-06-05 23:59:00.000,com.sec.android.app.shealth,0,10294,1.4738,7411.68,432.35,sampleDeviceID,com.sec.android.app.shealth,c1f3dfa8-477d-4601-ae0e-596281840b3b,1685923200000,
185a70f2-0e9a-4c0f-ad52-3ddb84425274.binning_data.json,2023-06-06 23:59:00.000,2023-06-06 23:59:00.000,com.sec.android.app.shealth,0,4593,1.2777,3306.96,192.91,sampleDeviceID,com.sec.android.app.shealth,185a70f2-0e9a-4c0f-ad52-3ddb84425274,1686009600000,
2f3b092f-e00b-4f75-add7-7312b6ee3e5d.binning_data.json,2023-06-07 23:59:00.000,2023-06-07 23:59:00.000,com.sec.android.app.shealth,0,9041,1.3878,6509.52,379.72,sampleDeviceID,com.sec.android.app.shealth,2f3b092f-e00b-4f75-add7-7312b6ee3e5d,1686096000000,
59916b64-3fa5-4f34-9eb8-9c675bf18d33.binning_data.json,2023-06-08 23:59:00.000,2023-06-08 23:59:00.000,com.sec.android.app.shealth,0,5988,1.2994,4311.36,251.5,sampleDeviceID,com.sec.android.app.shealth,59916b64-3fa5-4f34-9eb8-9c675bf18d33,1686182400000,
a2047b7f-3ec6-4170-b553-929c006f4556.binning_data.json,2023-06-09 23:59:00.000,2023-06-09 23:59:00.000,com.sec.android.app.shealth,0,10292,1.393,7410.24,432.26,sampleDeviceID,com.sec.android.app.shealth,a2047b7f-3ec6-4170-b553-929c006f4556,1686268800000,
ee7e408f-6eb3-4937-8e2a-f626960c3880.binning_data.json,2023-06-10 23:59:00.000,2023-06-10 23:59:00.000,com.sec.android.app.shealth,0,8219,1.3269,5917.68,345.2,sampleDeviceID,com.sec.android.app.shealth,ee7e408f-6eb3-4937-8e2a-f626960c3880,1686355200000,
a9b05a21-0b6b-4567-a3c6-9b53631778f5.binning_data.json,2023-06-11 23:59:00.000,2023-06-11 23:59:00.000,com.sec.android.app.shealth,0,10101,1.4221,7272.72,424.24,sampleDeviceID,com.sec.android.app.shealth,a9b05a21-0b6b-4567-a3c6-9b53631778f5,1686441600000,
f035e8cc-318c-4d5a-a8df-c54a7a843db0.binning_data.json,2023-06-12 23:59:00.000,2023-06-12 23:59:00.000,com.sec.android.app.shealth,0,10165,1.3235,7318.8,426.93,sampleDeviceID,com.sec.android.app.shealth,f035e8cc-318c-4d5a-a8df-c54a7a843db0,1686528000000,
6e2fb54d-09c1-4bfd-8412-b5cb3cf341dc.binning_data.json,2023-06-13 23:59:00.000,2023-06-13 23:59:00.000,com.sec.android.app.shealth,0,10245,1.263,7376.4,430.29,sampleDeviceID,com.sec.android.app.shealth,6e2fb54d-09c1-4bfd-8412-b5cb3cf341dc,1686614400000,
4990c608-01e9-46e1-a752-1fd0adb15e4c.binning_data.json,2023-06-14 23:59:00.000,2023-06-14 23:59:00.000,com.sec.android.app.shealth,0,7558,1.4557,5441.76,317.44,sampleDeviceID,com.sec.android.app.shealth,4990c608-01e9-46e1-a752-1fd0adb15e4c,1686700800000,
ec585e55-af92-4a35-b37f-62387f347c97.binning_data.json,2023-06-15 23:59:00.000,2023-06-15 23:59:00.000,com.sec.android.app.shealth,0,6258,1.4121,4505.76,262.84,sampleDeviceID,com.sec.android.app.shealth,ec585e55-af92-4a35-b37f-62387f347c97,1686787200000,
5de89cf9-c442-41fb-8415-3c192d216f02.binning_data.json,2023-06-16 23:59:00.000,2023-06-16 23:59:00.000,com.sec.android.app.shealth,0,8280,1.3959,5961.6,347.76,sampleDeviceID,com.sec.android.app.shealth,5de89cf9-c442-41fb-8415-3c192d216f02,1686873600000,
b80d77c5-00f4-4673-be72-6060604975f3.binning_data.json,2023-06-17 23:59:00.000,2023-06-17 23:59:00.000,com.sec.android.app.shealth,0,8742,1.3126,6294.24,367.16,sampleDeviceID,com.sec.android.app.shealth,b80d77c5-00f4-4673-be72-6060604975f3,1686960000000,
52357568-8f5e-454c-b6fd-269887bff6c0.binning_data.json,2023-06-18 23:59:00.000,2023-06-18 23:59:00.000,com.sec.android.app.shealth,0,7205,1.4217,5187.6,302.61,sampleDeviceID,com.sec.android.app.shealth,52357568-8f5e-454c-b6fd-269887bff6c0,1687046400000,
c54c082e-f1a4-4cfe-adac-91d68969d19f.binning_data.json,2023-06-19 23:59:00.000,2023-06-19 23:59:00.000,com.sec.android.app.shealth,0,8500,1.4222,6120,357,sampleDeviceID,com.sec.android.app.shealth,c54c082e-f1a4-4cfe-adac-91d68969d19f,1687132800000,
efe7b42a-d968-4c15-b9e0-a4943f539d70.binning_data.json,2023-06-20 23:59:00.000,2023-06-20 23:59:00.000,com.sec.android.app.shealth,0,6303,1.434,4538.16,264.73,sampleDeviceID,com.sec.android.app.shealth,efe7b42a-d968-4c15-b9e0-a4943f539d70,1687219200000,
4c1f24b2-89f5-4c99-b26e-5411e24fc6ad.binning_data.json,2023-06-21 23:59:00.000,2023-06-21 23:59:00.000,com.sec.android.app.shealth,0,5821,1.2822,4191.12,244.48,sampleDeviceID,com.sec.android.app.shealth,4c1f24b2-89f5-4c99-b26e-5411e24fc6ad,1687305600000,
1f7a8323-f368-4249-babd-e6cb7b4eec7d.binning_data.json,2023-06-22 23:59:00.000,2023-06-22 23:59:00.000,com.sec.android.app.shealth,0,8075,1.3607,5814,339.15,sampleDeviceID,com.sec.android.app.shealth,1f7a8323-f368-4249-babd-e6cb7b4eec7d,1687392000000,
28873e98-5119-4b10-8985-e525658f7c8f.binning_data.json,2023-06-23 23:59:00.000,2023-06-23 23:59:00.000,com.sec.android.app.shealth,0,6799,1.4352,4895.28,285.56,sampleDeviceID,com.sec.android.app.shealth,28873e98-5119-4b10-8985-e525658f7c8f,1687478400000,
77c1f98b-6fea-4ee5-9ca3-7dec6c428e0c.binning_data.json,2023-06-24 23:59:00.000,2023-06-24 23:59:00.000,com.sec.android.app.shealth,0,11225,1.4592,8082,471.45,sampleDeviceID,com.sec.android.app.shealth,77c1f98b-6fea-4ee5-9ca3-7dec6c428e0c,1687564800000,
54202c56-3541-401b-8586-b15ff5b5f683.binning_data.json,2023-06-25 23:59:00.000,2023-06-25 23:59:00.000,com.sec.android.app.shealth,0,3916,1.2899,2819.52,164.47,sampleDeviceID,com.sec.android.app.shealth,54202c56-3541-401b-8586-b15ff5b5f683,1687651200000,
d682f533-e689-4a85-871b-2571a8df21f0.binning_data.json,2023-06-26 23:59:00.000,2023-06-26 23:59:00.000,com.sec.android.app.shealth,0,8219,1.2972,5917.68,345.2,sampleDeviceID,com.sec.android.app.shealth,d682f533-e689-4a85-871b-2571a8df21f0,1687737600000,
86111a7a-201d-4fbc-8d21-4fdfe17c6881.binning_data.json,2023-06-27 23:59:00.000,2023-06-27 23:59:00.000,com.sec.android.app.shealth,0,4738,1.4796,3411.36,199,sampleDeviceID,com.sec.android.app.shealth,86111a7a-201d-4fbc-8d21-4fdfe17c6881,1687824000000,
2e7e47db-a8aa-46a0-b0a6-292da2eb5014.binning_data.json,2023-06-28 23:59:00.000,2023-06-28 23:59:00.000,com.sec.android.app.shealth,0,6315,1.3825,4546.8,265.23,sampleDeviceID,com.sec.android.app.shealth,2e7e47db-a8aa-46a0-b0a6-292da2eb5014,1687910400000,
7074947b-968e-4c60-b892-3d61e028cd8f.binning_data.json,2023-06-29 23:59:00.000,2023-06-29 23:59:00.000,com.sec.android.app.shealth,0,4503,1.395,3242.16,189.13,sampleDeviceID,com.sec.android.app.shealth,7074947b-968e-4c60-b892-3d61e028cd8f,1687996800000,
a29f8aa7-760e-4c74-a696-a0333aaa36b0.binning_data.json,2023-06-30 23:59:00.000,2023-06-30 23:59:00.000,com.sec.android.app.shealth,0,8309,1.2588,5982.48,348.98,sampleDeviceID,com.sec.android.app.shealth,a29f8aa7-760e-4c74-a696-a0333aaa36b0,1688083200000,
ce33a17d-6227-48a9-86c6-3865bd5ace43.binning_data.json,2023-07-01 23:59:00.000,2023-07-01 23:59:00.000,com.sec.android.app.shealth,0,4067,1.3045,2928.24,170.81,sampleDeviceID,com.sec.android.app.shealth,ce33a17d-6227-48a9-86c6-3865bd5ace43,1688169600000,
3474589f-9915-4e80-881f-5717ebb5d320.binning_data.json,2023-07-02 23:59:00.000,2023-07-02 23:59:00.000,com.sec.android.app.shealth,0,9140,1.2554,6580.8,383.88,sampleDeviceID,com.sec.android.app.shealth,3474589f-9915-4e80-881f-5717ebb5d320,1688256000000,
7c615348-555f-47b0-af3f-e66b9a7a3ab4.binning_data.json,2023-07-03 23:59:00.000,2023-07-03 23:59:00.000,com.sec.android.app.shealth,0,6663,1.2773,4797.36,279.85,sampleDeviceID,com.sec.android.app.shealth,7c615348-555f-47b0-af3f-e66b9a7a3ab4,1688342400000,
0ea5fd2d-614b-4825-b636-fc8dd5455d50.binning_data.json,2023-07-04 23:59:00.000,2023-07-04 23:59:00.000,com.sec.android.app.shealth,0,9590,1.4686,6904.8,402.78,sampleDeviceID,com.sec.android.app.shealth,0ea5fd2d-614b-4825-b636-fc8dd5455d50,1688428800000,
fc22ca8d-f22b-4355-acc7-54289a46f3d2.binning_data.json,2023-07-05 23:59:00.000,2023-07-05 23:59:00.000,com.sec.android.app.shealth,0,10687,1.4116,7694.64,448.85,sampleDeviceID,com.sec.android.app.shealth,fc22ca8d-f22b-4355-acc7-54289a46f3d2,1688515200000,
5e350fd6-68db-40ba-96dd-1f1a80f6c206.binning_data.json,2023-07-06 23:59:00.000,2023-07-06 23:59:00.000,com.sec.android.app.shealth,0,5767,1.3995,4152.24,242.21,sampleDeviceID,com.sec.android.app.shealth,5e350fd6-68db-40ba-96dd-1f1a80f6c206,1688601600000,
c12a18f3-51cc-417c-8f92-e8725d90f09d.binning_data.json,2023-07-07 23:59:00.000,2023-07-07 23:59:00.000,com.sec.android.app.shealth,0,8880,1.2651,6393.6,372.96,sampleDeviceID,com.sec.android.app.shealth,c12a18f3-51cc-417c-8f92-e8725d90f09d,1688688000000,
1aea999d-cbf8-4345-b08c-3b24f1a3facb.binning_data.json,2023-07-08 23:59:00.000,2023-07-08 23:59:00.000,com.sec.android.app.shealth,0,8208,1.4331,5909.76,344.74,sampleDeviceID,com.sec.android.app.shealth,1aea999d-cbf8-4345-b08c-3b24f1a3facb,1688774400000,
ae57e086-7ce6-40b1-b843-687ddcc9212c.binning_data.json,2023-07-09 23:59:00.000,2023-07-09 23:59:00.000,com.sec.android.app.shealth,0,10373,1.2819,7468.56,435.67,sampleDeviceID,com.sec.android.app.shealth,ae57e086-7ce6-40b1-b843-687ddcc9212c,1688860800000,
711e50d8-30c3-47d3-9c9d-4f35614bcc3a.binning_data.json,2023-07-10 23:59:00.000,2023-07-10 23:59:00.000,com.sec.android.app.shealth,0,5194,1.4127,3739.68,218.15,sampleDeviceID,com.sec.android.app.shealth,711e50d8-30c3-47d3-9c9d-4f35614bcc3a,1688947200000,
4a43488a-78a5-41fe-8170-8085c408ad4c.binning_data.json,2023-07-11 23:59:00.000,2023-07-11 23:59:00.000,com.sec.android.app.shealth,0,7525,1.3712,5418,316.05,sampleDeviceID,com.sec.android.app.shealth,4a43488a-78a5-41fe-8170-8085c408ad4c,1689033600000,
aec5de50-0308-4e6e-b2c0-81a4443f2f49.binning_data.json,2023-07-12 23:59:00.000,2023-07-12 23:59:00.000,com.sec.android.app.shealth,0,10412,1.4469,7496.64,437.3,sampleDeviceID,com.sec.android.app.shealth,aec5de50-0308-4e6e-b2c0-81a4443f2f49,1689120000000,
a624ce07-d5c6-4522-ad01-be4de472ae20.binning_data.json,2023-07-13 23:59:00.000,2023-07-13 23:59:00.000,com.sec.android.app.shealth,0,7167,1.4452,5160.24,301.01,sampleDeviceID,com.sec.android.app.shealth,a624ce07-d5c6-4522-ad01-be4de472ae20,1689206400000,
f1c0e196-0f9c-49be-9279-ccd48fed8e75.binning_data.json,2023-07-14 23:59:00.000,2023-07-14 23:59:00.000,com.sec.android.app.shealth,0,7745,1.461,5576.4,325.29,sampleDeviceID,com.sec.android.app.shealth,f1c0e196-0f9c-49be-9279-ccd48fed8e75,1689292800000,
ed324677-0d23-4f5c-84ef-8cbd42d6bcfb.binning_data.json,2023-07-15 23:59:00.000,2023-07-15 23:59:00.000,com.sec.android.app.shealth,0,7520,1.364,5414.4,315.84,sampleDeviceID,com.sec.android.app.shealth,ed324677-0d23-4f5c-84ef-8cbd42d6bcfb,1689379200000,
eef97179-8591-453f-b3d1-61f0cbb8bdc8.binning_data.json,2023-07-16 23:59:00.000,2023-07-16 23:59:00.000,com.sec.android.app.shealth,0,4722,1.306,3399.84,198.32,sampleDeviceID,com.sec.android.app.shealth,eef97179-8591-453f-b3d1-61f0cbb8bdc8,1689465600000,
f8631ae9-06e6-4c9b-918a-f22668e48c27.binning_data.json,2023-07-17 23:59:00.000,2023-07-17 23:59:00.000,com.sec.android.app.shealth,0,7359,1.3633,5298.48,309.08,sampleDeviceID,com.sec.android.app.shealth,f8631ae9-06e6-4c9b-918a-f22668e48c27,1689552000000,
b283d5eb-6312-4809-818d-d9515c017b48.binning_data.json,2023-07-18 23:59:00.000,2023-07-18 23:59:00.000,com.sec.android.app.shealth,0,6376,1.4246,4590.72,267.79,sampleDeviceID,com.sec.android.app.shealth,b283d5eb-6312-4809-818d-d9515c017b48,1689638400000,
fa75e2d6-e823-4cab-9259-dc8451b5a29a.binning_data.json,2023-07-19 23:59:00.000,2023-07-19 23:59:00.000,com.sec.android.app.shealth,0,9232,1.3415,6647.04,387.74,sampleDeviceID,com.sec.android.app.shealth,fa75e2d6-e823-4cab-9259-dc8451b5a29a,1689724800000,
f95d8bed-9edc-4b43-968c-5b7d9dd9b0fd.binning_data.json,2023-07-20 23:59:00.000,2023-07-20 23:59:00.000,com.sec.android.app.shealth,0,10775,1.3269,7758,452.55,sampleDeviceID,com.sec.android.app.shealth,f95d8bed-9edc-4b43-968c-5b7d9dd9b0fd,1689811200000,
bc1b0beb-1631-4e13-8528-4e4c03c147bd.binning_data.json,2023-07-21 23:59:00.000,2023-07-21 23:59:00.000,com.sec.android.app.shealth,0,9242,1.4348,6654.24,388.16,sampleDeviceID,com.sec.android.app.shealth,bc1b0beb-1631-4e13-8528-4e4c03c147bd,1689897600000,
3567ec71-2a85-4470-af2f-99d49d72bd02.binning_data.json,2023-07-22 23:59:00.000,2023-07-22 23:59:00.000,com.sec.android.app.shealth,0,9333,1.4637,6719.76,391.99,sampleDeviceID,com.sec.android.app.shealth,3567ec71-2a85-4470-af2f-99d49d72bd02,1689984000000,
303b120a-2e2e-4bb5-9c4f-e0477bcc9246.binning_data.json,2023-07-23 23:59:00.000,2023-07-23 23:59:00.000,com.sec.android.app.shealth,0,10845,1.3292,7808.4,455.49,sampleDeviceID,com.sec.android.app.shealth,303b120a-2e2e-4bb5-9c4f-e0477bcc9246,1690070400000,
af3ce136-fd55-4831-85c9-d88b7b3aed1a.binning_data.json,2023-07-24 23:59:00.000,2023-07-24 23:59:00.000,com.sec.android.app.shealth,0,8246,1.4733,5937.12,346.33,sampleDeviceID,com.sec.android.app.shealth,af3ce136-fd55-4831-85c9-d88b7b3aed1a,1690156800000,
44804f1d-b31f-4bcd-aec6-b82a46b41c33.binning_data.json,2023-07-25 23:59:00.000,2023-07-25 23:59:00.000,com.sec.android.app.shealth,0,8886,1.2697,6397.92,373.21,sampleDeviceID,com.sec.android.app.shealth,44804f1d-b31f-4bcd-aec6-b82a46b41c33,1690243200000,
f7b097b1-4c6f-478a-87ed-d70ed42e3945.binning_data.json,2023-07-26 23:59:00.000,2023-07-26 23:59:00.000,com.sec.android.app.shealth,0,8474,1.4556,6101.28,355.91,sampleDeviceID,com.sec.android.app.shealth,f7b097b1-4c6f-478a-87ed-d70ed42e3945,1690329600000,
e20cfd19-9d92-413a-bcb0-4f356fb3e110.binning_data.json,2023-07-27 23:59:00.000,2023-07-27 23:59:00.000,com.sec.android.app.shealth,0,8356,1.4143,6016.32,350.95,sampleDeviceID,com.sec.android.app.shealth,e20cfd19-9d92-413a-bcb0-4f356fb3e110,1690416000000,
f3ff7b66-7b72-4679-8945-e7fdb8a46cc3.binning_data.json,2023-07-28 23:59:00.000,2023-07-28 23:59:00.000,com.sec.android.app.shealth,0,6369,1.4939,4585.68,267.5,sampleDeviceID,com.sec.android.app.shealth,f3ff7b66-7b72-4679-8945-e7fdb8a46cc3,1690502400000,
9da66a57-53ee-4b78-b0f9-9306f6bf536d.binning_data.json,2023-07-29 23:59:00.000,2023-07-29 23:59:00.000,com.sec.android.app.shealth,0,8134,1.417,5856.48,341.63,sampleDeviceID,com.sec.android.app.shealth,9da66a57-53ee-4b78-b0f9-9306f6bf536d,1690588800000,
1b5b6448-b960-4204-be67-0f1e2545d59e.binning_data.json,2023-07-30 23:59:00.000,2023-07-30 23:59:00.000,com.sec.android.app.shealth,0,8999,1.2728,6479.28,377.96,sampleDeviceID,com.sec.android.app.shealth,1b5b6448-b960-4204-be67-0f1e2545d59e,1690675200000,
ce3ffdc7-7eff-48f6-988a-d4c8598858f4.binning_data.json,2023-07-31 23:59:00.000,2023-07-31 23:59:00.000,com.sec.android.app.shealth,0,4784,1.4922,3444.48,200.93,sampleDeviceID,com.sec.android.app.shealth,ce3ffdc7-7eff-48f6-988a-d4c8598858f4,1690761600000,
e9172d6e-ca6b-4f27-ab85-e36080cdcd80.binning_data.json,2023-08-01 23:59:00.000,2023-08-01 23:59:00.000,com.sec.android.app.shealth,0,9264,1.3628,6670.08,389.09,sampleDeviceID,com.sec.android.app.shealth,e9172d6e-ca6b-4f27-ab85-e36080cdcd80,1690848000000,
39203667-c315-48d6-9139-7134243833a4.binning_data.json,2023-08-02 23:59:00.000,2023-08-02 23:59:00.000,com.sec.android.app.shealth,0,8158,1.402,5873.76,342.64,sampleDeviceID,com.sec.android.app.shealth,39203667-c315-48d6-9139-7134243833a4,1690934400000,
38a85183-a389-400c-bcee-9eb65965acbf.binning_data.json,2023-08-03 23:59:00.000,2023-08-03 23:59:00.000,com.sec.android.app.shealth,0,7065,1.3719,5086.8,296.73,sampleDeviceID,com.sec.android.app.shealth,38a85183-a389-400c-bcee-9eb65965acbf,1691020800000,
a922e685-a65d-4058-97f8-35959bcbd6f0.binning_data.json,2023-08-04 23:59:00.000,2023-08-04 23:59:00.000,com.sec.android.app.shealth,0,4737,1.4811,3410.64,198.95,sampleDeviceID,com.sec.android.app.shealth,a922e685-a65d-4058-97f8-35959bcbd6f0,1691107200000,
e823835e-ea55-4572-b30f-63cb9c92f8e0.binning_data.json,2023-08-05 23:59:00.000,2023-08-05 23:59:00.000,com.sec.android.app.shealth,0,4167,1.2675,3000.24,175.01,sampleDeviceID,com.sec.android.app.shealth,e823835e-ea55-4572-b30f-63cb9c92f8e0,1691193600000,
f9329d41-9cf7-4752-9f09-121824fb880d.binning_data.json,2023-08-06 23:59:00.000,2023-08-06 23:59:00.000,com.sec.android.app.shealth,0,13802,1.4523,9937.44,579.68,sampleDeviceID,com.sec.android.app.shealth,f9329d41-9cf7-4752-9f09-121824fb880d,1691280000000,
5e067fa9-48a3-42fa-ba0a-190c43eef887.binning_data.json,2023-08-07 23:59:00.000,2023-08-07 23:59:00.000,com.sec.android.app.shealth,0,6485,1.4099,4669.2,272.37,sampleDeviceID,com.sec.android.app.shealth,5e067fa9-48a3-42fa-ba0a-190c43eef887,1691366400000,
f7052f6d-3722-4d9a-ab3a-9380ba8b2c15.binning_data.json,2023-08-08 23:59:00.000,2023-08-08 23:59:00.000,com.sec.android.app.shealth,0,4814,1.2823,3466.08,202.19,sampleDeviceID,com.sec.android.app.shealth,f7052f6d-3722-4d9a-ab3a-9380ba8b2c15,1691452800000,
c8588187-5a30-4642-9562-13ca592bc0a9.binning_data.json,2023-08-09 23:59:00.000,2023-08-09 23:59:00.000,com.sec.android.app.shealth,0,5150,1.3234,3708,216.3,sampleDeviceID,com.sec.android.app.shealth,c8588187-5a30-4642-9562-13ca592bc0a9,1691539200000,
c5fea210-a913-465b-819e-8f08e0375e14.binning_data.json,2023-08-10 23:59:00.000,2023-08-10 23:59:00.000,com.sec.android.app.shealth,0,6662,1.4394,4796.64,279.8,sampleDeviceID,com.sec.android.app.shealth,c5fea210-a913-465b-819e-8f08e0375e14,1691625600000,
38acab56-7437-4528-8fcb-aae0708deaa7.binning_data.json,2023-08-11 23:59:00.000,2023-08-11 23:59:00.000,com.sec.android.app.shealth,0,10967,1.3134,7896.24,460.61,sampleDeviceID,com.sec.android.app.shealth,38acab56-7437-4528-8fcb-aae0708deaa7,1691712000000,
95a7674d-7336-43dc-9b90-007a322acd22.binning_data.json,2023-08-12 23:59:00.000,2023-08-12 23:59:00.000,com.sec.android.app.shealth,0,11758,1.2638,8465.76,493.84,sampleDeviceID,com.sec.android.app.shealth,95a7674d-7336-43dc-9b90-007a322acd22,1691798400000,
0eb569f0-54dc-4684-88f4-889b29759545.binning_data.json,2023-08-13 23:59:00.000,2023-08-13 23:59:00.000,com.sec.android.app.shealth,0,8709,1.3192,6270.48,365.78,sampleDeviceID,com.sec.android.app.shealth,0eb569f0-54dc-4684-88f4-889b29759545,1691884800000,
7bf61f9a-bedd-43d7-8343-79935ab719e0.binning_data.json,2023-08-14 23:59:00.000,2023-08-14 23:59:00.000,com.sec.android.app.shealth,0,6323,1.3201,4552.56,265.57,sampleDeviceID,com.sec.android.app.shealth,7bf61f9a-bedd-43d7-8343-79935ab719e0,1691971200000,
3cf22470-e196-4d72-b075-a970f74b8fd8.binning_data.json,2023-08-15 23:59:00.000,2023-08-15 23:59:00.000,com.sec.android.app.shealth,0,9050,1.4131,6516,380.1,sampleDeviceID,com.sec.android.app.shealth,3cf22470-e196-4d72-b075-a970f74b8fd8,1692057600000,
fe1e0569-559b-4672-a904-ca80f3a90e3b.binning_data.json,2023-08-16 23:59:00.000,2023-08-16 23:59:00.000,com.sec.android.app.shealth,0,7604,1.4343,5474.88,319.37,sampleDeviceID,com.sec.android.app.shealth,fe1e0569-559b-4672-a904-ca80f3a90e3b,1692144000000,
a0852498-3e51-4701-b44b-6d50c757dedb.binning_data.json,2023-08-17 23:59:00.000,2023-08-17 23:59:00.000,com.sec.android.app.shealth,0,6508,1.2605,4685.76,273.34,sampleDeviceID,com.sec.android.app.shealth,a0852498-3e51-4701-b44b-6d50c757dedb,1692230400000,
b4a860fe-3148-48d7-bdb3-d6ed786e1b7a.binning_data.json,2023-08-18 23:59:00.000,2023-08-18 23:59:00.000,com.sec.android.app.shealth,0,4505,1.3652,3243.6,189.21,sampleDeviceID,com.sec.android.app.shealth,b4a860fe-3148-48d7-bdb3-d6ed786e1b7a,1692316800000,
c872eabd-122a-43d8-9d5e-46b2da102e4c.binning_data.json,2023-08-19 23:59:00.000,2023-08-19 23:59:00.000,com.sec.android.app.shealth,0,10494,1.2934,7555.68,440.75,sampleDeviceID,com.sec.android.app.shealth,c872eabd-122a-43d8-9d5e-46b2da102e4c,1692403200000,
266484da-d30a-40b3-9dcf-5e65ced5f77f.binning_data.json,2023-08-20 23:59:00.000,2023-08-20 23:59:00.000,com.sec.android.app.shealth,0,7644,1.4045,5503.68,321.05,sampleDeviceID,com.sec.android.app.shealth,266484da-d30a-40b3-9dcf-5e65ced5f77f,1692489600000,
964bed8c-3b6a-4482-bbad-2b587dfc5d66.binning_data.json,2023-08-21 23:59:00.000,2023-08-21 23:59:00.000,com.sec.android.app.shealth,0,6344,1.4212,4567.68,266.45,sampleDeviceID,com.sec.android.app.shealth,964bed8c-3b6a-4482-bbad-2b587dfc5d66,1692576000000,
13c71e9e-830e-47e4-ba46-7e61d2b0b294.binning_data.json,2023-08-22 23:59:00.000,2023-08-22 23:59:00.000,com.sec.android.app.shealth,0,5247,1.2948,3777.84,220.37,sampleDeviceID,com.sec.android.app.shealth,13c71e9e-830e-47e4-ba46-7e61d2b0b294,1692662400000,
bdfec472-2079-4f29-a8d5-f9c43c66681b.binning_data.json,2023-08-23 23:59:00.000,2023-08-23 23:59:00.000,com.sec.android.app.shealth,0,8691,1.3819,6257.52,365.02,sampleDeviceID,com.sec.android.app.shealth,bdfec472-2079-4f29-a8d5-f9c43c66681b,1692748800000,
7e32027e-b62a-4a2e-8656-b0e862addad9.binning_data.json,2023-08-24 23:59:00.000,2023-08-24 23:59:00.000,com.sec.android.app.shealth,0,4770,1.2676,3434.4,200.34,sampleDeviceID,com.sec.android.app.shealth,7e32027e-b62a-4a2e-8656-b0e862addad9,1692835200000,
c8b80efc-3909-435f-a499-6ea6bb8a37b0.binning_data.json,2023-08-25 23:59:00.000,2023-08-25 23:59:00.000,com.sec.android.app.shealth,0,4856,1.3442,3496.32,203.95,sampleDeviceID,com.sec.android.app.shealth,c8b80efc-3909-435f-a499-6ea6bb8a37b0,1692921600000,
628ca7e0-9314-4a2a-b2ea-d52a2fad3546.binning_data.json,2023-08-26 23:59:00.000,2023-08-26 23:59:00.000,com.sec.android.app.shealth,0,11348,1.4617,8170.56,476.62,sampleDeviceID,com.sec.android.app.shealth,628ca7e0-9314-4a2a-b2ea-d52a2fad3546,1693008000000,
088f2886-8cd2-4cb6-b15f-062fe0bccbd5.binning_data.json,2023-08-27 23:59:00.000,2023-08-27 23:59:00.000,com.sec.android.app.shealth,0,10950,1.2964,7884,459.9,sampleDeviceID,com.sec.android.app.shealth,088f2886-8cd2-4cb6-b15f-062fe0bccbd5,1693094400000,
f247f1de-9145-4294-814f-c709dd6fdf50.binning_data.json,2023-08-28 23:59:00.000,2023-08-28 23:59:00.000,com.sec.android.app.shealth,0,6026,1.3483,4338.72,253.09,sampleDeviceID,com.sec.android.app.shealth,f247f1de-9145-4294-814f-c709dd6fdf50,1693180800000,
3b85f6a9-d32a-4524-88e8-a9b841e08b08.binning_data.json,2023-08-29 23:59:00.000,2023-08-29 23:59:00.000,com.sec.android.app.shealth,0,8348,1.3118,6010.56,350.62,sampleDeviceID,com.sec.android.app.shealth,3b85f6a9-d32a-4524-88e8-a9b841e08b08,1693267200000,
503dfe43-99a4-45ca-95bf-106b0ddaa6c7.binning_data.json,2023-08-30 23:59:00.000,2023-08-30 23:59:00.000,com.sec.android.app.shealth,0,9355,1.3556,6735.6,392.91,sampleDeviceID,com.sec.android.app.shealth,503dfe43-99a4-45ca-95bf-106b0ddaa6c7,1693353600000,
78076b5e-cd7c-4e84-a4bc-d4b0e0caf848.binning_data.json,2023-08-31 23:59:00.000,2023-08-31 23:59:00.000,com.sec.android.app.shealth,0,5716,1.4568,4115.52,240.07,sampleDeviceID,com.sec.android.app.shealth,78076b5e-cd7c-4e84-a4bc-d4b0e0caf848,1693440000000,
fdef1c6d-8fd7-4b49-a4ce-4270c21ba199.binning_data.json,2023-09-01 23:59:00.000,2023-09-01 23:59:00.000,com.sec.android.app.shealth,0,6537,1.4257,4706.64,274.55,sampleDeviceID,com.sec.android.app.shealth,fdef1c6d-8fd7-4b49-a4ce-4270c21ba199,1693526400000,
609d45da-5c47-48c6-8118-599854121dfc.binning_data.json,2023-09-02 23:59:00.000,2023-09-02 23:59:00.000,com.sec.android.app.shealth,0,10719,1.3306,7717.68,450.2,sampleDeviceID,com.sec.android.app.shealth,609d45da-5c47-48c6-8118-599854121dfc,1693612800000,
64e38b99-612e-4ca5-ad5f-e5c9446df415.binning_data.json,2023-09-03 23:59:00.000,2023-09-03 23:59:00.000,com.sec.android.app.shealth,0,8392,1.3858,6042.24,352.46,sampleDeviceID,com.sec.android.app.shealth,64e38b99-612e-4ca5-ad5f-e5c9446df415,1693699200000,
14c9da96-3f1d-47ea-b6c8-3529031dfd3f.binning_data.json,2023-09-04 23:59:00.000,2023-09-04 23:59:00.000,com.sec.android.app.shealth,0,6450,1.2724,4644,270.9,sampleDeviceID,com.sec.android.app.shealth,14c9da96-3f1d-47ea-b6c8-3529031dfd3f,1693785600000,
c8dbdac9-c9e4-47e8-b886-c43ab381e3a8.binning_data.json,2023-09-05 23:59:00.000,2023-09-05 23:59:00.000,com.sec.android.app.shealth,0,10308,1.4261,7421.76,432.94,sampleDeviceID,com.sec.android.app.shealth,c8dbdac9-c9e4-47e8-b886-c43ab381e3a8,1693872000000,
035c5151-d0c9-4391-a5ab-facb7036a242.binning_data.json,2023-09-06 23:59:00.000,2023-09-06 23:59:00.000,com.sec.android.app.shealth,0,5561,1.3151,4003.92,233.56,sampleDeviceID,com.sec.android.app.shealth,035c5151-d0c9-4391-a5ab-facb7036a242,1693958400000,
c6584971-d978-4c1f-8f60-ead61751b035.binning_data.json,2023-09-07 23:59:00.000,2023-09-07 23:59:00.000,com.sec.android.app.shealth,0,8359,1.3733,6018.48,351.08,sampleDeviceID,com.sec.android.app.shealth,c6584971-d978-4c1f-8f60-ead61751b035,1694044800000,
c2881ac3-b606-410d-9991-004c06353893.binning_data.json,2023-09-08 23:59:00.000,2023-09-08 23:59:00.000,com.sec.android.app.shealth,0,4643,1.2653,3342.96,195.01,sampleDeviceID,com.sec.android.app.shealth,c2881ac3-b606-410d-9991-004c06353893,1694131200000,
9ee6364d-3dd7-4a9a-b6eb-35dd91cc568e.binning_data.json,2023-09-09 23:59:00.000,2023-09-09 23:59:00.000,com.sec.android.app.shealth,0,11989,1.4332,8632.08,503.54,sampleDeviceID,com.sec.android.app.shealth,9ee6364d-3dd7-4a9a-b6eb-35dd91cc568e,1694217600000,
099cba52-3427-406e-8566-8cdf48657d27.binning_data.json,2023-09-10 23:59:00.000,2023-09-10 23:59:00.000,com.sec.android.app.shealth,0,5304,1.3074,3818.88,222.77,sampleDeviceID,com.sec.android.app.shealth,099cba52-3427-406e-8566-8cdf48657d27,1694304000000,
1d6955ed-e374-4e41-bef4-fec4bfc72c89.binning_data.json,2023-09-11 23:59:00.000,2023-09-11 23:59:00.000,com.sec.android.app.shealth,0,4757,1.4086,3425.04,199.79,sampleDeviceID,com.sec.android.app.shealth,1d6955ed-e374-4e41-bef4-fec4bfc72c89,1694390400000,
d38ccf62-1a46-4df4-8a48-d97a04f4c575.binning_data.json,2023-09-12 23:59:00.000,2023-09-12 23:59:00.000,com.sec.android.app.shealth,0,8541,1.3077,6149.52,358.72,sampleDeviceID,com.sec.android.app.shealth,d38ccf62-1a46-4df4-8a48-d97a04f4c575,1694476800000,
cd2ee253-0427-4eb5-97bf-2a3afddeea22.binning_data.json,2023-09-13 23:59:00.000,2023-09-13 23:59:00.000,com.sec.android.app.shealth,0,5926,1.2785,4266.72,248.89,sampleDeviceID,com.sec.android.app.shealth,cd2ee253-0427-4eb5-97bf-2a3afddeea22,1694563200000,
5a31e323-9bed-4209-9cac-51740fcc6e26.binning_data.json,2023-09-14 23:59:00.000,2023-09-14 23:59:00.000,com.sec.android.app.shealth,0,9872,1.462,7107.84,414.62,sampleDeviceID,com.sec.android.app.shealth,5a31e323-9bed-4209-9cac-51740fcc6e26,1694649600000,
ea02a006-c27a-4b82-b38d-aa8484367d62.binning_data.json,2023-09-15 23:59:00.000,2023-09-15 23:59:00.000,com.sec.android.app.shealth,0,7752,1.4824,5581.44,325.58,sampleDeviceID,com.sec.android.app.shealth,ea02a006-c27a-4b82-b38d-aa8484367d62,1694736000000,
2b481c53-45d9-4888-a344-c453b71d3508.binning_data.json,2023-09-16 23:59:00.000,2023-09-16 23:59:00.000,com.sec.android.app.shealth,0,5477,1.2556,3943.44,230.03,sampleDeviceID,com.sec.android.app.shealth,2b481c53-45d9-4888-a344-c453b71d3508,1694822400000,
4386f4b6-6e2e-4087-bd35-a985a34d1d57.binning_data.json,2023-09-17 23:59:00.000,2023-09-17 23:59:00.000,com.sec.android.app.shealth,0,6533,1.2903,4703.76,274.39,sampleDeviceID,com.sec.android.app.shealth,4386f4b6-6e2e-4087-bd35-a985a34d1d57,1694908800000,
eb38b954-b263-4caf-b88c-b4c1f343bffb.binning_data.json,2023-09-18 23:59:00.000,2023-09-18 23:59:00.000,com.sec.android.app.shealth,0,5110,1.35,3679.2,214.62,sampleDeviceID,com.sec.android.app.shealth,eb38b954-b263-4caf-b88c-b4c1f343bffb,1694995200000,
8d91e6c0-8fed-4715-876e-61a3c3cec2b1.binning_data.json,2023-09-19 23:59:00.000,2023-09-19 23:59:00.000,com.sec.android.app.shealth,0,7764,1.3554,5590.08,326.09,sampleDeviceID,com.sec.android.app.shealth,8d91e6c0-8fed-4715-876e-61a3c3cec2b1,1695081600000,
353d5f9b-3845-4158-9384-64791b1fbed6.binning_data.json,2023-09-20 23:59:00.000,2023-09-20 23:59:00.000,com.sec.android.app.shealth,0,8740,1.2925,6292.8,367.08,sampleDeviceID,com.sec.android.app.shealth,353d5f9b-3845-4158-9384-64791b1fbed6,1695168000000,
dad74a56-fc08-4ec8-8060-4695e085d774.binning_data.json,2023-09-21 23:59:00.000,2023-09-21 23:59:00.000,com.sec.android.app.shealth,0,8092,1.4489,5826.24,339.86,sampleDeviceID,com.sec.android.app.shealth,dad74a56-fc08-4ec8-8060-4695e085d774,1695254400000,
29acf859-e6bc-47d9-8be1-c96d53709e25.binning_data.json,2023-09-22 23:59:00.000,2023-09-22 23:59:00.000,com.sec.android.app.shealth,0,10023,1.3099,7216.56,420.97,sampleDeviceID,com.sec.android.app.shealth,29acf859-e6bc-47d9-8be1-c96d53709e25,1695340800000,
bec8abfa-64bc-4a23-b8d0-2a244a21e569.binning_data.json,2023-09-23 23:59:00.000,2023-09-23 23:59:00.000,com.sec.android.app.shealth,0,12296,1.4804,8853.12,516.43,sampleDeviceID,com.sec.android.app.shealth,bec8abfa-64bc-4a23-b8d0-2a244a21e569,1695427200000,
7d9b0f71-82c4-44bf-8cf4-d7e10d9533b9.binning_data.json,2023-09-24 23:59:00.000,2023-09-24 23:59:00.000,com.sec.android.app.shealth,0,7705,1.27,5547.6,323.61,sampleDeviceID,com.sec.android.app.shealth,7d9b0f71-82c4-44bf-8cf4-d7e10d9533b9,1695513600000,
dc2f5bce-def4-4de8-bd8a-d2da90ab89d3.binning_data.json,2023-09-25 23:59:00.000,2023-09-25 23:59:00.000,com.sec.android.app.shealth,0,10895,1.4643,7844.4,457.59,sampleDeviceID,com.sec.android.app.shealth,dc2f5bce-def4-4de8-bd8a-d2da90ab89d3,1695600000000,
7b2d0cce-6b92-4dcc-8c37-c06e515ec708.binning_data.json,2023-09-26 23:59:00.000,2023-09-26 23:59:00.000,com.sec.android.app.shealth,0,9560,1.4552,6883.2,401.52,sampleDeviceID,com.sec.android.app.shealth,7b2d0cce-6b92-4dcc-8c37-c06e515ec708,1695686400000,
7cc7377b-b1e1-406c-b846-6bb334238a0d.binning_data.json,2023-09-27 23:59:00.000,2023-09-27 23:59:00.000,com.sec.android.app.shealth,0,7849,1.3511,5651.28,329.66,sampleDeviceID,com.sec.android.app.shealth,7cc7377b-b1e1-406c-b846-6bb334238a0d,1695772800000,
ab1615f6-6d14-4176-80e0-b46ef72b2ada.binning_data.json,2023-09-28 23:59:00.000,2023-09-28 23:59:00.000,com.sec.android.app.shealth,0,5865,1.3701,4222.8,246.33,sampleDeviceID,com.sec.android.app.shealth,ab1615f6-6d14-4176-80e0-b46ef72b2ada,1695859200000,
96d3eb50-17ae-439b-be02-f6bcf7513889.binning_data.json,2023-09-29 23:59:00.000,2023-09-29 23:59:00.000,com.sec.android.app.shealth,0,10031,1.4959,7222.32,421.3,sampleDeviceID,com.sec.android.app.shealth,96d3eb50-17ae-439b-be02-f6bcf7513889,1695945600000,
e24286a5-c7d3-4fab-a2f7-c5392edff36a.binning_data.json,2023-09-30 23:59:00.000,2023-09-30 23:59:00.000,com.sec.android.app.shealth,0,7299,1.4544,5255.28,306.56,sampleDeviceID,com.sec.android.app.shealth,e24286a5-c7d3-4fab-a2f7-c5392edff36a,1696032000000,
7df61e67-9f64-41fe-acc2-0dfe2481f734.binning_data.json,2023-10-01 23:59:00.000,2023-10-01 23:59:00.000,com.sec.android.app.shealth,0,8424,1.4525,6065.28,353.81,sampleDeviceID,com.sec.android.app.shealth,7df61e67-9f64-41fe-acc2-0dfe2481f734,1696118400000,
e01beb1c-2c06-4b81-aa7e-aadb61a7ac64.binning_data.json,2023-10-02 23:59:00.000,2023-10-02 23:59:00.000,com.sec.android.app.shealth,0,10562,1.2626,7604.64,443.6,sampleDeviceID,com.sec.android.app.shealth,e01beb1c-2c06-4b81-aa7e-aadb61a7ac64,1696204800000,
df4504fc-0850-49fe-8fcc-cab8c69c9d31.binning_data.json,2023-10-03 23:59:00.000,2023-10-03 23:59:00.000,com.sec.android.app.shealth,0,6767,1.4336,4872.24,284.21,sampleDeviceID,com.sec.android.app.shealth,df4504fc-0850-49fe-8fcc-cab8c69c9d31,1696291200000,
27b44804-be8b-4baf-a17b-66be858e8855.binning_data.json,2023-10-04 23:59:00.000,2023-10-04 23:59:00.000,com.sec.android.app.shealth,0,9079,1.4949,6536.88,381.32,sampleDeviceID,com.sec.android.app.shealth,27b44804-be8b-4baf-a17b-66be858e8855,1696377600000,
3d0b1101-5893-4151-b5ef-11afc2422efb.binning_data.json,2023-10-05 23:59:00.000,2023-10-05 23:59:00.000,com.sec.android.app.shealth,0,6591,1.3997,4745.52,276.82,sampleDeviceID,com.sec.android.app.shealth,3d0b1101-5893-4151-b5ef-11afc2422efb,1696464000000,
2f23ee76-1abd-4153-93d0-482bcbb12e7a.binning_data.json,2023-10-06 23:59:00.000,2023-10-06 23:59:00.000,com.sec.android.app.shealth,0,6037,1.3973,4346.64,253.55,sampleDeviceID,com.sec.android.app.shealth,2f23ee76-1abd-4153-93d0-482bcbb12e7a,1696550400000,
915a5086-ffd1-4d79-a71e-ccb4f9c56fe3.binning_data.json,2023-10-07 23:59:00.000,2023-10-07 23:59:00.000,com.sec.android.app.shealth,0,5060,1.3348,3643.2,212.52,sampleDeviceID,com.sec.android.app.shealth,915a5086-ffd1-4d79-a71e-ccb4f9c56fe3,1696636800000,
aeaa3d88-b2a2-49c9-826f-2a517ae052e8.binning_data.json,2023-10-08 23:59:00.000,2023-10-08 23:59:00.000,com.sec.android.app.shealth,0,6145,1.4964,4424.4,258.09,sampleDeviceID,com.sec.android.app.shealth,aeaa3d88-b2a2-49c9-826f-2a517ae052e8,1696723200000,
5cd9a334-d1c7-4041-a606-c8e59f303868.binning_data.json,2023-10-09 23:59:00.000,2023-10-09 23:59:00.000,com.sec.android.app.shealth,0,10046,1.3539,7233.12,421.93,sampleDeviceID,com.sec.android.app.shealth,5cd9a334-d1c7-4041-a606-c8e59f303868,1696809600000,
16f81e21-08a7-4996-84ad-be2ea05a795f.binning_data.json,2023-10-10 23:59:00.000,2023-10-10 23:59:00.000,com.sec.android.app.shealth,0,5563,1.365,4005.36,233.65,sampleDeviceID,com.sec.android.app.shealth,16f81e21-08a7-4996-84ad-be2ea05a795f,1696896000000,
1792b29f-8712-49ca-a7e5-663f2fb7cb3e.binning_data.json,2023-10-11 23:59:00.000,2023-10-11 23:59:00.000,com.sec.android.app.shealth,0,10764,1.4861,7750.08,452.09,sampleDeviceID,com.sec.android.app.shealth,1792b29f-8712-49ca-a7e5-663f2fb7cb3e,1696982400000,
7906ae0b-8a55-498b-80e6-87a28faa53e5.binning_data.json,2023-10-12 23:59:00.000,2023-10-12 23:59:00.000,com.sec.android.app.shealth,0,9972,1.2924,7179.84,418.82,sampleDeviceID,com.sec.android.app.shealth,7906ae0b-8a55-498b-80e6-87a28faa53e5,1697068800000,
53a51b68-1ff7-4879-ae12-6cca35eb4ef7.binning_data.json,2023-10-13 23:59:00.000,2023-10-13 23:59:00.000,com.sec.android.app.shealth,0,8712,1.2523,6272.64,365.9,sampleDeviceID,com.sec.android.app.shealth,53a51b68-1ff7-4879-ae12-6cca35eb4ef7,1697155200000,
fe93cfca-f5fb-4a1a-ba0f-a1ca12ee03d9.binning_data.json,2023-10-14 23:59:00.000,2023-10-14 23:59:00.000,com.sec.android.app.shealth,0,10941,1.3254,7877.52,459.52,sampleDeviceID,com.sec.android.app.shealth,fe93cfca-f5fb-4a1a-ba0f-a1ca12ee03d9,1697241600000,
ec5acd7a-3dc1-4642-9deb-6e20a2182c1d.binning_data.json,2023-10-15 23:59:00.000,2023-10-15 23:59:00.000,com.sec.android.app.shealth,0,8361,1.2844,6019.92,351.16,sampleDeviceID,com.sec.android.app.shealth,ec5acd7a-3dc1-4642-9deb-6e20a2182c1d,1697328000000,
2725fa97-0df1-4e8a-ac70-748d945c6755.binning_data.json,2023-10-16 23:59:00.000,2023-10-16 23:59:00.000,com.sec.android.app.shealth,0,7440,1.4123,5356.8,312.48,sampleDeviceID,com.sec.android.app.shealth,2725fa97-0df1-4e8a-ac70-748d945c6755,1697414400000,
2d297feb-e116-4843-885f-761f1ff96d90.binning_data.json,2023-10-17 23:59:00.000,2023-10-17 23:59:00.000,com.sec.android.app.shealth,0,4820,1.312,3470.4,202.44,sampleDeviceID,com.sec.android.app.shealth,2d297feb-e116-4843-885f-761f1ff96d90,1697500800000,
1e02cd98-0607-4ff9-851c-ecc89aa41a89.binning_data.json,2023-10-18 23:59:00.000,2023-10-18 23:59:00.000,com.sec.android.app.shealth,0,9501,1.2779,6840.72,399.04,sampleDeviceID,com.sec.android.app.shealth,1e02cd98-0607-4ff9-851c-ecc89aa41a89,1697587200000,
08b91a7e-4208-414c-b6c8-d361204c6ab3.binning_data.json,2023-10-19 23:59:00.000,2023-10-19 23:59:00.000,com.sec.android.app.shealth,0,6169,1.3082,4441.68,259.1,sampleDeviceID,com.sec.android.app.shealth,08b91a7e-4208-414c-b6c8-d361204c6ab3,1697673600000,
e76ca9c0-4845-4eda-b06d-9313b74217d1.binning_data.json,2023-10-20 23:59:00.000,2023-10-20 23:59:00.000,com.sec.android.app.shealth,0,8228,1.4276,5924.16,345.58,sampleDeviceID,com.sec.android.app.shealth,e76ca9c0-4845-4eda-b06d-9313b74217d1,1697760000000,
fa30d4bf-3228-479d-bce8-eb93e2b611ac.binning_data.json,2023-10-21 23:59:00.000,2023-10-21 23:59:00.000,com.sec.android.app.shealth,0,8783,1.4725,6323.76,368.89,sampleDeviceID,com.sec.android.app.shealth,fa30d4bf-3228-479d-bce8-eb93e2b611ac,1697846400000,
feebc6a9-5296-47bc-bd1e-ec20deefd042.binning_data.json,2023-10-22 23:59:00.000,2023-10-22 23:59:00.000,com.sec.android.app.shealth,0,13753,1.469,9902.16,577.63,sampleDeviceID,com.sec.android.app.shealth,feebc6a9-5296-47bc-bd1e-ec20deefd042,1697932800000,
5c79ff4e-48e0-4f91-9dbc-00ec88c45989.binning_data.json,2023-10-23 23:59:00.000,2023-10-23 23:59:00.000,com.sec.android.app.shealth,0,9949,1.4793,7163.28,417.86,sampleDeviceID,com.sec.android.app.shealth,5c79ff4e-48e0-4f91-9dbc-00ec88c45989,1698019200000,
74935971-6e4f-44d8-9911-8a5bf37f4d50.binning_data.json,2023-10-24 23:59:00.000,2023-10-24 23:59:00.000,com.sec.android.app.shealth,0,10510,1.4896,7567.2,441.42,sampleDeviceID,com.sec.android.app.shealth,74935971-6e4f-44d8-9911-8a5bf37f4d50,1698105600000,
6146c38b-8067-4035-bb62-dd83a65d9766.binning_data.json,2023-10-25 23:59:00.000,2023-10-25 23:59:00.000,com.sec.android.app.shealth,0,5529,1.3566,3980.88,232.22,sampleDeviceID,com.sec.android.app.shealth,6146c38b-8067-4035-bb62-dd83a65d9766,1698192000000,
41a6c609-b476-4164-a5f9-2056a7488058.binning_data.json,2023-10-26 23:59:00.000,2023-10-26 23:59:00.000,com.sec.android.app.shealth,0,4900,1.4981,3528,205.8,sampleDeviceID,com.sec.android.app.shealth,41a6c609-b476-4164-a5f9-2056a7488058,1698278400000,
4dc6d302-da8e-4731-a08b-38a9ff2be5cb.binning_data.json,2023-10-27 23:59:00.000,2023-10-27 23:59:00.000,com.sec.android.app.shealth,0,9528,1.3208,6860.16,400.18,sampleDeviceID,com.sec.android.app.shealth,4dc6d302-da8e-4731-a08b-38a9ff2be5cb,1698364800000,
38b9dd8d-4b6f-479e-a86f-f4993be7f792.binning_data.json,2023-10-28 23:59:00.000,2023-10-28 23:59:00.000,com.sec.android.app.shealth,0,7783,1.4135,5603.76,326.89,sampleDeviceID,com.sec.android.app.shealth,38b9dd8d-4b6f-479e-a86f-f4993be7f792,1698451200000,
5eb820ae-09a8-4e9b-bb6b-b28800a5e95c.binning_data.json,2023-10-29 23:59:00.000,2023-10-29 23:59:00.000,com.sec.android.app.shealth,0,12342,1.3958,8886.24,518.36,sampleDeviceID,com.sec.android.app.shealth,5eb820ae-09a8-4e9b-bb6b-b28800a5e95c,1698537600000,
8b2d68d4-094c-4b39-ae3a-c5f191e249c9.binning_data.json,2023-10-30 23:59:00.000,2023-10-30 23:59:00.000,com.sec.android.app.shealth,0,9128,1.4948,6572.16,383.38,sampleDeviceID,com.sec.android.app.shealth,8b2d68d4-094c-4b39-ae3a-c5f191e249c9,1698624000000,
ace39f94-6578-4a61-9abd-c706c2150c81.binning_data.json,2023-10-31 23:59:00.000,2023-10-31 23:59:00.000,com.sec.android.app.shealth,0,7615,1.2513,5482.8,319.83,sampleDeviceID,com.sec.android.app.shealth,ace39f94-6578-4a61-9abd-c706c2150c81,1698710400000,
b38aa567-3967-4c83-89a2-6596a0cd599e.binning_data.json,2023-11-01 23:59:00.000,2023-11-01 23:59:00.000,com.sec.android.app.shealth,0,8503,1.3807,6122.16,357.13,sampleDeviceID,com.sec.android.app.shealth,b38aa567-3967-4c83-89a2-6596a0cd599e,1698796800000,
df8c912e-df22-4cba-99a5-5b5f768fedad.binning_data.json,2023-11-02 23:59:00.000,2023-11-02 23:59:00.000,com.sec.android.app.shealth,0,6591,1.4213,4745.52,276.82,sampleDeviceID,com.sec.android.app.shealth,df8c912e-df22-4cba-99a5-5b5f768fedad,1698883200000,
486b2592-205b-41c5-86be-6f168be0bad1.binning_data.json,2023-11-03 23:59:00.000,2023-11-03 23:59:00.000,com.sec.android.app.shealth,0,9534,1.2564,6864.48,400.43,sampleDeviceID,com.sec.android.app.shealth,486b2592-205b-41c5-86be-6f168be0bad1,1698969600000,
91e1dc74-3d38-4af4-a07f-7147b91ad709.binning_data.json,2023-11-04 23:59:00.000,2023-11-04 23:59:00.000,com.sec.android.app.shealth,0,13299,1.4222,9575.28,558.56,sampleDeviceID,com.sec.android.app.shealth,91e1dc74-3d38-4af4-a07f-7147b91ad709,1699056000000,
5dacc656-036f-429e-9949-3415ab7d8de3.binning_data.json,2023-11-05 23:59:00.000,2023-11-05 23:59:00.000,com.sec.android.app.shealth,0,8106,1.3306,5836.32,340.45,sampleDeviceID,com.sec.android.app.shealth,5dacc656-036f-429e-9949-3415ab7d8de3,1699142400000,
9447a62b-d7b1-47b3-bc5c-638bbd48be66.binning_data.json,2023-11-06 23:59:00.000,2023-11-06 23:59:00.000,com.sec.android.app.shealth,0,7598,1.4995,5470.56,319.12,sampleDeviceID,com.sec.android.app.shealth,9447a62b-d7b1-47b3-bc5c-638bbd48be66,1699228800000,
8a01fe38-8027-46b2-91d4-4d4cdf22e765.binning_data.json,2023-11-07 23:59:00.000,2023-11-07 23:59:00.000,com.sec.android.app.shealth,0,6567,1.4858,4728.24,275.81,sampleDeviceID,com.sec.android.app.shealth,8a01fe38-8027-46b2-91d4-4d4cdf22e765,1699315200000,
0f314300-d2e8-4df2-b191-cc4fa0dd4233.binning_data.json,2023-11-08 23:59:00.000,2023-11-08 23:59:00.000,com.sec.android.app.shealth,0,6381,1.3113,4594.32,268,sampleDeviceID,com.sec.android.app.shealth,0f314300-d2e8-4df2-b191-cc4fa0dd4233,1699401600000,
bc720701-2188-42d1-9981-2cf79d007e2c.binning_data.json,2023-11-09 23:59:00.000,2023-11-09 23:59:00.000,com.sec.android.app.shealth,0,10255,1.4163,7383.6,430.71,sampleDeviceID,com.sec.android.app.shealth,bc720701-2188-42d1-9981-2cf79d007e2c,1699488000000,
fca6536d-c1b0-4330-baef-3d5ee5ef7670.binning_data.json,2023-11-10 23:59:00.000,2023-11-10 23:59:00.000,com.sec.android.app.shealth,0,7774,1.3928,5597.28,326.51,sampleDeviceID,com.sec.android.app.shealth,fca6536d-c1b0-4330-baef-3d5ee5ef7670,1699574400000,
95d40a22-4917-4c6d-90f7-f0387f5c3ccd.binning_data.json,2023-11-11 23:59:00.000,2023-11-11 23:59:00.000,com.sec.android.app.shealth,0,9780,1.3374,7041.6,410.76,sampleDeviceID,com.sec.android.app.shealth,95d40a22-4917-4c6d-90f7-f0387f5c3ccd,1699660800000,
3d56eb97-3de0-4428-8ea1-12cbe3794abd.binning_data.json,2023-11-12 23:59:00.000,2023-11-12 23:59:00.000,com.sec.android.app.shealth,0,12114,1.3061,8722.08,508.79,sampleDeviceID,com.sec.android.app.shealth,3d56eb97-3de0-4428-8ea1-12cbe3794abd,1699747200000,
1401243a-30e2-4b35-9795-7bbd0b3cd692.binning_data.json,2023-11-13 23:59:00.000,2023-11-13 23:59:00.000,com.sec.android.app.shealth,0,6072,1.3663,4371.84,255.02,sampleDeviceID,com.sec.android.app.shealth,1401243a-30e2-4b35-9795-7bbd0b3cd692,1699833600000,
9e1e2933-cc7e-4307-82c9-8915e570414e.binning_data.json,2023-11-14 23:59:00.000,2023-11-14 23:59:00.000,com.sec.android.app.shealth,0,9394,1.3639,6763.68,394.55,sampleDeviceID,com.sec.android.app.shealth,9e1e2933-cc7e-4307-82c9-8915e570414e,1699920000000,
577174db-78dd-4f6e-8667-652658f4d5fe.binning_data.json,2023-11-15 23:59:00.000,2023-11-15 23:59:00.000,com.sec.android.app.shealth,0,8469,1.3468,6097.68,355.7,sampleDeviceID,com.sec.android.app.shealth,577174db-78dd-4f6e-8667-652658f4d5fe,1700006400000,
d7a6457c-daa2-4df1-99b4-8586d0d9ed18.binning_data.json,2023-11-16 23:59:00.000,2023-11-16 23:59:00.000,com.sec.android.app.shealth,0,10406,1.3337,7492.32,437.05,sampleDeviceID,com.sec.android.app.shealth,d7a6457c-daa2-4df1-99b4-8586d0d9ed18,1700092800000,
def9c678-f1d7-4c1b-ba1a-8c679033e5a0.binning_data.json,2023-11-17 23:59:00.000,2023-11-17 23:59:00.000,com.sec.android.app.shealth,0,6027,1.2962,4339.44,253.13,sampleDeviceID,com.sec.android.app.shealth,def9c678-f1d7-4c1b-ba1a-8c679033e5a0,1700179200000,
49dca853-a353-4bb2-b030-4e8d900489ad.binning_data.json,2023-11-18 23:59:00.000,2023-11-18 23:59:00.000,com.sec.android.app.shealth,0,6964,1.3941,5014.08,292.49,sampleDeviceID,com.sec.android.app.shealth,49dca853-a353-4bb2-b030-4e8d900489ad,1700265600000,
eb43ce45-c3c9-4d11-b8a2-162d7500dd58.binning_data.json,2023-11-19 23:59:00.000,2023-11-19 23:59:00.000,com.sec.android.app.shealth,0,7039,1.3574,5068.08,295.64,sampleDeviceID,com.sec.android.app.shealth,eb43ce45-c3c9-4d11-b8a2-162d7500dd58,1700352000000,
9f302b8e-048a-4077-8763-04f46168ac77.binning_data.json,2023-11-20 23:59:00.000,2023-11-20 23:59:00.000,com.sec.android.app.shealth,0,8037,1.3546,5786.64,337.55,sampleDeviceID,com.sec.android.app.shealth,9f302b8e-048a-4077-8763-04f46168ac77,1700438400000,
2f39ffe6-31a9-44a6-aff7-ded7d168b3fa.binning_data.json,2023-11-21 23:59:00.000,2023-11-21 23:59:00.000,com.sec.android.app.shealth,0,10735,1.3772,7729.2,450.87,sampleDeviceID,com.sec.android.app.shealth,2f39ffe6-31a9-44a6-aff7-ded7d168b3fa,1700524800000,
b3f0b58d-61f8-4961-b9c7-db418fa3b24e.binning_data.json,2023-11-22 23:59:00.000,2023-11-22 23:59:00.000,com.sec.android.app.shealth,0,8043,1.4368,5790.96,337.81,sampleDeviceID,com.sec.android.app.shealth,b3f0b58d-61f8-4961-b9c7-db418fa3b24e,1700611200000,
e3d1fb32-3592-4735-9e46-3633ae4f6348.binning_data.json,2023-11-23 23:59:00.000,2023-11-23 23:59:00.000,com.sec.android.app.shealth,0,8523,1.3902,6136.56,357.97,sampleDeviceID,com.sec.android.app.shealth,e3d1fb32-3592-4735-9e46-3633ae4f6348,1700697600000,
32230a10-8bfd-41ef-9d5a-b388dd24c7d4.binning_data.json,2023-11-24 23:59:00.000,2023-11-24 23:59:00.000,com.sec.android.app.shealth,0,4506,1.4574,3244.32,189.25,sampleDeviceID,com.sec.android.app.shealth,32230a10-8bfd-41ef-9d5a-b388dd24c7d4,1700784000000,
7d6b2050-0d0d-46b9-873a-03e05e0b9e56.binning_data.json,2023-11-25 23:59:00.000,2023-11-25 23:59:00.000,com.sec.android.app.shealth,0,4407,1.3274,3173.04,185.09,sampleDeviceID,com.sec.android.app.shealth,7d6b2050-0d0d-46b9-873a-03e05e0b9e56,1700870400000,
224d5ae1-afe6-469b-b178-23486de2162b.binning_data.json,2023-11-26 23:59:00.000,2023-11-26 23:59:00.000,com.sec.android.app.shealth,0,5265,1.3929,3790.8,221.13,sampleDeviceID,com.sec.android.app.shealth,224d5ae1-afe6-469b-b178-23486de2162b,1700956800000,
9e5c62f5-39fd-4690-9973-41562e6a88b1.binning_data.json,2023-11-27 23:59:00.000,2023-11-27 23:59:00.000,com.sec.android.app.shealth,0,8800,1.4448,6336,369.6,sampleDeviceID,com.sec.android.app.shealth,9e5c62f5-39fd-4690-9973-41562e6a88b1,1701043200000,
efa736db-378a-49b4-be5b-2eebebf6b866.binning_data.json,2023-11-28 23:59:00.000,2023-11-28 23:59:00.000,com.sec.android.app.shealth,0,7745,1.4922,5576.4,325.29,sampleDeviceID,com.sec.android.app.shealth,efa736db-378a-49b4-be5b-2eebebf6b866,1701129600000,
f9e1410d-1c0f-4ec5-95d9-fa57eebb1a2e.binning_data.json,2023-11-29 23:59:00.000,2023-11-29 23:59:00.000,com.sec.android.app.shealth,0,10662,1.3917,7676.64,447.8,sampleDeviceID,com.sec.android.app.shealth,f9e1410d-1c0f-4ec5-95d9-fa57eebb1a2e,1701216000000,
5b6a4eec-70f7-4085-8c8c-da6bcd231a34.binning_data.json,2023-11-30 23:59:00.000,2023-11-30 23:59:00.000,com.sec.android.app.shealth,0,6852,1.2584,4933.44,287.78,sampleDeviceID,com.sec.android.app.shealth,5b6a4eec-70f7-4085-8c8c-da6bcd231a34,1701302400000,
122fc97c-67d8-4c33-9819-c73763131995.binning_data.json,2023-12-01 23:59:00.000,2023-12-01 23:59:00.000,com.sec.android.app.shealth,0,6112,1.2698,4400.64,256.7,sampleDeviceID,com.sec.android.app.shealth,122fc97c-67d8-4c33-9819-c73763131995,1701388800000,
16a276d0-882f-4e62-9f70-4b56f24d3056.binning_data.json,2023-12-02 23:59:00.000,2023-12-02 23:59:00.000,com.sec.android.app.shealth,0,12895,1.457,9284.4,541.59,sampleDeviceID,com.sec.android.app.shealth,16a276d0-882f-4e62-9f70-4b56f24d3056,1701475200000,
f6c54380-9b09-46cc-8239-cac6c1335b21.binning_data.json,2023-12-03 23:59:00.000,2023-12-03 23:59:00.000,com.sec.android.app.shealth,0,13819,1.3045,9949.68,580.4,sampleDeviceID,com.sec.android.app.shealth,f6c54380-9b09-46cc-8239-cac6c1335b21,1701561600000,
fd58037f-41f5-4d50-ac7e-377466824d1c.binning_data.json,2023-12-04 23:59:00.000,2023-12-04 23:59:00.000,com.sec.android.app.shealth,0,5292,1.4394,3810.24,222.26,sampleDeviceID,com.sec.android.app.shealth,fd58037f-41f5-4d50-ac7e-377466824d1c,1701648000000,
fb448253-a549-4ba2-9b8a-050448e8f510.binning_data.json,2023-12-05 23:59:00.000,2023-12-05 23:59:00.000,com.sec.android.app.shealth,0,5272,1.2861,3795.84,221.42,sampleDeviceID,com.sec.android.app.shealth,fb448253-a549-4ba2-9b8a-050448e8f510,1701734400000,
a679a381-bf39-42c3-a3df-aa9bb4070d5e.binning_data.json,2023-12-06 23:59:00.000,2023-12-06 23:59:00.000,com.sec.android.app.shealth,0,10735,1.4288,7729.2,450.87,sampleDeviceID,com.sec.android.app.shealth,a679a381-bf39-42c3-a3df-aa9bb4070d5e,1701820800000,
b03b27af-2185-4ace-bcf0-d935875fb71e.binning_data.json,2023-12-07 23:59:00.000,2023-12-07 23:59:00.000,com.sec.android.app.shealth,0,8962,1.2647,6452.64,376.4,sampleDeviceID,com.sec.android.app.shealth,b03b27af-2185-4ace-bcf0-d935875fb71e,1701907200000,
e7ceb817-e653-4f4a-a075-5ffdbb5e50e9.binning_data.json,2023-12-08 23:59:00.000,2023-12-08 23:59:00.000,com.sec.android.app.shealth,0,8906,1.4805,6412.32,374.05,sampleDeviceID,com.sec.android.app.shealth,e7ceb817-e653-4f4a-a075-5ffdbb5e50e9,1701993600000,
829eae33-e38d-472b-b204-8a3c3c9b043e.binning_data.json,2023-12-09 23:59:00.000,2023-12-09 23:59:00.000,com.sec.android.app.shealth,0,4010,1.253,2887.2,168.42,sampleDeviceID,com.sec.android.app.shealth,829eae33-e38d-472b-b204-8a3c3c9b043e,1702080000000,
048e8871-c5a4-44c9-81c8-16f8252c0c12.binning_data.json,2023-12-10 23:59:00.000,2023-12-10 23:59:00.000,com.sec.android.app.shealth,0,13832,1.4668,9959.04,580.94,sampleDeviceID,com.sec.android.app.shealth,048e8871-c5a4-44c9-81c8-16f8252c0c12,1702166400000,
565b0d79-37f5-4108-8aea-96087fc9df32.binning_data.json,2023-12-11 23:59:00.000,2023-12-11 23:59:00.000,com.sec.android.app.shealth,0,9281,1.442,6682.32,389.8,sampleDeviceID,com.sec.android.app.shealth,565b0d79-37f5-4108-8aea-96087fc9df32,1702252800000,
bcdfee46-cc26-493e-a83c-02eeb98da74b.binning_data.json,2023-12-12 23:59:00.000,2023-12-12 23:59:00.000,com.sec.android.app.shealth,0,8081,1.3262,5818.32,339.4,sampleDeviceID,com.sec.android.app.shealth,bcdfee46-cc26-493e-a83c-02eeb98da74b,1702339200000,
f9fb131b-5c79-4e3a-b42c-3d5716ae47b6.binning_data.json,2023-12-13 23:59:00.000,2023-12-13 23:59:00.000,com.sec.android.app.shealth,0,4946,1.4326,3561.12,207.73,sampleDeviceID,com.sec.android.app.shealth,f9fb131b-5c79-4e3a-b42c-3d5716ae47b6,1702425600000,
8d51e61d-2801-4864-811a-06107408f0be.binning_data.json,2023-12-14 23:59:00.000,2023-12-14 23:59:00.000,com.sec.android.app.shealth,0,7460,1.3105,5371.2,313.32,sampleDeviceID,com.sec.android.app.shealth,8d51e61d-2801-4864-811a-06107408f0be,1702512000000,
57733217-f997-49a6-9dc2-08053bbd8640.binning_data.json,2023-12-15 23:59:00.000,2023-12-15 23:59:00.000,com.sec.android.app.shealth,0,10920,1.3828,7862.4,458.64,sampleDeviceID,com.sec.android.app.shealth,57733217-f997-49a6-9dc2-08053bbd8640,1702598400000,
ecf2c569-5639-476c-be13-7bd4db047f0d.binning_data.json,2023-12-16 23:59:00.000,2023-12-16 23:59:00.000,com.sec.android.app.shealth,0,5578,1.3462,4016.16,234.28,sampleDeviceID,com.sec.android.app.shealth,ecf2c569-5639-476c-be13-7bd4db047f0d,1702684800000,
616f01a2-6065-45b4-948a-799257d1e32a.binning_data.json,2023-12-17 23:59:00.000,2023-12-17 23:59:00.000,com.sec.android.app.shealth,0,13592,1.4782,9786.24,570.86,sampleDeviceID,com.sec.android.app.shealth,616f01a2-6065-45b4-948a-799257d1e32a,1702771200000,
1641e8ff-cdab-4e54-a81d-5141142b929d.binning_data.json,2023-12-18 23:59:00.000,2023-12-18 23:59:00.000,com.sec.android.app.shealth,0,9842,1.2941,7086.24,413.36,sampleDeviceID,com.sec.android.app.shealth,1641e8ff-cdab-4e54-a81d-5141142b929d,1702857600000,
d1975508-840c-4eaf-bc58-90576378485d.binning_data.json,2023-12-19 23:59:00.000,2023-12-19 23:59:00.000,com.sec.android.app.shealth,0,9075,1.272,6534,381.15,sampleDeviceID,com.sec.android.app.shealth,d1975508-840c-4eaf-bc58-90576378485d,1702944000000,
2641b0c5-c928-45c8-b730-debfb491a4a9.binning_data.json,2023-12-20 23:59:00.000,2023-12-20 23:59:00.000,com.sec.android.app.shealth,0,8265,1.2774,5950.8,347.13,sampleDeviceID,com.sec.android.app.shealth,2641b0c5-c928-45c8-b730-debfb491a4a9,1703030400000,
53541a19-869c-49a2-a571-f23273633967.binning_data.json,2023-12-21 23:59:00.000,2023-12-21 23:59:00.000,com.sec.android.app.shealth,0,6235,1.2621,4489.2,261.87,sampleDeviceID,com.sec.android.app.shealth,53541a19-869c-49a2-a571-f23273633967,1703116800000,
fc7a7b55-9b4b-41d1-a781-d8947750ae34.binning_data.json,2023-12-22 23:59:00.000,2023-12-22 23:59:00.000,com.sec.android.app.shealth,0,10338,1.2567,7443.36,434.2,sampleDeviceID,com.sec.android.app.shealth,fc7a7b55-9b4b-41d1-a781-d8947750ae34,1703203200000,
86edff25-6fda-402b-b006-ded89c0814de.binning_data.json,2023-12-23 23:59:00.000,2023-12-23 23:59:00.000,com.sec.android.app.shealth,0,10604,1.487,7634.88,445.37,sampleDeviceID,com.sec.android.app.shealth,86edff25-6fda-402b-b006-ded89c0814de,1703289600000,
41d1f788-18f1-4c83-a458-3bb61c4c7ca7.binning_data.json,2023-12-24 23:59:00.000,2023-12-24 23:59:00.000,com.sec.android.app.shealth,0,12998,1.3182,9358.56,545.92,sampleDeviceID,com.sec.android.app.shealth,41d1f788-18f1-4c83-a458-3bb61c4c7ca7,1703376000000,
09688033-231d-48c3-846b-bbd2d15e4995.binning_data.json,2023-12-25 23:59:00.000,2023-12-25 23:59:00.000,com.sec.android.app.shealth,0,6299,1.2615,4535.28,264.56,sampleDeviceID,com.sec.android.app.shealth,09688033-231d-48c3-846b-bbd2d15e4995,1703462400000,
a364acfa-e9cf-477c-aef3-2c1f8c03daa2.binning_data.json,2023-12-26 23:59:00.000,2023-12-26 23:59:00.000,com.sec.android.app.shealth,0,10365,1.3383,7462.8,435.33,sampleDeviceID,com.sec.android.app.shealth,a364acfa-e9cf-477c-aef3-2c1f8c03daa2,1703548800000,
e4552271-d1c2-482a-8940-6c66178fa6df.binning_data.json,2023-12-27 23:59:00.000,2023-12-27 23:59:00.000,com.sec.android.app.shealth,0,7540,1.29,5428.8,316.68,sampleDeviceID,com.sec.android.app.shealth,e4552271-d1c2-482a-8940-6c66178fa6df,1703635200000,
881dcb2b-7f87-4dd6-8de0-bd9290570b72.binning_data.json,2023-12-28 23:59:00.000,2023-12-28 23:59:00.000,com.sec.android.app.shealth,0,8805,1.3722,6339.6,369.81,sampleDeviceID,com.sec.android.app.shealth,881dcb2b-7f87-4dd6-8de0-bd9290570b72,1703721600000,
7b70203f-22bd-442a-a0af-6525b9b25c8c.binning_data.json,2023-12-29 23:59:00.000,2023-12-29 23:59:00.000,com.sec.android.app.shealth,0,5944,1.4133,4279.68,249.65,sampleDeviceID,com.sec.android.app.shealth,7b70203f-22bd-442a-a0af-6525b9b25c8c,1703808000000,
5d591dab-1591-406e-b3bb-88e272b1b6b8.binning_data.json,2023-12-30 23:59:00.000,2023-12-30 23:59:00.000,com.sec.android.app.shealth,0,4707,1.4035,3389.04,197.69,sampleDeviceID,com.sec.android.app.shealth,5d591dab-1591-406e-b3bb-88e272b1b6b8,1703894400000,
ebfdd7a0-e46b-459d-b54e-d0956de059a7.binning_data.json,2023-12-31 23:59:00.000,2023-12-31 23:59:00.000,com.sec.android.app.shealth,0,6991,1.322,5033.52,293.62,sampleDeviceID,com.sec.android.app.shealth,ebfdd7a0-e46b-459d-b54e-d0956de059a7,1703980800000,
a8af6529-6832-4400-aecd-d9db32e8d84d.binning_data.json,2024-01-01 23:59:00.000,2024-01-01 23:59:00.000,com.sec.android.app.shealth,0,4839,1.4507,3484.08,203.24,sampleDeviceID,com.sec.android.app.shealth,a8af6529-6832-4400-aecd-d9db32e8d84d,1704067200000,
29c4dfbe-c421-4989-9e64-9e274d3c7c71.binning_data.json,2024-01-02 23:59:00.000,2024-01-02 23:59:00.000,com.sec.android.app.shealth,0,8724,1.2648,6281.28,366.41,sampleDeviceID,com.sec.android.app.shealth,29c4dfbe-c421-4989-9e64-9e274d3c7c71,1704153600000,
a63270a5-e2db-41fe-bed1-1c9c42546cda.binning_data.json,2024-01-03 23:59:00.000,2024-01-03 23:59:00.000,com.sec.android.app.shealth,0,5514,1.4464,3970.08,231.59,sampleDeviceID,com.sec.android.app.shealth,a63270a5-e2db-41fe-bed1-1c9c42546cda,1704240000000,
8e551be7-3d6f-4a97-a4bf-efb982898f01.binning_data.json,2024-01-04 23:59:00.000,2024-01-04 23:59:00.000,com.sec.android.app.shealth,0,6592,1.3056,4746.24,276.86,sampleDeviceID,com.sec.android.app.shealth,8e551be7-3d6f-4a97-a4bf-efb982898f01,1704326400000,
ca6fa71b-3a3e-47c3-83f1-68e87a7c7a27.binning_data.json,2024-01-05 23:59:00.000,2024-01-05 23:59:00.000,com.sec.android.app.shealth,0,8696,1.4297,6261.12,365.23,sampleDeviceID,com.sec.android.app.shealth,ca6fa71b-3a3e-47c3-83f1-68e87a7c7a27,1704412800000,
8f196b5e-3674-494c-ab07-89b8bd05255a.binning_data.json,2024-01-06 23:59:00.000,2024-01-06 23:59:00.000,com.sec.android.app.shealth,0,12512,1.3184,9008.64,525.5,sampleDeviceID,com.sec.android.app.shealth,8f196b5e-3674-494c-ab07-89b8bd05255a,1704499200000,
57520523-0503-425b-86ad-e2e286ead243.binning_data.json,2024-01-07 23:59:00.000,2024-01-07 23:59:00.000,com.sec.android.app.shealth,0,4034,1.4328,2904.48,169.43,sampleDeviceID,com.sec.android.app.shealth,57520523-0503-425b-86ad-e2e286ead243,1704585600000,
011e6177-4308-40f2-8460-a42fd3ae57df.binning_data.json,2024-01-08 23:59:00.000,2024-01-08 23:59:00.000,com.sec.android.app.shealth,0,9713,1.3043,6993.36,407.95,sampleDeviceID,com.sec.android.app.shealth,011e6177-4308-40f2-8460-a42fd3ae57df,1704672000000,
4bdafe8c-dc25-4774-9fae-2b92218b8d98.binning_data.json,2024-01-09 23:59:00.000,2024-01-09 23:59:00.000,com.sec.android.app.shealth,0,4545,1.3355,3272.4,190.89,sampleDeviceID,com.sec.android.app.shealth,4bdafe8c-dc25-4774-9fae-2b92218b8d98,1704758400000,
ce5b1dd3-017c-4c9a-8aa8-b9430f31b52c.binning_data.json,2024-01-10 23:59:00.000,2024-01-10 23:59:00.000,com.sec.android.app.shealth,0,7071,1.349,5091.12,296.98,sampleDeviceID,com.sec.android.app.shealth,ce5b1dd3-017c-4c9a-8aa8-b9430f31b52c,1704844800000,
fa3d51e6-7d9a-4223-a2c8-eaf03e67e056.binning_data.json,2024-01-11 23:59:00.000,2024-01-11 23:59:00.000,com.sec.android.app.shealth,0,8138,1.4916,5859.36,341.8,sampleDeviceID,com.sec.android.app.shealth,fa3d51e6-7d9a-4223-a2c8-eaf03e67e056,1704931200000,
03917b8f-a317-4e08-a88e-d5704f5f05f3.binning_data.json,2024-01-12 23:59:00.000,2024-01-12 23:59:00.000,com.sec.android.app.shealth,0,10518,1.2863,7572.96,441.76,sampleDeviceID,com.sec.android.app.shealth,03917b8f-a317-4e08-a88e-d5704f5f05f3,1705017600000,
9adfad01-6c40-4b68-bb81-eaa27cf9603a.binning_data.json,2024-01-13 23:59:00.000,2024-01-13 23:59:00.000,com.sec.android.app.shealth,0,10216,1.4766,7355.52,429.07,sampleDeviceID,com.sec.android.app.shealth,9adfad01-6c40-4b68-bb81-eaa27cf9603a,1705104000000,
18dfc32d-4ebf-4daf-a2b9-b82d57f9303f.binning_data.json,2024-01-14 23:59:00.000,2024-01-14 23:59:00.000,com.sec.android.app.shealth,0,9087,1.4108,6542.64,381.65,sampleDeviceID,com.sec.android.app.shealth,18dfc32d-4ebf-4daf-a2b9-b82d57f9303f,1705190400000,
5d307fcf-fa00-4a0c-b69e-0a950bd677ed.binning_data.json,2024-01-15 23:59:00.000,2024-01-15 23:59:00.000,com.sec.android.app.shealth,0,10565,1.2736,7606.8,443.73,sampleDeviceID,com.sec.android.app.shealth,5d307fcf-fa00-4a0c-b69e-0a950bd677ed,1705276800000,
2e0c0cd1-eb7d-403f-bc98-49fe48572223.binning_data.json,2024-01-16 23:59:00.000,2024-01-16 23:59:00.000,com.sec.android.app.shealth,0,6737,1.2813,4850.64,282.95,sampleDeviceID,com.sec.android.app.shealth,2e0c0cd1-eb7d-403f-bc98-49fe48572223,1705363200000,
ee803ec3-cb08-415c-a383-2519d5b4d04d.binning_data.json,2024-01-17 23:59:00.000,2024-01-17 23:59:00.000,com.sec.android.app.shealth,0,10790,1.3365,7768.8,453.18,sampleDeviceID,com.sec.android.app.shealth,ee803ec3-cb08-415c-a383-2519d5b4d04d,1705449600000,
8e555825-f6cb-4e4a-af61-b7a81bc32236.binning_data.json,2024-01-18 23:59:00.000,2024-01-18 23:59:00.000,com.sec.android.app.shealth,0,8071,1.4795,5811.12,338.98,sampleDeviceID,com.sec.android.app.shealth,8e555825-f6cb-4e4a-af61-b7a81bc32236,1705536000000,
82f093ca-a57d-4ddb-b6d5-0c899d406a0d.binning_data.json,2024-01-19 23:59:00.000,2024-01-19 23:59:00.000,com.sec.android.app.shealth,0,9286,1.3352,6685.92,390.01,sampleDeviceID,com.sec.android.app.shealth,82f093ca-a57d-4ddb-b6d5-0c899d406a0d,1705622400000,
2857b3d8-5594-4c9c-9061-4fb31998677e.binning_data.json,2024-01-20 23:59:00.000,2024-01-20 23:59:00.000,com.sec.android.app.shealth,0,13449,1.2511,9683.28,564.86,sampleDeviceID,com.sec.android.app.shealth,2857b3d8-5594-4c9c-9061-4fb31998677e,1705708800000,
5958a715-9073-4997-8fab-3fe6f3fd14b7.binning_data.json,2024-01-21 23:59:00.000,2024-01-21 23:59:00.000,com.sec.android.app.shealth,0,12614,1.3334,9082.08,529.79,sampleDeviceID,com.sec.android.app.shealth,5958a715-9073-4997-8fab-3fe6f3fd14b7,1705795200000,
22e35b07-0b16-47f9-99f5-faee3f44799d.binning_data.json,2024-01-22 23:59:00.000,2024-01-22 23:59:00.000,com.sec.android.app.shealth,0,5620,1.2728,4046.4,236.04,sampleDeviceID,com.sec.android.app.shealth,22e35b07-0b16-47f9-99f5-faee3f44799d,1705881600000,
a549701c-f990-4686-909f-7d57331171ce.binning_data.json,2024-01-23 23:59:00.000,2024-01-23 23:59:00.000,com.sec.android.app.shealth,0,10793,1.3147,7770.96,453.31,sampleDeviceID,com.sec.android.app.shealth,a549701c-f990-4686-909f-7d57331171ce,1705968000000,
f72daaa9-fe9a-4222-8665-26214bc53bf1.binning_data.json,2024-01-24 23:59:00.000,2024-01-24 23:59:00.000,com.sec.android.app.shealth,0,4526,1.2919,3258.72,190.09,sampleDeviceID,com.sec.android.app.shealth,f72daaa9-fe9a-4222-8665-26214bc53bf1,1706054400000,
313efcf1-11f4-4eda-ad33-c607d02562b4.binning_data.json,2024-01-25 23:59:00.000,2024-01-25 23:59:00.000,com.sec.android.app.shealth,0,9584,1.3238,6900.48,402.53,sampleDeviceID,com.sec.android.app.shealth,313efcf1-11f4-4eda-ad33-c607d02562b4,1706140800000,
a6a21069-0970-454e-bb25-321676e31951.binning_data.json,2024-01-26 23:59:00.000,2024-01-26 23:59:00.000,com.sec.android.app.shealth,0,9701,1.3852,6984.72,407.44,sampleDeviceID,com.sec.android.app.shealth,a6a21069-0970-454e-bb25-321676e31951,1706227200000,
2b161dcc-b3ea-49c5-b59e-9af3a72d1612.binning_data.json,2024-01-27 23:59:00.000,2024-01-27 23:59:00.000,com.sec.android.app.shealth,0,7057,1.3465,5081.04,296.39,sampleDeviceID,com.sec.android.app.shealth,2b161dcc-b3ea-49c5-b59e-9af3a72d1612,1706313600000,
fb9bed44-e9f3-4b8b-a792-48f96680c4bd.binning_data.json,2024-01-28 23:59:00.000,2024-01-28 23:59:00.000,com.sec.android.app.shealth,0,6527,1.489,4699.44,274.13,sampleDeviceID,com.sec.android.app.shealth,fb9bed44-e9f3-4b8b-a792-48f96680c4bd,1706400000000,
65619baf-a3bf-464d-81b1-2c2043fad777.binning_data.json,2024-01-29 23:59:00.000,2024-01-29 23:59:00.000,com.sec.android.app.shealth,0,9902,1.2715,7129.44,415.88,sampleDeviceID,com.sec.android.app.shealth,65619baf-a3bf-464d-81b1-2c2043fad777,1706486400000,
fe477f24-7998-41ea-b367-1814f79b4a32.binning_data.json,2024-01-30 23:59:00.000,2024-01-30 23:59:00.000,com.sec.android.app.shealth,0,10770,1.4613,7754.4,452.34,sampleDeviceID,com.sec.android.app.shealth,fe477f24-7998-41ea-b367-1814f79b4a32,1706572800000,
be6427e9-df0f-4762-9ea7-7ca7ef27d5f9.binning_data.json,2024-01-31 23:59:00.000,2024-01-31 23:59:00.000,com.sec.android.app.shealth,0,7086,1.3274,5101.92,297.61,sampleDeviceID,com.sec.android.app.shealth,be6427e9-df0f-4762-9ea7-7ca7ef27d5f9,1706659200000,
c3596ca8-6564-4a4e-a786-c7590412bc60.binning_data.json,2024-02-01 23:59:00.000,2024-02-01 23:59:00.000,com.sec.android.app.shealth,0,6992,1.3354,5034.24,293.66,sampleDeviceID,com.sec.android.app.shealth,c3596ca8-6564-4a4e-a786-c7590412bc60,1706745600000,
c0331033-0388-40a2-9a9d-baf6dedaba2c.binning_data.json,2024-02-02 23:59:00.000,2024-02-02 23:59:00.000,com.sec.android.app.shealth,0,6600,1.3507,4752,277.2,sampleDeviceID,com.sec.android.app.shealth,c0331033-0388-40a2-9a9d-baf6dedaba2c,1706832000000,
81dc837e-d809-43fd-bdce-6cfbe202bfcc.binning_data.json,2024-02-03 23:59:00.000,2024-02-03 23:59:00.000,com.sec.android.app.shealth,0,12475,1.3387,8982,523.95,sampleDeviceID,com.sec.android.app.shealth,81dc837e-d809-43fd-bdce-6cfbe202bfcc,1706918400000,
14f59476-01b1-43ce-92c9-79b5cdf8622f.binning_data.json,2024-02-04 23:59:00.000,2024-02-04 23:59:00.000,com.sec.android.app.shealth,0,8915,1.4957,6418.8,374.43,sampleDeviceID,com.sec.android.app.shealth,14f59476-01b1-43ce-92c9-79b5cdf8622f,1707004800000,
9081698c-b9cf-4fbb-95a5-37d0b24d3d59.binning_data.json,2024-02-05 23:59:00.000,2024-02-05 23:59:00.000,com.sec.android.app.shealth,0,8908,1.3315,6413.76,374.14,sampleDeviceID,com.sec.android.app.shealth,9081698c-b9cf-4fbb-95a5-37d0b24d3d59,1707091200000,
9156f4f3-29de-4357-b9bc-02b8e9d024e2.binning_data.json,2024-02-06 23:59:00.000,2024-02-06 23:59:00.000,com.sec.android.app.shealth,0,10501,1.4082,7560.72,441.04,sampleDeviceID,com.sec.android.app.shealth,9156f4f3-29de-4357-b9bc-02b8e9d024e2,1707177600000,
27cebcf9-6524-4a2e-a491-2cb161710f6b.binning_data.json,2024-02-07 23:59:00.000,2024-02-07 23:59:00.000,com.sec.android.app.shealth,0,8892,1.3282,6402.24,373.46,sampleDeviceID,com.sec.android.app.shealth,27cebcf9-6524-4a2e-a491-2cb161710f6b,1707264000000,
0f07be13-dcd5-4c40-a39a-37c2fb0765db.binning_data.json,2024-02-08 23:59:00.000,2024-02-08 23:59:00.000,com.sec.android.app.shealth,0,9289,1.4367,6688.08,390.14,sampleDeviceID,com.sec.android.app.shealth,0f07be13-dcd5-4c40-a39a-37c2fb0765db,1707350400000,
31d385db-5f44-4553-9bc0-c56aa3feb1c0.binning_data.json,2024-02-09 23:59:00.000,2024-02-09 23:59:00.000,com.sec.android.app.shealth,0,9431,1.2501,6790.32,396.1,sampleDeviceID,com.sec.android.app.shealth,31d385db-5f44-4553-9bc0-c56aa3feb1c0,1707436800000,
68a059a6-7477-41de-894a-091184ed27f9.binning_data.json,2024-02-10 23:59:00.000,2024-02-10 23:59:00.000,com.sec.android.app.shealth,0,8444,1.4279,6079.68,354.65,sampleDeviceID,com.sec.android.app.shealth,68a059a6-7477-41de-894a-091184ed27f9,1707523200000,
fe6fb8af-6d43-4ac5-b706-89db916a23ab.binning_data.json,2024-02-11 23:59:00.000,2024-02-11 23:59:00.000,com.sec.android.app.shealth,0,5919,1.389,4261.68,248.6,sampleDeviceID,com.sec.android.app.shealth,fe6fb8af-6d43-4ac5-b706-89db916a23ab,1707609600000,
62d6c93a-4a3d-49ae-8571-76356ee0db2d.binning_data.json,2024-02-12 23:59:00.000,2024-02-12 23:59:00.000,com.sec.android.app.shealth,0,8104,1.4986,5834.88,340.37,sampleDeviceID,com.sec.android.app.shealth,62d6c93a-4a3d-49ae-8571-76356ee0db2d,1707696000000,
dc70efea-f379-475d-8712-470dcab8fcce.binning_data.json,2024-02-13 23:59:00.000,2024-02-13 23:59:00.000,com.sec.android.app.shealth,0,6697,1.3206,4821.84,281.27,sampleDeviceID,com.sec.android.app.shealth,dc70efea-f379-475d-8712-470dcab8fcce,1707782400000,
142ef726-07d9-4a0c-89e3-c135e4644c86.binning_data.json,2024-02-14 23:59:00.000,2024-02-14 23:59:00.000,com.sec.android.app.shealth,0,9928,1.3923,7148.16,416.98,sampleDeviceID,com.sec.android.app.shealth,142ef726-07d9-4a0c-89e3-c135e4644c86,1707868800000,
10ce7add-04cd-4515-90ea-9a09a71d61b9.binning_data.json,2024-02-15 23:59:00.000,2024-02-15 23:59:00.000,com.sec.android.app.shealth,0,10237,1.2822,7370.64,429.95,sampleDeviceID,com.sec.android.app.shealth,10ce7add-04cd-4515-90ea-9a09a71d61b9,1707955200000,
eb3a73e8-bc6e-440b-9f52-d02e0dfd61cb.binning_data.json,2024-02-16 23:59:00.000,2024-02-16 23:59:00.000,com.sec.android.app.shealth,0,4785,1.4495,3445.2,200.97,sampleDeviceID,com.sec.android.app.shealth,eb3a73e8-bc6e-440b-9f52-d02e0dfd61cb,1708041600000,
595118b9-35a6-4ff9-b11e-4391c4a1dcc6.binning_data.json,2024-02-17 23:59:00.000,2024-02-17 23:59:00.000,com.sec.android.app.shealth,0,5402,1.3071,3889.44,226.88,sampleDeviceID,com.sec.android.app.shealth,595118b9-35a6-4ff9-b11e-4391c4a1dcc6,1708128000000,
12018165-534b-4fae-9e06-bfb660c7fe2a.binning_data.json,2024-02-18 23:59:00.000,2024-02-18 23:59:00.000,com.sec.android.app.shealth,0,6852,1.4093,4933.44,287.78,sampleDeviceID,com.sec.android.app.shealth,12018165-534b-4fae-9e06-bfb660c7fe2a,1708214400000,
282b52ff-ccb0-4ae4-b706-9150cc563178.binning_data.json,2024-02-19 23:59:00.000,2024-02-19 23:59:00.000,com.sec.android.app.shealth,0,5000,1.3683,3600,210,sampleDeviceID,com.sec.android.app.shealth,282b52ff-ccb0-4ae4-b706-9150cc563178,1708300800000,
5261c480-320a-4f11-b2a6-cc2f08329491.binning_data.json,2024-02-20 23:59:00.000,2024-02-20 23:59:00.000,com.sec.android.app.shealth,0,9376,1.4021,6750.72,393.79,sampleDeviceID,com.sec.android.app.shealth,5261c480-320a-4f11-b2a6-cc2f08329491,1708387200000,
cdad02ae-e5b5-461d-977d-257023a1d891.binning_data.json,2024-02-21 23:59:00.000,2024-02-21 23:59:00.000,com.sec.android.app.shealth,0,6160,1.3533,4435.2,258.72,sampleDeviceID,com.sec.android.app.shealth,cdad02ae-e5b5-461d-977d-257023a1d891,1708473600000,
3a8022d0-4be1-42b8-be7e-324de2edd6e0.binning_data.json,2024-02-22 23:59:00.000,2024-02-22 23:59:00.000,com.sec.android.app.shealth,0,8429,1.4675,6068.88,354.02,sampleDeviceID,com.sec.android.app.shealth,3a8022d0-4be1-42b8-be7e-324de2edd6e0,1708560000000,
1e29623e-c821-4f95-b36e-a0eb97a2d9ba.binning_data.json,2024-02-23 23:59:00.000,2024-02-23 23:59:00.000,com.sec.android.app.shealth,0,6383,1.332,4595.76,268.09,sampleDeviceID,com.sec.android.app.shealth,1e29623e-c821-4f95-b36e-a0eb97a2d9ba,1708646400000,
a5306b6d-5b53-4f66-96b5-322d23d93f85.binning_data.json,2024-02-24 23:59:00.000,2024-02-24 23:59:00.000,com.sec.android.app.shealth,0,4853,1.2643,3494.16,203.83,sampleDeviceID,com.sec.android.app.shealth,a5306b6d-5b53-4f66-96b5-322d23d93f85,1708732800000,
387b96ab-8844-46fc-af3a-fef40b985989.binning_data.json,2024-02-25 23:59:00.000,2024-02-25 23:59:00.000,com.sec.android.app.shealth,0,11738,1.2888,8451.36,493,sampleDeviceID,com.sec.android.app.shealth,387b96ab-8844-46fc-af3a-fef40b985989,1708819200000,
36ed7c11-b0b5-4acc-9b55-bf49f82074ad.binning_data.json,2024-02-26 23:59:00.000,2024-02-26 23:59:00.000,com.sec.android.app.shealth,0,10404,1.3671,7490.88,436.97,sampleDeviceID,com.sec.android.app.shealth,36ed7c11-b0b5-4acc-9b55-bf49f82074ad,1708905600000,
79ad2080-07b2-4865-8cbd-6a4c1d452ab9.binning_data.json,2024-02-27 23:59:00.000,2024-02-27 23:59:00.000,com.sec.android.app.shealth,0,4616,1.399,3323.52,193.87,sampleDeviceID,com.sec.android.app.shealth,79ad2080-07b2-4865-8cbd-6a4c1d452ab9,1708992000000,
27af291d-ea5b-4876-b112-cefed607e6f6.binning_data.json,2024-02-28 23:59:00.000,2024-02-28 23:59:00.000,com.sec.android.app.shealth,0,9092,1.3183,6546.24,381.86,sampleDeviceID,com.sec.android.app.shealth,27af291d-ea5b-4876-b112-cefed607e6f6,1709078400000,
cbad42f0-028e-497f-a68f-f716ea7406fd.binning_data.json,2024-02-29 23:59:00.000,2024-02-29 23:59:00.000,com.sec.android.app.shealth,0,7675,1.2883,5526,322.35,sampleDeviceID,com.sec.android.app.shealth,cbad42f0-028e-497f-a68f-f716ea7406fd,1709164800000,
8268dffb-3420-4860-9b86-a57e93cb6281.binning_data.json,2024-03-01 23:59:00.000,2024-03-01 23:59:00.000,com.sec.android.app.shealth,0,7395,1.3983,5324.4,310.59,sampleDeviceID,com.sec.android.app.shealth,8268dffb-3420-4860-9b86-a57e93cb6281,1709251200000,
f84b0c39-1ba9-4d1c-b9ad-c16661f80d6d.binning_data.json,2024-03-02 23:59:00.000,2024-03-02 23:59:00.000,com.sec.android.app.shealth,0,5676,1.2806,4086.72,238.39,sampleDeviceID,com.sec.android.app.shealth,f84b0c39-1ba9-4d1c-b9ad-c16661f80d6d,1709337600000,
6328863a-c0b2-478c-b3fb-c5ca16ca61bf.binning_data.json,2024-03-03 23:59:00.000,2024-03-03 23:59:00.000,com.sec.android.app.shealth,0,6539,1.3258,4708.08,274.64,sampleDeviceID,com.sec.android.app.shealth,6328863a-c0b2-478c-b3fb-c5ca16ca61bf,1709424000000,
dc153b53-bd7e-4bc9-b726-7f5eec211f56.binning_data.json,2024-03-04 23:59:00.000,2024-03-04 23:59:00.000,com.sec.android.app.shealth,0,9979,1.321,7184.88,419.12,sampleDeviceID,com.sec.android.app.shealth,dc153b53-bd7e-4bc9-b726-7f5eec211f56,1709510400000,
57d8d24c-b610-4f16-8ec5-da945763dda2.binning_data.json,2024-03-05 23:59:00.000,2024-03-05 23:59:00.000,com.sec.android.app.shealth,0,8431,1.2916,6070.32,354.1,sampleDeviceID,com.sec.android.app.shealth,57d8d24c-b610-4f16-8ec5-da945763dda2,1709596800000,
6b2f8ccd-44ea-4d50-b7ed-b38759e4b313.binning_data.json,2024-03-06 23:59:00.000,2024-03-06 23:59:00.000,com.sec.android.app.shealth,0,7619,1.2687,5485.68,320,sampleDeviceID,com.sec.android.app.shealth,6b2f8ccd-44ea-4d50-b7ed-b38759e4b313,1709683200000,
23318639-b0e2-47b3-9c7b-0da213fda847.binning_data.json,2024-03-07 23:59:00.000,2024-03-07 23:59:00.000,com.sec.android.app.shealth,0,6732,1.258,4847.04,282.74,sampleDeviceID,com.sec.android.app.shealth,23318639-b0e2-47b3-9c7b-0da213fda847,1709769600000,
b9e25e6c-7078-4590-af14-64f9cb84538d.binning_data.json,2024-03-08 23:59:00.000,2024-03-08 23:59:00.000,com.sec.android.app.shealth,0,8585,1.4434,6181.2,360.57,sampleDeviceID,com.sec.android.app.shealth,b9e25e6c-7078-4590-af14-64f9cb84538d,1709856000000,
6dd9b626-539b-434c-9b04-234d7e6314b9.binning_data.json,2024-03-09 23:59:00.000,2024-03-09 23:59:00.000,com.sec.android.app.shealth,0,11832,1.3339,8519.04,496.94,sampleDeviceID,com.sec.android.app.shealth,6dd9b626-539b-434c-9b04-234d7e6314b9,1709942400000,
a0219205-a4d6-4015-9ed7-a6daed404a53.binning_data.json,2024-03-10 23:59:00.000,2024-03-10 23:59:00.000,com.sec.android.app.shealth,0,8228,1.2945,5924.16,345.58,sampleDeviceID,com.sec.android.app.shealth,a0219205-a4d6-4015-9ed7-a6daed404a53,1710028800000,
d9cf8ba8-c456-46af-aea8-e80a4c3c651c.binning_data.json,2024-03-11 23:59:00.000,2024-03-11 23:59:00.000,com.sec.android.app.shealth,0,9279,1.2544,6680.88,389.72,sampleDeviceID,com.sec.android.app.shealth,d9cf8ba8-c456-46af-aea8-e80a4c3c651c,1710115200000,
a1ad23b1-dec6-4f55-bb7f-a23d54d202f6.binning_data.json,2024-03-12 23:59:00.000,2024-03-12 23:59:00.000,com.sec.android.app.shealth,0,5678,1.2521,4088.16,238.48,sampleDeviceID,com.sec.android.app.shealth,a1ad23b1-dec6-4f55-bb7f-a23d54d202f6,1710201600000,
a0763e38-b76a-456d-a854-ed5953f0371b.binning_data.json,2024-03-13 23:59:00.000,2024-03-13 23:59:00.000,com.sec.android.app.shealth,0,6083,1.3116,4379.76,255.49,sampleDeviceID,com.sec.android.app.shealth,a0763e38-b76a-456d-a854-ed5953f0371b,1710288000000,
dbc59eff-b47f-4906-9d9c-f784899896dc.binning_data.json,2024-03-14 23:59:00.000,2024-03-14 23:59:00.000,com.sec.android.app.shealth,0,10242,1.3514,7374.24,430.16,sampleDeviceID,com.sec.android.app.shealth,dbc59eff-b47f-4906-9d9c-f784899896dc,1710374400000,
cebe8d96-9bc9-45e3-9a42-4263081621d9.binning_data.json,2024-03-15 23:59:00.000,2024-03-15 23:59:00.000,com.sec.android.app.shealth,0,9084,1.4412,6540.48,381.53,sampleDeviceID,com.sec.android.app.shealth,cebe8d96-9bc9-45e3-9a42-4263081621d9,1710460800000,
36075987-5b2e-4069-b6fa-ca09bbc4830c.binning_data.json,2024-03-16 23:59:00.000,2024-03-16 23:59:00.000,com.sec.android.app.shealth,0,8758,1.2947,6305.76,367.84,sampleDeviceID,com.sec.android.app.shealth,36075987-5b2e-4069-b6fa-ca09bbc4830c,1710547200000,
ff175018-16c7-45c4-b42c-db24d601ade1.binning_data.json,2024-03-17 23:59:00.000,2024-03-17 23:59:00.000,com.sec.android.app.shealth,0,10590,1.3819,7624.8,444.78,sampleDeviceID,com.sec.android.app.shealth,ff175018-16c7-45c4-b42c-db24d601ade1,1710633600000,
1fbbd92b-e35d-48b8-9e4c-886eb822a7ea.binning_data.json,2024-03-18 23:59:00.000,2024-03-18 23:59:00.000,com.sec.android.app.shealth,0,5425,1.33,3906,227.85,sampleDeviceID,com.sec.android.app.shealth,1fbbd92b-e35d-48b8-9e4c-886eb822a7ea,1710720000000,
14274192-20d4-4f7d-aac4-380951575c13.binning_data.json,2024-03-19 23:59:00.000,2024-03-19 23:59:00.000,com.sec.android.app.shealth,0,7217,1.2786,5196.24,303.11,sampleDeviceID,com.sec.android.app.shealth,14274192-20d4-4f7d-aac4-380951575c13,1710806400000,
70231ae5-39c5-498c-9e17-553f4a1e36c2.binning_data.json,2024-03-20 23:59:00.000,2024-03-20 23:59:00.000,com.sec.android.app.shealth,0,10178,1.466,7328.16,427.48,sampleDeviceID,com.sec.android.app.shealth,70231ae5-39c5-498c-9e17-553f4a1e36c2,1710892800000,
4a1d9b00-d1ad-4206-8989-3e796c29c951.binning_data.json,2024-03-21 23:59:00.000,2024-03-21 23:59:00.000,com.sec.android.app.shealth,0,10307,1.4269,7421.04,432.89,sampleDeviceID,com.sec.android.app.shealth,4a1d9b00-d1ad-4206-8989-3e796c29c951,1710979200000,
6dfb7942-fa01-4684-b05a-efe36b66483b.binning_data.json,2024-03-22 23:59:00.000,2024-03-22 23:59:00.000,com.sec.android.app.shealth,0,9666,1.3301,6959.52,405.97,sampleDeviceID,com.sec.android.app.shealth,6dfb7942-fa01-4684-b05a-efe36b66483b,1711065600000,
a0cd9607-81f0-4a68-88d5-8013416920eb.binning_data.json,2024-03-23 23:59:00.000,2024-03-23 23:59:00.000,com.sec.android.app.shealth,0,9899,1.2912,7127.28,415.76,sampleDeviceID,com.sec.android.app.shealth,a0cd9607-81f0-4a68-88d5-8013416920eb,1711152000000,
25010092-de28-48d7-b314-9076d718d05e.binning_data.json,2024-03-24 23:59:00.000,2024-03-24 23:59:00.000,com.sec.android.app.shealth,0,11369,1.4698,8185.68,477.5,sampleDeviceID,com.sec.android.app.shealth,25010092-de28-48d7-b314-9076d718d05e,1711238400000,
6d37b8f8-e02f-4a7c-aca0-7778dbfd84e1.binning_data.json,2024-03-25 23:59:00.000,2024-03-25 23:59:00.000,com.sec.android.app.shealth,0,10439,1.4234,7516.08,438.44,sampleDeviceID,com.sec.android.app.shealth,6d37b8f8-e02f-4a7c-aca0-7778dbfd84e1,1711324800000,
a85d4d17-f36d-4d3f-84e9-e47d3f381323.binning_data.json,2024-03-26 23:59:00.000,2024-03-26 23:59:00.000,com.sec.android.app.shealth,0,8197,1.392,5901.84,344.27,sampleDeviceID,com.sec.android.app.shealth,a85d4d17-f36d-4d3f-84e9-e47d3f381323,1711411200000,
fa80c42b-6daa-4e26-b397-c6e9cf1d9766.binning_data.json,2024-03-27 23:59:00.000,2024-03-27 23:59:00.000,com.sec.android.app.shealth,0,6450,1.3809,4644,270.9,sampleDeviceID,com.sec.android.app.shealth,fa80c42b-6daa-4e26-b397-c6e9cf1d9766,1711497600000,
67d9d440-4f16-481b-84ab-69dce4712989.binning_data.json,2024-03-28 23:59:00.000,2024-03-28 23:59:00.000,com.sec.android.app.shealth,0,10738,1.3637,7731.36,451,sampleDeviceID,com.sec.android.app.shealth,67d9d440-4f16-481b-84ab-69dce4712989,1711584000000,
48f60545-ed7e-4d1d-afc1-58874c2f3e31.binning_data.json,2024-03-29 23:59:00.000,2024-03-29 23:59:00.000,com.sec.android.app.shealth,0,10879,1.3194,7832.88,456.92,sampleDeviceID,com.sec.android.app.shealth,48f60545-ed7e-4d1d-afc1-58874c2f3e31,1711670400000,
40467f52-1e0a-4d59-adeb-db98cd20a122.binning_data.json,2024-03-30 23:59:00.000,2024-03-30 23:59:00.000,com.sec.android.app.shealth,0,4209,1.373,3030.48,176.78,sampleDeviceID,com.sec.android.app.shealth,40467f52-1e0a-4d59-adeb-db98cd20a122,1711756800000,
56850a52-ca79-42c5-a287-f58a02e14a11.binning_data.json,2024-03-31 23:59:00.000,2024-03-31 23:59:00.000,com.sec.android.app.shealth,0,9608,1.4415,6917.76,403.54,sampleDeviceID,com.sec.android.app.shealth,56850a52-ca79-42c5-a287-f58a02e14a11,1711843200000,
e13c9acd-1102-4586-82c6-350b83f165f5.binning_data.json,2024-04-01 23:59:00.000,2024-04-01 23:59:00.000,com.sec.android.app.shealth,0,9954,1.4349,7166.88,418.07,sampleDeviceID,com.sec.android.app.shealth,e13c9acd-1102-4586-82c6-350b83f165f5,1711929600000,
836313a3-dbf0-4d5e-9ffb-115f36fd8edd.binning_data.json,2024-04-02 23:59:00.000,2024-04-02 23:59:00.000,com.sec.android.app.shealth,0,8666,1.3102,6239.52,363.97,sampleDeviceID,com.sec.android.app.shealth,836313a3-dbf0-4d5e-9ffb-115f36fd8edd,1712016000000,
16de5f49-dd77-4e35-badb-2f59dbe348d8.binning_data.json,2024-04-03 23:59:00.000,2024-04-03 23:59:00.000,com.sec.android.app.shealth,0,9011,1.4856,6487.92,378.46,sampleDeviceID,com.sec.android.app.shealth,16de5f49-dd77-4e35-badb-2f59dbe348d8,1712102400000,
3b0e4267-d783-4e6e-aac3-8eb7b392a6e2.binning_data.json,2024-04-04 23:59:00.000,2024-04-04 23:59:00.000,com.sec.android.app.shealth,0,6403,1.2645,4610.16,268.93,sampleDeviceID,com.sec.android.app.shealth,3b0e4267-d783-4e6e-aac3-8eb7b392a6e2,1712188800000,
f7ed3523-b05b-4443-85f1-c9479ab66f78.binning_data.json,2024-04-05 23:59:00.000,2024-04-05 23:59:00.000,com.sec.android.app.shealth,0,8490,1.2913,6112.8,356.58,sampleDeviceID,com.sec.android.app.shealth,f7ed3523-b05b-4443-85f1-c9479ab66f78,1712275200000,
7064f556-a543-49d3-8505-8dabac29afee.binning_data.json,2024-04-06 23:59:00.000,2024-04-06 23:59:00.000,com.sec.android.app.shealth,0,7189,1.4939,5176.08,301.94,sampleDeviceID,com.sec.android.app.shealth,7064f556-a543-49d3-8505-8dabac29afee,1712361600000,
987928e3-d0e8-42d3-8371-3d8f65c5d207.binning_data.json,2024-04-07 23:59:00.000,2024-04-07 23:59:00.000,com.sec.android.app.shealth,0,9632,1.3917,6935.04,404.54,sampleDeviceID,com.sec.android.app.shealth,987928e3-d0e8-42d3-8371-3d8f65c5d207,1712448000000,
49d84666-720c-4d5b-89e3-34c029f3276e.binning_data.json,2024-04-08 23:59:00.000,2024-04-08 23:59:00.000,com.sec.android.app.shealth,0,7830,1.373,5637.6,328.86,sampleDeviceID,com.sec.android.app.shealth,49d84666-720c-4d5b-89e3-34c029f3276e,1712534400000,
0a407112-1626-4092-8f3d-01d91f831a1b.binning_data.json,2024-04-09 23:59:00.000,2024-04-09 23:59:00.000,com.sec.android.app.shealth,0,8434,1.4505,6072.48,354.23,sampleDeviceID,com.sec.android.app.shealth,0a407112-1626-4092-8f3d-01d91f831a1b,1712620800000,
a315a2e8-8d1b-4d9c-8074-e322d0971b34.binning_data.json,2024-04-10 23:59:00.000,2024-04-10 23:59:00.000,com.sec.android.app.shealth,0,9879,1.2958,7112.88,414.92,sampleDeviceID,com.sec.android.app.shealth,a315a2e8-8d1b-4d9c-8074-e322d0971b34,1712707200000,
7c0d8033-f2cd-4053-b2ac-4ec251be425e.binning_data.json,2024-04-11 23:59:00.000,2024-04-11 23:59:00.000,com.sec.android.app.shealth,0,6035,1.314,4345.2,253.47,sampleDeviceID,com.sec.android.app.shealth,7c0d8033-f2cd-4053-b2ac-4ec251be425e,1712793600000,
4c30957c-9c84-46f8-ace5-a0802d7bd008.binning_data.json,2024-04-12 23:59:00.000,2024-04-12 23:59:00.000,com.sec.android.app.shealth,0,10337,1.487,7442.64,434.15,sampleDeviceID,com.sec.android.app.shealth,4c30957c-9c84-46f8-ace5-a0802d7bd008,1712880000000,
4dc50021-1847-4d63-a9c2-3649fe858356.binning_data.json,2024-04-13 23:59:00.000,2024-04-13 23:59:00.000,com.sec.android.app.shealth,0,8944,1.4334,6439.68,375.65,sampleDeviceID,com.sec.android.app.shealth,4dc50021-1847-4d63-a9c2-3649fe858356,1712966400000,
c473a189-99fd-4a77-8916-79559694eb7e.binning_data.json,2024-04-14 23:59:00.000,2024-04-14 23:59:00.000,com.sec.android.app.shealth,0,4250,1.257,3060,178.5,sampleDeviceID,com.sec.android.app.shealth,c473a189-99fd-4a77-8916-79559694eb7e,1713052800000,
3542224b-9e04-4c2c-899e-58d5f7313330.binning_data.json,2024-04-15 23:59:00.000,2024-04-15 23:59:00.000,com.sec.android.app.shealth,0,10750,1.4387,7740,451.5,sampleDeviceID,com.sec.android.app.shealth,3542224b-9e04-4c2c-899e-58d5f7313330,1713139200000,
2e7eb836-28df-4b50-a289-14f050daf584.binning_data.json,2024-04-16 23:59:00.000,2024-04-16 23:59:00.000,com.sec.android.app.shealth,0,8679,1.2785,6248.88,364.52,sampleDeviceID,com.sec.android.app.shealth,2e7eb836-28df-4b50-a289-14f050daf584,1713225600000,
dea9db74-9132-4817-941a-5586359ae7cc.binning_data.json,2024-04-17 23:59:00.000,2024-04-17 23:59:00.000,com.sec.android.app.shealth,0,8828,1.3554,6356.16,370.78,sampleDeviceID,com.sec.android.app.shealth,dea9db74-9132-4817-941a-5586359ae7cc,1713312000000,
ea8aef2b-4a97-445b-a757-5e807fdacae9.binning_data.json,2024-04-18 23:59:00.000,2024-04-18 23:59:00.000,com.sec.android.app.shealth,0,10215,1.4935,7354.8,429.03,sampleDeviceID,com.sec.android.app.shealth,ea8aef2b-4a97-445b-a757-5e807fdacae9,1713398400000,
d4a404b8-d74a-448f-b87b-a0b4513eb2c2.binning_data.json,2024-04-19 23:59:00.000,2024-04-19 23:59:00.000,com.sec.android.app.shealth,0,8442,1.2875,6078.24,354.56,sampleDeviceID,com.sec.android.app.shealth,d4a404b8-d74a-448f-b87b-a0b4513eb2c2,1713484800000,
e2096716-8b44-41fe-a29a-fd2e98dc8b6d.binning_data.json,2024-04-20 23:59:00.000,2024-04-20 23:59:00.000,com.sec.android.app.shealth,0,10211,1.4201,7351.92,428.86,sampleDeviceID,com.sec.android.app.shealth,e2096716-8b44-41fe-a29a-fd2e98dc8b6d,1713571200000,
abe747fa-3afc-46e8-b652-5b9570a43d0e.binning_data.json,2024-04-21 23:59:00.000,2024-04-21 23:59:00.000,com.sec.android.app.shealth,0,6381,1.31,4594.32,268,sampleDeviceID,com.sec.android.app.shealth,abe747fa-3afc-46e8-b652-5b9570a43d0e,1713657600000,
458acbae-1235-4f53-b7fa-e023a5882c55.binning_data.json,2024-04-22 23:59:00.000,2024-04-22 23:59:00.000,com.sec.android.app.shealth,0,9629,1.4069,6932.88,404.42,sampleDeviceID,com.sec.android.app.shealth,458acbae-1235-4f53-b7fa-e023a5882c55,1713744000000,
75d028fb-8acd-4ba0-a417-1bb01ddabe66.binning_data.json,2024-04-23 23:59:00.000,2024-04-23 23:59:00.000,com.sec.android.app.shealth,0,5216,1.4222,3755.52,219.07,sampleDeviceID,com.sec.android.app.shealth,75d028fb-8acd-4ba0-a417-1bb01ddabe66,1713830400000,
ed58c513-c628-4e94-8540-eaa37cd1372f.binning_data.json,2024-04-24 23:59:00.000,2024-04-24 23:59:00.000,com.sec.android.app.shealth,0,9349,1.2659,6731.28,392.66,sampleDeviceID,com.sec.android.app.shealth,ed58c513-c628-4e94-8540-eaa37cd1372f,1713916800000,
7ffd3539-76a6-4196-9519-986a02d6f137.binning_data.json,2024-04-25 23:59:00.000,2024-04-25 23:59:00.000,com.sec.android.app.shealth,0,6294,1.4736,4531.68,264.35,sampleDeviceID,com.sec.android.app.shealth,7ffd3539-76a6-4196-9519-986a02d6f137,1714003200000,
a6afe0c0-3182-48ce-b83d-54bf0f2b5d4e.binning_data.json,2024-04-26 23:59:00.000,2024-04-26 23:59:00.000,com.sec.android.app.shealth,0,10932,1.3086,7871.04,459.14,sampleDeviceID,com.sec.android.app.shealth,a6afe0c0-3182-48ce-b83d-54bf0f2b5d4e,1714089600000,
69b4c03a-f7b6-4f54-a815-7fbafea07fa0.binning_data.json,2024-04-27 23:59:00.000,2024-04-27 23:59:00.000,com.sec.android.app.shealth,0,6044,1.4311,4351.68,253.85,sampleDeviceID,com.sec.android.app.shealth,69b4c03a-f7b6-4f54-a815-7fbafea07fa0,1714176000000,
29df702c-5f3e-45d7-bac1-fae5f81c0a0a.binning_data.json,2024-04-28 23:59:00.000,2024-04-28 23:59:00.000,com.sec.android.app.shealth,0,13983,1.266,10067.76,587.29,sampleDeviceID,com.sec.android.app.shealth,29df702c-5f3e-45d7-bac1-fae5f81c0a0a,1714262400000,
8162e884-6eff-48b2-be7d-0967b82c6582.binning_data.json,2024-04-29 23:59:00.000,2024-04-29 23:59:00.000,com.sec.android.app.shealth,0,9735,1.3142,7009.2,408.87,sampleDeviceID,com.sec.android.app.shealth,8162e884-6eff-48b2-be7d-0967b82c6582,1714348800000,
43106d92-a085-45fa-b06c-d35814bff6af.binning_data.json,2024-04-30 23:59:00.000,2024-04-30 23:59:00.000,com.sec.android.app.shealth,0,7028,1.3593,5060.16,295.18,sampleDeviceID,com.sec.android.app.shealth,43106d92-a085-45fa-b06c-d35814bff6af,1714435200000,
7a5c4d06-6221-48a9-9fbe-47487057b401.binning_data.json,2024-05-01 23:59:00.000,2024-05-01 23:59:00.000,com.sec.android.app.shealth,0,5014,1.4128,3610.08,210.59,sampleDeviceID,com.sec.android.app.shealth,7a5c4d06-6221-48a9-9fbe-47487057b401,1714521600000,
21ea4755-f0fa-42e1-9588-b41c0e3ffd8a.binning_data.json,2024-05-02 23:59:00.000,2024-05-02 23:59:00.000,com.sec.android.app.shealth,0,5021,1.3744,3615.12,210.88,sampleDeviceID,com.sec.android.app.shealth,21ea4755-f0fa-42e1-9588-b41c0e3ffd8a,1714608000000,
cf96efbd-d6fb-45d2-b45a-9d4bdb37b4d2.binning_data.json,2024-05-03 23:59:00.000,2024-05-03 23:59:00.000,com.sec.android.app.shealth,0,10773,1.3992,7756.56,452.47,sampleDeviceID,com.sec.android.app.shealth,cf96efbd-d6fb-45d2-b45a-9d4bdb37b4d2,1714694400000,
c51016b4-3cce-4645-ac7d-c116cf632869.binning_data.json,2024-05-04 23:59:00.000,2024-05-04 23:59:00.000,com.sec.android.app.shealth,0,7099,1.4919,5111.28,298.16,sampleDeviceID,com.sec.android.app.shealth,c51016b4-3cce-4645-ac7d-c116cf632869,1714780800000,
17dad196-f9a7-45f6-9da0-5cb130ccdab5.binning_data.json,2024-05-05 23:59:00.000,2024-05-05 23:59:00.000,com.sec.android.app.shealth,0,11610,1.3464,8359.2,487.62,sampleDeviceID,com.sec.android.app.shealth,17dad196-f9a7-45f6-9da0-5cb130ccdab5,1714867200000,
3b11b93b-ba03-4ff8-a2a4-0c94da0302a2.binning_data.json,2024-05-06 23:59:00.000,2024-05-06 23:59:00.000,com.sec.android.app.shealth,0,4924,1.3858,3545.28,206.81,sampleDeviceID,com.sec.android.app.shealth,3b11b93b-ba03-4ff8-a2a4-0c94da0302a2,1714953600000,
d7d022ce-abf6-4c66-8cbd-c5404611606f.binning_data.json,2024-05-07 23:59:00.000,2024-05-07 23:59:00.000,com.sec.android.app.shealth,0,7760,1.4904,5587.2,325.92,sampleDeviceID,com.sec.android.app.shealth,d7d022ce-abf6-4c66-8cbd-c5404611606f,1715040000000,
e657b58c-3f4f-481b-a0cc-6bcaba52a814.binning_data.json,2024-05-08 23:59:00.000,2024-05-08 23:59:00.000,com.sec.android.app.shealth,0,10303,1.3169,7418.16,432.73,sampleDeviceID,com.sec.android.app.shealth,e657b58c-3f4f-481b-a0cc-6bcaba52a814,1715126400000,
c942895d-e70b-44d4-9769-41cead4bab85.binning_data.json,2024-05-09 23:59:00.000,2024-05-09 23:59:00.000,com.sec.android.app.shealth,0,8190,1.4112,5896.8,343.98,sampleDeviceID,com.sec.android.app.shealth,c942895d-e70b-44d4-9769-41cead4bab85,1715212800000,
10bdf21e-bee1-4fb4-bd70-24edc2b5cee9.binning_data.json,2024-05-10 23:59:00.000,2024-05-10 23:59:00.000,com.sec.android.app.shealth,0,7526,1.481,5418.72,316.09,sampleDeviceID,com.sec.android.app.shealth,10bdf21e-bee1-4fb4-bd70-24edc2b5cee9,1715299200000,
e87af80c-911a-4b33-96a7-aeaaceb5719d.binning_data.json,2024-05-11 23:59:00.000,2024-05-11 23:59:00.000,com.sec.android.app.shealth,0,8231,1.4443,5926.32,345.7,sampleDeviceID,com.sec.android.app.shealth,e87af80c-911a-4b33-96a7-aeaaceb5719d,1715385600000,
bc224c52-04cf-44cb-8b8b-f72c0d667c79.binning_data.json,2024-05-12 23:59:00.000,2024-05-12 23:59:00.000,com.sec.android.app.shealth,0,13153,1.3441,9470.16,552.43,sampleDeviceID,com.sec.android.app.shealth,bc224c52-04cf-44cb-8b8b-f72c0d667c79,1715472000000,
8d0056c0-6ec9-4c7d-82a2-a200f4c1acce.binning_data.json,2024-05-13 23:59:00.000,2024-05-13 23:59:00.000,com.sec.android.app.shealth,0,4569,1.4415,3289.68,191.9,sampleDeviceID,com.sec.android.app.shealth,8d0056c0-6ec9-4c7d-82a2-a200f4c1acce,1715558400000,
77b88645-f214-41cb-abb7-cdd3dd6ac9db.binning_data.json,2024-05-14 23:59:00.000,2024-05-14 23:59:00.000,com.sec.android.app.shealth,0,8925,1.2627,6426,374.85,sampleDeviceID,com.sec.android.app.shealth,77b88645-f214-41cb-abb7-cdd3dd6ac9db,1715644800000,
93584d0e-c6ca-4c01-a4f6-f2accb9ad318.binning_data.json,2024-05-15 23:59:00.000,2024-05-15 23:59:00.000,com.sec.android.app.shealth,0,6833,1.3196,4919.76,286.99,sampleDeviceID,com.sec.android.app.shealth,93584d0e-c6ca-4c01-a4f6-f2accb9ad318,1715731200000,
13518f42-e795-4f12-98d2-7e359c40be88.binning_data.json,2024-05-16 23:59:00.000,2024-05-16 23:59:00.000,com.sec.android.app.shealth,0,8370,1.2943,6026.4,351.54,sampleDeviceID,com.sec.android.app.shealth,13518f42-e795-4f12-98d2-7e359c40be88,1715817600000,
9fa77377-0260-42a5-ad9a-7ead30d80bcb.binning_data.json,2024-05-17 23:59:00.000,2024-05-17 23:59:00.000,com.sec.android.app.shealth,0,7184,1.4367,5172.48,301.73,sampleDeviceID,com.sec.android.app.shealth,9fa77377-0260-42a5-ad9a-7ead30d80bcb,1715904000000,
36500527-74a6-4aa3-b2ce-7655a64eafae.binning_data.json,2024-05-18 23:59:00.000,2024-05-18 23:59:00.000,com.sec.android.app.shealth,0,9570,1.4278,6890.4,401.94,sampleDeviceID,com.sec.android.app.shealth,36500527-74a6-4aa3-b2ce-7655a64eafae,1715990400000,
0d5f9d67-6c87-45b0-bd20-15e03305a51e.binning_data.json,2024-05-19 23:59:00.000,2024-05-19 23:59:00.000,com.sec.android.app.shealth,0,11005,1.2953,7923.6,462.21,sampleDeviceID,com.sec.android.app.shealth,0d5f9d67-6c87-45b0-bd20-15e03305a51e,1716076800000,
5b239302-487a-4745-a58e-8b4af8bf37af.binning_data.json,2024-05-20 23:59:00.000,2024-05-20 23:59:00.000,com.sec.android.app.shealth,0,5975,1.475,4302,250.95,sampleDeviceID,com.sec.android.app.shealth,5b239302-487a-4745-a58e-8b4af8bf37af,1716163200000,
90ec3816-8032-4b7b-96a3-1be68ac568cf.binning_data.json,2024-05-21 23:59:00.000,2024-05-21 23:59:00.000,com.sec.android.app.shealth,0,7233,1.3055,5207.76,303.79,sampleDeviceID,com.sec.android.app.shealth,90ec3816-8032-4b7b-96a3-1be68ac568cf,1716249600000,
61081832-4f3e-42f8-8c9f-f162f8a016f9.binning_data.json,2024-05-22 23:59:00.000,2024-05-22 23:59:00.000,com.sec.android.app.shealth,0,6011,1.3407,4327.92,252.46,sampleDeviceID,com.sec.android.app.shealth,61081832-4f3e-42f8-8c9f-f162f8a016f9,1716336000000,
3e03a97a-a1f8-4904-af4e-b15cce871bc5.binning_data.json,2024-05-23 23:59:00.000,2024-05-23 23:59:00.000,com.sec.android.app.shealth,0,8299,1.4754,5975.28,348.56,sampleDeviceID,com.sec.android.app.shealth,3e03a97a-a1f8-4904-af4e-b15cce871bc5,1716422400000,
b1b1577d-8c42-48de-b852-293d75c3659f.binning_data.json,2024-05-24 23:59:00.000,2024-05-24 23:59:00.000,com.sec.android.app.shealth,0,6036,1.2941,4345.92,253.51,sampleDeviceID,com.sec.android.app.shealth,b1b1577d-8c42-48de-b852-293d75c3659f,1716508800000,
e598518a-cacb-4188-9f3d-0b00267864c8.binning_data.json,2024-05-25 23:59:00.000,2024-05-25 23:59:00.000,com.sec.android.app.shealth,0,9332,1.4281,6719.04,391.94,sampleDeviceID,com.sec.android.app.shealth,e598518a-cacb-4188-9f3d-0b00267864c8,1716595200000,
a024bd94-c501-4fcf-ad02-0d4bea48cf70.binning_data.json,2024-05-26 23:59:00.000,2024-05-26 23:59:00.000,com.sec.android.app.shealth,0,13064,1.4337,9406.08,548.69,sampleDeviceID,com.sec.android.app.shealth,a024bd94-c501-4fcf-ad02-0d4bea48cf70,1716681600000,
112e127c-48ef-4c1e-be89-01218ecf5c94.binning_data.json,2024-05-27 23:59:00.000,2024-05-27 23:59:00.000,com.sec.android.app.shealth,0,10399,1.4693,7487.28,436.76,sampleDeviceID,com.sec.android.app.shealth,112e127c-48ef-4c1e-be89-01218ecf5c94,1716768000000,
fbf1e453-3a78-4e78-a807-2a80d242d064.binning_data.json,2024-05-28 23:59:00.000,2024-05-28 23:59:00.000,com.sec.android.app.shealth,0,5729,1.3597,4124.88,240.62,sampleDeviceID,com.sec.android.app.shealth,fbf1e453-3a78-4e78-a807-2a80d242d064,1716854400000,
b68ecceb-6b37-461f-a3da-07eb1998c0e2.binning_data.json,2024-05-29 23:59:00.000,2024-05-29 23:59:00.000,com.sec.android.app.shealth,0,4843,1.3795,3486.96,203.41,sampleDeviceID,com.sec.android.app.shealth,b68ecceb-6b37-461f-a3da-07eb1998c0e2,1716940800000,
08691d75-9777-4cb1-ad75-c4568c8c1c8d.binning_data.json,2024-05-30 23:59:00.000,2024-05-30 23:59:00.000,com.sec.android.app.shealth,0,6627,1.2583,4771.44,278.33,sampleDeviceID,com.sec.android.app.shealth,08691d75-9777-4cb1-ad75-c4568c8c1c8d,1717027200000,
ab537e25-8eb0-4ede-a176-daf89d77e6e9.binning_data.json,2024-05-31 23:59:00.000,2024-05-31 23:59:00.000,com.sec.android.app.shealth,0,10634,1.4086,7656.48,446.63,sampleDeviceID,com.sec.android.app.shealth,ab537e25-8eb0-4ede-a176-daf89d77e6e9,1717113600000,
4564df1c-db6d-4aa4-b732-71bbd57e47fa.binning_data.json,2024-06-01 23:59:00.000,2024-06-01 23:59:00.000,com.sec.android.app.shealth,0,13091,1.4214,9425.52,549.82,sampleDeviceID,com.sec.android.app.shealth,4564df1c-db6d-4aa4-b732-71bbd57e47fa,1717200000000,
c39b5082-1d94-4025-a321-0e82d70e79b4.binning_data.json,2024-06-02 23:59:00.000,2024-06-02 23:59:00.000,com.sec.android.app.shealth,0,3808,1.311,2741.76,159.94,sampleDeviceID,com.sec.android.app.shealth,c39b5082-1d94-4025-a321-0e82d70e79b4,1717286400000,
91ddc39a-b8b6-4cd4-931e-870ed062c51d.binning_data.json,2024-06-03 23:59:00.000,2024-06-03 23:59:00.000,com.sec.android.app.shealth,0,7832,1.3447,5639.04,328.94,sampleDeviceID,com.sec.android.app.shealth,91ddc39a-b8b6-4cd4-931e-870ed062c51d,1717372800000,
51659e15-6da0-41e3-aa58-a1f62e927400.binning_data.json,2024-06-04 23:59:00.000,2024-06-04 23:59:00.000,com.sec.android.app.shealth,0,6620,1.2977,4766.4,278.04,sampleDeviceID,com.sec.android.app.shealth,51659e15-6da0-41e3-aa58-a1f62e927400,1717459200000,
ec777a02-4221-4743-a10c-86f856b13ee2.binning_data.json,2024-06-05 23:59:00.000,2024-06-05 23:59:00.000,com.sec.android.app.shealth,0,6134,1.4955,4416.48,257.63,sampleDeviceID,com.sec.android.app.shealth,ec777a02-4221-4743-a10c-86f856b13ee2,1717545600000,
511dd370-5372-4eaf-9bb4-f187bb359dac.binning_data.json,2024-06-06 23:59:00.000,2024-06-06 23:59:00.000,com.sec.android.app.shealth,0,6138,1.3551,4419.36,257.8,sampleDeviceID,com.sec.android.app.shealth,511dd370-5372-4eaf-9bb4-f187bb359dac,1717632000000,
4c57d893-6943-4f03-ba87-c376238514b8.binning_data.json,2024-06-07 23:59:00.000,2024-06-07 23:59:00.000,com.sec.android.app.shealth,0,5792,1.4085,4170.24,243.26,sampleDeviceID,com.sec.android.app.shealth,4c57d893-6943-4f03-ba87-c376238514b8,1717718400000,
6e329277-0e0b-4804-b99a-0844ada6e4c8.binning_data.json,2024-06-08 23:59:00.000,2024-06-08 23:59:00.000,com.sec.android.app.shealth,0,12600,1.3393,9072,529.2,sampleDeviceID,com.sec.android.app.shealth,6e329277-0e0b-4804-b99a-0844ada6e4c8,1717804800000,
c6b7100f-c460-46c3-b9ba-7a3c2db71032.binning_data.json,2024-06-09 23:59:00.000,2024-06-09 23:59:00.000,com.sec.android.app.shealth,0,10532,1.4663,7583.04,442.34,sampleDeviceID,com.sec.android.app.shealth,c6b7100f-c460-46c3-b9ba-7a3c2db71032,1717891200000,
4ab17cd5-efd4-4e56-bb80-7090c4dae32d.binning_data.json,2024-06-10 23:59:00.000,2024-06-10 23:59:00.000,com.sec.android.app.shealth,0,6338,1.4445,4563.36,266.2,sampleDeviceID,com.sec.android.app.shealth,4ab17cd5-efd4-4e56-bb80-7090c4dae32d,1717977600000,
02f5d2f7-9040-433f-9802-260a8a2fcfbd.binning_data.json,2024-06-11 23:59:00.000,2024-06-11 23:59:00.000,com.sec.android.app.shealth,0,7800,1.369,5616,327.6,sampleDeviceID,com.sec.android.app.shealth,02f5d2f7-9040-433f-9802-260a8a2fcfbd,1718064000000,
7db8f4d2-e834-49c8-a6db-8d30db9e98db.binning_data.json,2024-06-12 23:59:00.000,2024-06-12 23:59:00.000,com.sec.android.app.shealth,0,5444,1.3678,3919.68,228.65,sampleDeviceID,com.sec.android.app.shealth,7db8f4d2-e834-49c8-a6db-8d30db9e98db,1718150400000,
544c06d9-78bc-4c4a-bb71-cc40d87a7a12.binning_data.json,2024-06-13 23:59:00.000,2024-06-13 23:59:00.000,com.sec.android.app.shealth,0,4612,1.4889,3320.64,193.7,sampleDeviceID,com.sec.android.app.shealth,544c06d9-78bc-4c4a-bb71-cc40d87a7a12,1718236800000,
f86323ae-fb90-4349-bc41-2d63239cd3fc.binning_data.json,2024-06-14 23:59:00.000,2024-06-14 23:59:00.000,com.sec.android.app.shealth,0,7508,1.4775,5405.76,315.34,sampleDeviceID,com.sec.android.app.shealth,f86323ae-fb90-4349-bc41-2d63239cd3fc,1718323200000,
ff40013b-3a47-448b-9481-7c2c83fcaf54.binning_data.json,2024-06-15 23:59:00.000,2024-06-15 23:59:00.000,com.sec.android.app.shealth,0,12251,1.2721,8820.72,514.54,sampleDeviceID,com.sec.android.app.shealth,ff40013b-3a47-448b-9481-7c2c83fcaf54,1718409600000,
9011d64c-9504-4bf1-b18a-fe540685a976.binning_data.json,2024-06-16 23:59:00.000,2024-06-16 23:59:00.000,com.sec.android.app.shealth,0,3930,1.4365,2829.6,165.06,sampleDeviceID,com.sec.android.app.shealth,9011d64c-9504-4bf1-b18a-fe540685a976,1718496000000,
c046f512-cf9e-431d-90fa-99fcf4d94518.binning_data.json,2024-06-17 23:59:00.000,2024-06-17 23:59:00.000,com.sec.android.app.shealth,0,10336,1.3866,7441.92,434.11,sampleDeviceID,com.sec.android.app.shealth,c046f512-cf9e-431d-90fa-99fcf4d94518,1718582400000,
4155b81e-99ab-4491-83b7-dd77cff5f34b.binning_data.json,2024-06-18 23:59:00.000,2024-06-18 23:59:00.000,com.sec.android.app.shealth,0,8710,1.2881,6271.2,365.82,sampleDeviceID,com.sec.android.app.shealth,4155b81e-99ab-4491-83b7-dd77cff5f34b,1718668800000,
4e3a18be-3259-486e-b102-e13dbdde021a.binning_data.json,2024-06-19 23:59:00.000,2024-06-19 23:59:00.000,com.sec.android.app.shealth,0,9283,1.4109,6683.76,389.89,sampleDeviceID,com.sec.android.app.shealth,4e3a18be-3259-486e-b102-e13dbdde021a,1718755200000,
c0f72738-8b8c-481e-869c-eb60ec7f7cd2.binning_data.json,2024-06-20 23:59:00.000,2024-06-20 23:59:00.000,com.sec.android.app.shealth,0,5425,1.4784,3906,227.85,sampleDeviceID,com.sec.android.app.shealth,c0f72738-8b8c-481e-869c-eb60ec7f7cd2,1718841600000,
7c057e81-8bed-4b8a-a223-0cb3c0aad804.binning_data.json,2024-06-21 23:59:00.000,2024-06-21 23:59:00.000,com.sec.android.app.shealth,0,10867,1.4285,7824.24,456.41,sampleDeviceID,com.sec.android.app.shealth,7c057e81-8bed-4b8a-a223-0cb3c0aad804,1718928000000,
79345754-bf24-443f-9905-5f786355d73d.binning_data.json,2024-06-22 23:59:00.000,2024-06-22 23:59:00.000,com.sec.android.app.shealth,0,8320,1.4562,5990.4,349.44,sampleDeviceID,com.sec.android.app.shealth,79345754-bf24-443f-9905-5f786355d73d,1719014400000,
dbc71753-8b00-46c2-9bd1-e2970dbdba4c.binning_data.json,2024-06-23 23:59:00.000,2024-06-23 23:59:00.000,com.sec.android.app.shealth,0,8990,1.3517,6472.8,377.58,sampleDeviceID,com.sec.android.app.shealth,dbc71753-8b00-46c2-9bd1-e2970dbdba4c,1719100800000,
97274f62-fefb-4786-a6c5-af0311b667b0.binning_data.json,2024-06-24 23:59:00.000,2024-06-24 23:59:00.000,com.sec.android.app.shealth,0,8677,1.2649,6247.44,364.43,sampleDeviceID,com.sec.android.app.shealth,97274f62-fefb-4786-a6c5-af0311b667b0,1719187200000,
5c3a659a-eeff-4790-b6ad-3bc8d2deb697.binning_data.json,2024-06-25 23:59:00.000,2024-06-25 23:59:00.000,com.sec.android.app.shealth,0,10472,1.4995,7539.84,439.82,sampleDeviceID,com.sec.android.app.shealth,5c3a659a-eeff-4790-b6ad-3bc8d2deb697,1719273600000,
f75c011b-92cf-4ae5-acaf-41a76ebb7839.binning_data.json,2024-06-26 23:59:00.000,2024-06-26 23:59:00.000,com.sec.android.app.shealth,0,9357,1.3721,6737.04,392.99,sampleDeviceID,com.sec.android.app.shealth,f75c011b-92cf-4ae5-acaf-41a76ebb7839,1719360000000,
7778e6a5-c046-4506-a900-a92a25cc9852.binning_data.json,2024-06-27 23:59:00.000,2024-06-27 23:59:00.000,com.sec.android.app.shealth,0,8860,1.3032,6379.2,372.12,sampleDeviceID,com.sec.android.app.shealth,7778e6a5-c046-4506-a900-a92a25cc9852,1719446400000,
fd5ca685-c2d9-4ec8-a9cd-15de804cbd62.binning_data.json,2024-06-28 23:59:00.000,2024-06-28 23:59:00.000,com.sec.android.app.shealth,0,8884,1.3813,6396.48,373.13,sampleDeviceID,com.sec.android.app.shealth,fd5ca685-c2d9-4ec8-a9cd-15de804cbd62,1719532800000,
1ecbb3c6-fd68-42c9-8c27-9865479e36e9.binning_data.json,2024-06-29 23:59:00.000,2024-06-29 23:59:00.000,com.sec.android.app.shealth,0,6609,1.4191,4758.48,277.58,sampleDeviceID,com.sec.android.app.shealth,1ecbb3c6-fd68-42c9-8c27-9865479e36e9,1719619200000,
504f1dbf-f996-457d-9efc-02304b547041.binning_data.json,2024-06-30 23:59:00.000,2024-06-30 23:59:00.000,com.sec.android.app.shealth,0,6521,1.2972,4695.12,273.88,sampleDeviceID,com.sec.android.app.shealth,504f1dbf-f996-457d-9efc-02304b547041,1719705600000,
38379dfe-bdd8-4269-806c-d5da5af2a70b.binning_data.json,2024-07-01 23:59:00.000,2024-07-01 23:59:00.000,com.sec.android.app.shealth,0,6738,1.3841,4851.36,283,sampleDeviceID,com.sec.android.app.shealth,38379dfe-bdd8-4269-806c-d5da5af2a70b,1719792000000,
c558538b-0997-49f3-b910-81ab661999cc.binning_data.json,2024-07-02 23:59:00.000,2024-07-02 23:59:00.000,com.sec.android.app.shealth,0,5929,1.357,4268.88,249.02,sampleDeviceID,com.sec.android.app.shealth,c558538b-0997-49f3-b910-81ab661999cc,1719878400000,
b6eb4e85-8335-4f08-9cf8-0543c0e97978.binning_data.json,2024-07-03 23:59:00.000,2024-07-03 23:59:00.000,com.sec.android.app.shealth,0,5098,1.4652,3670.56,214.12,sampleDeviceID,com.sec.android.app.shealth,b6eb4e85-8335-4f08-9cf8-0543c0e97978,1719964800000,
a80834f1-3a39-4e7d-8806-7cbcfc34b89c.binning_data.json,2024-07-04 23:59:00.000,2024-07-04 23:59:00.000,com.sec.android.app.shealth,0,9788,1.4983,7047.36,411.1,sampleDeviceID,com.sec.android.app.shealth,a80834f1-3a39-4e7d-8806-7cbcfc34b89c,1720051200000,
d6566aa5-8981-475c-bd7d-5261ba4c0d5b.binning_data.json,2024-07-05 23:59:00.000,2024-07-05 23:59:00.000,com.sec.android.app.shealth,0,9231,1.2881,6646.32,387.7,sampleDeviceID,com.sec.android.app.shealth,d6566aa5-8981-475c-bd7d-5261ba4c0d5b,1720137600000,
b0c18240-e9cb-43d4-8332-6fcf95aefc56.binning_data.json,2024-07-06 23:59:00.000,2024-07-06 23:59:00.000,com.sec.android.app.shealth,0,5928,1.3873,4268.16,248.98,sampleDeviceID,com.sec.android.app.shealth,b0c18240-e9cb-43d4-8332-6fcf95aefc56,1720224000000,
d07e0be9-cb3c-4b1d-8122-23f13bb3480e.binning_data.json,2024-07-07 23:59:00.000,2024-07-07 23:59:00.000,com.sec.android.app.shealth,0,7615,1.2662,5482.8,319.83,sampleDeviceID,com.sec.android.app.shealth,d07e0be9-cb3c-4b1d-8122-23f13bb3480e,1720310400000,
0382e049-0003-4adc-b025-9fb6814d7a93.binning_data.json,2024-07-08 23:59:00.000,2024-07-08 23:59:00.000,com.sec.android.app.shealth,0,4729,1.497,3404.88,198.62,sampleDeviceID,com.sec.android.app.shealth,0382e049-0003-4adc-b025-9fb6814d7a93,1720396800000,
31f1e058-f58b-42ad-82a8-5b71d68d4f69.binning_data.json,2024-07-09 23:59:00.000,2024-07-09 23:59:00.000,com.sec.android.app.shealth,0,5205,1.367,3747.6,218.61,sampleDeviceID,com.sec.android.app.shealth,31f1e058-f58b-42ad-82a8-5b71d68d4f69,1720483200000,
808e07a2-9111-49bb-874a-7b3b44db6827.binning_data.json,2024-07-10 23:59:00.000,2024-07-10 23:59:00.000,com.sec.android.app.shealth,0,5130,1.2555,3693.6,215.46,sampleDeviceID,com.sec.android.app.shealth,808e07a2-9111-49bb-874a-7b3b44db6827,1720569600000,
af524ebe-1793-491e-b192-8930dfc1bdd2.binning_data.json,2024-07-11 23:59:00.000,2024-07-11 23:59:00.000,com.sec.android.app.shealth,0,9500,1.4462,6840,399,sampleDeviceID,com.sec.android.app.shealth,af524ebe-1793-491e-b192-8930dfc1bdd2,1720656000000,
c33cdf62-a576-4677-8bdc-9918e6b03681.binning_data.json,2024-07-12 23:59:00.000,2024-07-12 23:59:00.000,com.sec.android.app.shealth,0,7684,1.3681,5532.48,322.73,sampleDeviceID,com.sec.android.app.shealth,c33cdf62-a576-4677-8bdc-9918e6b03681,1720742400000,
0ce4638a-1b75-4c56-8562-ffb864f4c984.binning_data.json,2024-07-13 23:59:00.000,2024-07-13 23:59:00.000,com.sec.android.app.shealth,0,9776,1.3843,7038.72,410.59,sampleDeviceID,com.sec.android.app.shealth,0ce4638a-1b75-4c56-8562-ffb864f4c984,1720828800000,
e05067e6-1dce-4a66-b33d-1b6c1dc7320a.binning_data.json,2024-07-14 23:59:00.000,2024-07-14 23:59:00.000,com.sec.android.app.shealth,0,7548,1.2519,5434.56,317.02,sampleDeviceID,com.sec.android.app.shealth,e05067e6-1dce-4a66-b33d-1b6c1dc7320a,1720915200000,
4b2b339f-3097-491c-acb2-cb12c4a22c50.binning_data.json,2024-07-15 23:59:00.000,2024-07-15 23:59:00.000,com.sec.android.app.shealth,0,7811,1.4055,5623.92,328.06,sampleDeviceID,com.sec.android.app.shealth,4b2b339f-3097-491c-acb2-cb12c4a22c50,1721001600000,
79d8d659-ca55-441e-8cb6-bec3651e5c7a.binning_data.json,2024-07-16 23:59:00.000,2024-07-16 23:59:00.000,com.sec.android.app.shealth,0,8738,1.4934,6291.36,367,sampleDeviceID,com.sec.android.app.shealth,79d8d659-ca55-441e-8cb6-bec3651e5c7a,1721088000000,
556c4ff5-3d1b-4f46-9257-afd4430dc7b2.binning_data.json,2024-07-17 23:59:00.000,2024-07-17 23:59:00.000,com.sec.android.app.shealth,0,6007,1.3338,4325.04,252.29,sampleDeviceID,com.sec.android.app.shealth,556c4ff5-3d1b-4f46-9257-afd4430dc7b2,1721174400000,
f39b06a7-df7e-4631-a66d-318cb2d6427e.binning_data.json,2024-07-18 23:59:00.000,2024-07-18 23:59:00.000,com.sec.android.app.shealth,0,5693,1.3707,4098.96,239.11,sampleDeviceID,com.sec.android.app.shealth,f39b06a7-df7e-4631-a66d-318cb2d6427e,1721260800000,
b6a0bd17-3d75-4160-bcf4-7f45d7ae23e9.binning_data.json,2024-07-19 23:59:00.000,2024-07-19 23:59:00.000,com.sec.android.app.shealth,0,9025,1.271,6498,379.05,sampleDeviceID,com.sec.android.app.shealth,b6a0bd17-3d75-4160-bcf4-7f45d7ae23e9,1721347200000,
7e1fe6b7-6ab6-4517-b7a4-c7fb7e31fc45.binning_data.json,2024-07-20 23:59:00.000,2024-07-20 23:59:00.000,com.sec.android.app.shealth,0,10739,1.4717,7732.08,451.04,sampleDeviceID,com.sec.android.app.shealth,7e1fe6b7-6ab6-4517-b7a4-c7fb7e31fc45,1721433600000,
bc3f8dde-6cf5-4938-b654-434ceee4f82a.binning_data.json,2024-07-21 23:59:00.000,2024-07-21 23:59:00.000,com.sec.android.app.shealth,0,11393,1.2893,8202.96,478.51,sampleDeviceID,com.sec.android.app.shealth,bc3f8dde-6cf5-4938-b654-434ceee4f82a,1721520000000,
d43561b3-3a70-41e2-85cb-a8449970cc51.binning_data.json,2024-07-22 23:59:00.000,2024-07-22 23:59:00.000,com.sec.android.app.shealth,0,7289,1.4254,5248.08,306.14,sampleDeviceID,com.sec.android.app.shealth,d43561b3-3a70-41e2-85cb-a8449970cc51,1721606400000,
55317c95-b7ba-4387-8c1d-05c235513b61.binning_data.json,2024-07-23 23:59:00.000,2024-07-23 23:59:00.000,com.sec.android.app.shealth,0,9493,1.3925,6834.96,398.71,sampleDeviceID,com.sec.android.app.shealth,55317c95-b7ba-4387-8c1d-05c235513b61,1721692800000,
18413ae9-6bd8-4307-a32f-5f3525153fbb.binning_data.json,2024-07-24 23:59:00.000,2024-07-24 23:59:00.000,com.sec.android.app.shealth,0,7844,1.4053,5647.68,329.45,sampleDeviceID,com.sec.android.app.shealth,18413ae9-6bd8-4307-a32f-5f3525153fbb,1721779200000,
f3484727-c613-476b-880b-c23da30a7acf.binning_data.json,2024-07-25 23:59:00.000,2024-07-25 23:59:00.000,com.sec.android.app.shealth,0,6979,1.2586,5024.88,293.12,sampleDeviceID,com.sec.android.app.shealth,f3484727-c613-476b-880b-c23da30a7acf,1721865600000,
8afbc66f-36f5-4e60-936b-9cb55813520e.binning_data.json,2024-07-26 23:59:00.000,2024-07-26 23:59:00.000,com.sec.android.app.shealth,0,6192,1.3836,4458.24,260.06,sampleDeviceID,com.sec.android.app.shealth,8afbc66f-36f5-4e60-936b-9cb55813520e,1721952000000,
216aa34f-25a8-474e-8f99-0c1545cafb9b.binning_data.json,2024-07-27 23:59:00.000,2024-07-27 23:59:00.000,com.sec.android.app.shealth,0,11898,1.4172,8566.56,499.72,sampleDeviceID,com.sec.android.app.shealth,216aa34f-25a8-474e-8f99-0c1545cafb9b,1722038400000,
21b3945b-0ff4-478b-bd81-c9c5c72747be.binning_data.json,2024-07-28 23:59:00.000,2024-07-28 23:59:00.000,com.sec.android.app.shealth,0,10524,1.2773,7577.28,442.01,sampleDeviceID,com.sec.android.app.shealth,21b3945b-0ff4-478b-bd81-c9c5c72747be,1722124800000,
1c310c4a-a214-4f9f-a477-5062b696f765.binning_data.json,2024-07-29 23:59:00.000,2024-07-29 23:59:00.000,com.sec.android.app.shealth,0,7793,1.4688,5610.96,327.31,sampleDeviceID,com.sec.android.app.shealth,1c310c4a-a214-4f9f-a477-5062b696f765,1722211200000,
e289acdc-1586-4dd6-8673-ce236e89784e.binning_data.json,2024-07-30 23:59:00.000,2024-07-30 23:59:00.000,com.sec.android.app.shealth,0,6826,1.421,4914.72,286.69,sampleDeviceID,com.sec.android.app.shealth,e289acdc-1586-4dd6-8673-ce236e89784e,1722297600000,
a4bca8af-00e5-4139-8692-1e55d29becf3.binning_data.json,2024-07-31 23:59:00.000,2024-07-31 23:59:00.000,com.sec.android.app.shealth,0,6379,1.3402,4592.88,267.92,sampleDeviceID,com.sec.android.app.shealth,a4bca8af-00e5-4139-8692-1e55d29becf3,1722384000000,
240cb927-49a4-468f-864b-b4be2b5006f0.binning_data.json,2024-08-01 23:59:00.000,2024-08-01 23:59:00.000,com.sec.android.app.shealth,0,7835,1.4726,5641.2,329.07,sampleDeviceID,com.sec.android.app.shealth,240cb927-49a4-468f-864b-b4be2b5006f0,1722470400000,
1d10c19f-a6bb-4c27-81b2-57c933e595f8.binning_data.json,2024-08-02 23:59:00.000,2024-08-02 23:59:00.000,com.sec.android.app.shealth,0,7691,1.4055,5537.52,323.02,sampleDeviceID,com.sec.android.app.shealth,1d10c19f-a6bb-4c27-81b2-57c933e595f8,1722556800000,
e8cfbb2b-1fe7-4a0d-a74d-f095def734f7.binning_data.json,2024-08-03 23:59:00.000,2024-08-03 23:59:00.000,com.sec.android.app.shealth,0,12799,1.2669,9215.28,537.56,sampleDeviceID,com.sec.android.app.shealth,e8cfbb2b-1fe7-4a0d-a74d-f095def734f7,1722643200000,
ed29ba17-7ea5-4b9e-a108-cf17da00b3e9.binning_data.json,2024-08-04 23:59:00.000,2024-08-04 23:59:00.000,com.sec.android.app.shealth,0,10684,1.2554,7692.48,448.73,sampleDeviceID,com.sec.android.app.shealth,ed29ba17-7ea5-4b9e-a108-cf17da00b3e9,1722729600000,
ecb06bd1-ef0a-4b94-90b9-c5170e9bbc65.binning_data.json,2024-08-05 23:59:00.000,2024-08-05 23:59:00.000,com.sec.android.app.shealth,0,10727,1.2566,7723.44,450.53,sampleDeviceID,com.sec.android.app.shealth,ecb06bd1-ef0a-4b94-90b9-c5170e9bbc65,1722816000000,
6cd64514-09f4-40e8-bc6e-77460daef156.binning_data.json,2024-08-06 23:59:00.000,2024-08-06 23:59:00.000,com.sec.android.app.shealth,0,8884,1.4934,6396.48,373.13,sampleDeviceID,com.sec.android.app.shealth,6cd64514-09f4-40e8-bc6e-77460daef156,1722902400000,
2dccaa4d-875b-4153-9692-0c901b3bc09e.binning_data.json,2024-08-07 23:59:00.000,2024-08-07 23:59:00.000,com.sec.android.app.shealth,0,7307,1.3041,5261.04,306.89,sampleDeviceID,com.sec.android.app.shealth,2dccaa4d-875b-4153-9692-0c901b3bc09e,1722988800000,
7a32c367-1df5-4227-a5da-84943f732175.binning_data.json,2024-08-08 23:59:00.000,2024-08-08 23:59:00.000,com.sec.android.app.shealth,0,7416,1.3236,5339.52,311.47,sampleDeviceID,com.sec.android.app.shealth,7a32c367-1df5-4227-a5da-84943f732175,1723075200000,
056b91aa-6716-4978-86e6-92e01451ec59.binning_data.json,2024-08-09 23:59:00.000,2024-08-09 23:59:00.000,com.sec.android.app.shealth,0,9134,1.3299,6576.48,383.63,sampleDeviceID,com.sec.android.app.shealth,056b91aa-6716-4978-86e6-92e01451ec59,1723161600000,
057e5fc7-b96d-4097-abfa-06a39123ed54.binning_data.json,2024-08-10 23:59:00.000,2024-08-10 23:59:00.000,com.sec.android.app.shealth,0,4498,1.2505,3238.56,188.92,sampleDeviceID,com.sec.android.app.shealth,057e5fc7-b96d-4097-abfa-06a39123ed54,1723248000000,
d68a70c0-4dd7-4447-8761-c4287607eab5.binning_data.json,2024-08-11 23:59:00.000,2024-08-11 23:59:00.000,com.sec.android.app.shealth,0,8004,1.3709,5762.88,336.17,sampleDeviceID,com.sec.android.app.shealth,d68a70c0-4dd7-4447-8761-c4287607eab5,1723334400000,
25d8911d-78f3-4506-ab4c-20552acc671b.binning_data.json,2024-08-12 23:59:00.000,2024-08-12 23:59:00.000,com.sec.android.app.shealth,0,10723,1.4785,7720.56,450.37,sampleDeviceID,com.sec.android.app.shealth,25d8911d-78f3-4506-ab4c-20552acc671b,1723420800000,
efaecdf1-cad1-43ee-b574-a4f7a2c7487e.binning_data.json,2024-08-13 23:59:00.000,2024-08-13 23:59:00.000,com.sec.android.app.shealth,0,10460,1.3776,7531.2,439.32,sampleDeviceID,com.sec.android.app.shealth,efaecdf1-cad1-43ee-b574-a4f7a2c7487e,1723507200000,
25aeb98f-1aa8-48b2-a979-6fa6aea2c227.binning_data.json,2024-08-14 23:59:00.000,2024-08-14 23:59:00.000,com.sec.android.app.shealth,0,6341,1.3224,4565.52,266.32,sampleDeviceID,com.sec.android.app.shealth,25aeb98f-1aa8-48b2-a979-6fa6aea2c227,1723593600000,
200b01bd-0474-4b09-bdb5-66c6fe683fa3.binning_data.json,2024-08-15 23:59:00.000,2024-08-15 23:59:00.000,com.sec.android.app.shealth,0,5659,1.3079,4074.48,237.68,sampleDeviceID,com.sec.android.app.shealth,200b01bd-0474-4b09-bdb5-66c6fe683fa3,1723680000000,
105c1549-b1de-49cf-ac11-d8f8cb545ec6.binning_data.json,2024-08-16 23:59:00.000,2024-08-16 23:59:00.000,com.sec.android.app.shealth,0,9379,1.2529,6752.88,393.92,sampleDeviceID,com.sec.android.app.shealth,105c1549-b1de-49cf-ac11-d8f8cb545ec6,1723766400000,
a2ef3d3c-b76b-47d5-8293-9b3c543d3b88.binning_data.json,2024-08-17 23:59:00.000,2024-08-17 23:59:00.000,com.sec.android.app.shealth,0,9302,1.3479,6697.44,390.68,sampleDeviceID,com.sec.android.app.shealth,a2ef3d3c-b76b-47d5-8293-9b3c543d3b88,1723852800000,
e0c7f0c2-cfeb-4a37-9f11-206775f8367b.binning_data.json,2024-08-18 23:59:00.000,2024-08-18 23:59:00.000,com.sec.android.app.shealth,0,12976,1.3879,9342.72,544.99,sampleDeviceID,com.sec.android.app.shealth,e0c7f0c2-cfeb-4a37-9f11-206775f8367b,1723939200000,
8852adb5-5eb6-4776-b85e-38aa2bbcfaa8.binning_data.json,2024-08-19 23:59:00.000,2024-08-19 23:59:00.000,com.sec.android.app.shealth,0,10197,1.333,7341.84,428.27,sampleDeviceID,com.sec.android.app.shealth,8852adb5-5eb6-4776-b85e-38aa2bbcfaa8,1724025600000,
847a43a7-6bd8-4331-9f34-7777179ed739.binning_data.json,2024-08-20 23:59:00.000,2024-08-20 23:59:00.000,com.sec.android.app.shealth,0,9754,1.264,7022.88,409.67,sampleDeviceID,com.sec.android.app.shealth,847a43a7-6bd8-4331-9f34-7777179ed739,1724112000000,
a0c6a2de-f872-4157-ba2b-61873562dfb3.binning_data.json,2024-08-21 23:59:00.000,2024-08-21 23:59:00.000,com.sec.android.app.shealth,0,9954,1.2778,7166.88,418.07,sampleDeviceID,com.sec.android.app.shealth,a0c6a2de-f872-4157-ba2b-61873562dfb3,1724198400000,
b32bc374-d0ce-4104-98d6-833811f784c0.binning_data.json,2024-08-22 23:59:00.000,2024-08-22 23:59:00.000,com.sec.android.app.shealth,0,10016,1.4803,7211.52,420.67,sampleDeviceID,com.sec.android.app.shealth,b32bc374-d0ce-4104-98d6-833811f784c0,1724284800000,
74b017bf-82dd-4e8a-9ab9-1f3f3ecbf677.binning_data.json,2024-08-23 23:59:00.000,2024-08-23 23:59:00.000,com.sec.android.app.shealth,0,7148,1.3568,5146.56,300.22,sampleDeviceID,com.sec.android.app.shealth,74b017bf-82dd-4e8a-9ab9-1f3f3ecbf677,1724371200000,
2365f785-6601-4837-81b3-6df8bb7fa264.binning_data.json,2024-08-24 23:59:00.000,2024-08-24 23:59:00.000,com.sec.android.app.shealth,0,4313,1.3023,3105.36,181.15,sampleDeviceID,com.sec.android.app.shealth,2365f785-6601-4837-81b3-6df8bb7fa264,1724457600000,
1e5bac89-1fdf-4aae-8184-b956ac68585b.binning_data.json,2024-08-25 23:59:00.000,2024-08-25 23:59:00.000,com.sec.android.app.shealth,0,4233,1.3994,3047.76,177.79,sampleDeviceID,com.sec.android.app.shealth,1e5bac89-1fdf-4aae-8184-b956ac68585b,1724544000000,
b355f074-4442-4285-89dd-9cb140b65a4e.binning_data.json,2024-08-26 23:59:00.000,2024-08-26 23:59:00.000,com.sec.android.app.shealth,0,5828,1.446,4196.16,244.78,sampleDeviceID,com.sec.android.app.shealth,b355f074-4442-4285-89dd-9cb140b65a4e,1724630400000,
e5f84dee-1618-4fed-9e72-113d9216e5f8.binning_data.json,2024-08-27 23:59:00.000,2024-08-27 23:59:00.000,com.sec.android.app.shealth,0,4943,1.4375,3558.96,207.61,sampleDeviceID,com.sec.android.app.shealth,e5f84dee-1618-4fed-9e72-113d9216e5f8,1724716800000,
fb0d6b2e-3305-4530-a60d-b29a41863b21.binning_data.json,2024-08-28 23:59:00.000,2024-08-28 23:59:00.000,com.sec.android.app.shealth,0,5373,1.4268,3868.56,225.67,sampleDeviceID,com.sec.android.app.shealth,fb0d6b2e-3305-4530-a60d-b29a41863b21,1724803200000,
66b57236-7db1-4fa5-8308-fd05a2e10197.binning_data.json,2024-08-29 23:59:00.000,2024-08-29 23:59:00.000,com.sec.android.app.shealth,0,5406,1.3075,3892.32,227.05,sampleDeviceID,com.sec.android.app.shealth,66b57236-7db1-4fa5-8308-fd05a2e10197,1724889600000,
794ff6cd-eb01-417f-bc2c-cb809755639a.binning_data.json,2024-08-30 23:59:00.000,2024-08-30 23:59:00.000,com.sec.android.app.shealth,0,6569,1.3912,4729.68,275.9,sampleDeviceID,com.sec.android.app.shealth,794ff6cd-eb01-417f-bc2c-cb809755639a,1724976000000,
6f1dff96-d81c-4070-b49e-dbcd9bfa2d80.binning_data.json,2024-08-31 23:59:00.000,2024-08-31 23:59:00.000,com.sec.android.app.shealth,0,12746,1.2969,9177.12,535.33,sampleDeviceID,com.sec.android.app.shealth,6f1dff96-d81c-4070-b49e-dbcd9bfa2d80,1725062400000,
d7f9c9e6-3c71-4d94-af55-6ff4d1045e11.binning_data.json,2024-09-01 23:59:00.000,2024-09-01 23:59:00.000,com.sec.android.app.shealth,0,5309,1.4243,3822.48,222.98,sampleDeviceID,com.sec.android.app.shealth,d7f9c9e6-3c71-4d94-af55-6ff4d1045e11,1725148800000,
e4606f8c-862b-4347-b784-a02a8ecc9642.binning_data.json,2024-09-02 23:59:00.000,2024-09-02 23:59:00.000,com.sec.android.app.shealth,0,6755,1.3704,4863.6,283.71,sampleDeviceID,com.sec.android.app.shealth,e4606f8c-862b-4347-b784-a02a8ecc9642,1725235200000,
f69c54ca-b1ef-4bf4-87ee-85974e0d3a33.binning_data.json,2024-09-03 23:59:00.000,2024-09-03 23:59:00.000,com.sec.android.app.shealth,0,7102,1.4141,5113.44,298.28,sampleDeviceID,com.sec.android.app.shealth,f69c54ca-b1ef-4bf4-87ee-85974e0d3a33,1725321600000,
62cbe9fd-87fe-4ccf-9ba6-e1a92580b134.binning_data.json,2024-09-04 23:59:00.000,2024-09-04 23:59:00.000,com.sec.android.app.shealth,0,6102,1.4429,4393.44,256.28,sampleDeviceID,com.sec.android.app.shealth,62cbe9fd-87fe-4ccf-9ba6-e1a92580b134,1725408000000,
179bea98-2f88-472a-8b07-4ab1d72f03d6.binning_data.json,2024-09-05 23:59:00.000,2024-09-05 23:59:00.000,com.sec.android.app.shealth,0,5091,1.3635,3665.52,213.82,sampleDeviceID,com.sec.android.app.shealth,179bea98-2f88-472a-8b07-4ab1d72f03d6,1725494400000,
7fde0825-66a2-4402-9bab-d31ba541be95.binning_data.json,2024-09-06 23:59:00.000,2024-09-06 23:59:00.000,com.sec.android.app.shealth,0,9052,1.4065,6517.44,380.18,sampleDeviceID,com.sec.android.app.shealth,7fde0825-66a2-4402-9bab-d31ba541be95,1725580800000,
b9207d7d-6b31-49b0-a79f-bf9c083409fe.binning_data.json,2024-09-07 23:59:00.000,2024-09-07 23:59:00.000,com.sec.android.app.shealth,0,8896,1.3087,6405.12,373.63,sampleDeviceID,com.sec.android.app.shealth,b9207d7d-6b31-49b0-a79f-bf9c083409fe,1725667200000,
512d0a0e-5276-4766-90d2-3e1e19244cc8.binning_data.json,2024-09-08 23:59:00.000,2024-09-08 23:59:00.000,com.sec.android.app.shealth,0,11476,1.4754,8262.72,481.99,sampleDeviceID,com.sec.android.app.shealth,512d0a0e-5276-4766-90d2-3e1e19244cc8,1725753600000,
cc33ee13-1126-4757-9fde-3db1e2372cf5.binning_data.json,2024-09-09 23:59:00.000,2024-09-09 23:59:00.000,com.sec.android.app.shealth,0,9378,1.318,6752.16,393.88,sampleDeviceID,com.sec.android.app.shealth,cc33ee13-1126-4757-9fde-3db1e2372cf5,1725840000000,
efe8f5be-7dbf-4714-994f-8627e9404aaa.binning_data.json,2024-09-10 23:59:00.000,2024-09-10 23:59:00.000,com.sec.android.app.shealth,0,5416,1.3826,3899.52,227.47,sampleDeviceID,com.sec.android.app.shealth,efe8f5be-7dbf-4714-994f-8627e9404aaa,1725926400000,
276cb19e-9763-4ab1-b2a9-c07367d2f9b4.binning_data.json,2024-09-11 23:59:00.000,2024-09-11 23:59:00.000,com.sec.android.app.shealth,0,5842,1.305,4206.24,245.36,sampleDeviceID,com.sec.android.app.shealth,276cb19e-9763-4ab1-b2a9-c07367d2f9b4,1726012800000,
3cdb2d3c-4329-43ed-9949-97be7a399a7b.binning_data.json,2024-09-12 23:59:00.000,2024-09-12 23:59:00.000,com.sec.android.app.shealth,0,5595,1.4118,4028.4,234.99,sampleDeviceID,com.sec.android.app.shealth,3cdb2d3c-4329-43ed-9949-97be7a399a7b,1726099200000,
ba1d18de-a422-4a0f-9cba-0f1b602d54a2.binning_data.json,2024-09-13 23:59:00.000,2024-09-13 23:59:00.000,com.sec.android.app.shealth,0,9653,1.4041,6950.16,405.43,sampleDeviceID,com.sec.android.app.shealth,ba1d18de-a422-4a0f-9cba-0f1b602d54a2,1726185600000,
3142b5c3-665d-44d9-b1ae-bb51b398cf30.binning_data.json,2024-09-14 23:59:00.000,2024-09-14 23:59:00.000,com.sec.android.app.shealth,0,4757,1.2534,3425.04,199.79,sampleDeviceID,com.sec.android.app.shealth,3142b5c3-665d-44d9-b1ae-bb51b398cf30,1726272000000,
9c7e86db-503d-4d97-8df8-a5a51874960a.binning_data.json,2024-09-15 23:59:00.000,2024-09-15 23:59:00.000,com.sec.android.app.shealth,0,8745,1.3181,6296.4,367.29,sampleDeviceID,com.sec.android.app.shealth,9c7e86db-503d-4d97-8df8-a5a51874960a,1726358400000,
7abbd20f-87b7-4140-af7d-ac645e2b3a53.binning_data.json,2024-09-16 23:59:00.000,2024-09-16 23:59:00.000,com.sec.android.app.shealth,0,9043,1.3175,6510.96,379.81,sampleDeviceID,com.sec.android.app.shealth,7abbd20f-87b7-4140-af7d-ac645e2b3a53,1726444800000,
6f947ce2-259e-4e6b-8e13-6669f47fcfe5.binning_data.json,2024-09-17 23:59:00.000,2024-09-17 23:59:00.000,com.sec.android.app.shealth,0,9395,1.465,6764.4,394.59,sampleDeviceID,com.sec.android.app.shealth,6f947ce2-259e-4e6b-8e13-6669f47fcfe5,1726531200000,
08cb78d5-ef87-4326-bb19-b28293b43829.binning_data.json,2024-09-18 23:59:00.000,2024-09-18 23:59:00.000,com.sec.android.app.shealth,0,7583,1.4835,5459.76,318.49,sampleDeviceID,com.sec.android.app.shealth,08cb78d5-ef87-4326-bb19-b28293b43829,1726617600000,
5f3c6c2e-56ce-496c-9657-bd793ed2a58d.binning_data.json,2024-09-19 23:59:00.000,2024-09-19 23:59:00.000,com.sec.android.app.shealth,0,6678,1.2592,4808.16,280.48,sampleDeviceID,com.sec.android.app.shealth,5f3c6c2e-56ce-496c-9657-bd793ed2a58d,1726704000000,
a923224d-a168-488c-a09c-dc3c88264e3f.binning_data.json,2024-09-20 23:59:00.000,2024-09-20 23:59:00.000,com.sec.android.app.shealth,0,5927,1.3185,4267.44,248.93,sampleDeviceID,com.sec.android.app.shealth,a923224d-a168-488c-a09c-dc3c88264e3f,1726790400000,
5cf65686-1231-4047-9886-46b485aa998a.binning_data.json,2024-09-21 23:59:00.000,2024-09-21 23:59:00.000,com.sec.android.app.shealth,0,6288,1.4898,4527.36,264.1,sampleDeviceID,com.sec.android.app.shealth,5cf65686-1231-4047-9886-46b485aa998a,1726876800000,
e47f195c-e711-4596-b6f6-deb626c679b9.binning_data.json,2024-09-22 23:59:00.000,2024-09-22 23:59:00.000,com.sec.android.app.shealth,0,3550,1.3235,2556,149.1,sampleDeviceID,com.sec.android.app.shealth,e47f195c-e711-4596-b6f6-deb626c679b9,1726963200000,
f94aa25f-6194-451f-87cb-6f3ae1eaf639.binning_data.json,2024-09-23 23:59:00.000,2024-09-23 23:59:00.000,com.sec.android.app.shealth,0,8440,1.4604,6076.8,354.48,sampleDeviceID,com.sec.android.app.shealth,f94aa25f-6194-451f-87cb-6f3ae1eaf639,1727049600000,
5863dc53-b2a7-45df-ba42-46d0b4b1a8a8.binning_data.json,2024-09-24 23:59:00.000,2024-09-24 23:59:00.000,com.sec.android.app.shealth,0,5970,1.2825,4298.4,250.74,sampleDeviceID,com.sec.android.app.shealth,5863dc53-b2a7-45df-ba42-46d0b4b1a8a8,1727136000000,
027c72da-0a0b-44ae-abcf-ee1ed06094ac.binning_data.json,2024-09-25 23:59:00.000,2024-09-25 23:59:00.000,com.sec.android.app.shealth,0,7585,1.4184,5461.2,318.57,sampleDeviceID,com.sec.android.app.shealth,027c72da-0a0b-44ae-abcf-ee1ed06094ac,1727222400000,
f9e0ec47-9d54-405c-ad7f-54e5e4e662c7.binning_data.json,2024-09-26 23:59:00.000,2024-09-26 23:59:00.000,com.sec.android.app.shealth,0,5899,1.4042,4247.28,247.76,sampleDeviceID,com.sec.android.app.shealth,f9e0ec47-9d54-405c-ad7f-54e5e4e662c7,1727308800000,
ed793d90-ff25-4a46-b6fd-1980bd90aa30.binning_data.json,2024-09-27 23:59:00.000,2024-09-27 23:59:00.000,com.sec.android.app.shealth,0,6076,1.3035,4374.72,255.19,sampleDeviceID,com.sec.android.app.shealth,ed793d90-ff25-4a46-b6fd-1980bd90aa30,1727395200000,
8e03db8a-1329-4c7f-bdcb-3a0fbff53e5d.binning_data.json,2024-09-28 23:59:00.000,2024-09-28 23:59:00.000,com.sec.android.app.shealth,0,3659,1.4651,2634.48,153.68,sampleDeviceID,com.sec.android.app.shealth,8e03db8a-1329-4c7f-bdcb-3a0fbff53e5d,1727481600000,
1b8dfc84-a1a8-4ead-bbdf-dda173a32b16.binning_data.json,2024-09-29 23:59:00.000,2024-09-29 23:59:00.000,com.sec.android.app.shealth,0,8827,1.2732,6355.44,370.73,sampleDeviceID,com.sec.android.app.shealth,1b8dfc84-a1a8-4ead-bbdf-dda173a32b16,1727568000000,
fedfe3ce-668f-4193-952f-348248991ef9.binning_data.json,2024-09-30 23:59:00.000,2024-09-30 23:59:00.000,com.sec.android.app.shealth,0,10369,1.47,7465.68,435.5,sampleDeviceID,com.sec.android.app.shealth,fedfe3ce-668f-4193-952f-348248991ef9,1727654400000,
aed17a6a-f7ec-4701-8b2c-c44891b46af4.binning_data.json,2024-10-01 23:59:00.000,2024-10-01 23:59:00.000,com.sec.android.app.shealth,0,6783,1.3126,4883.76,284.89,sampleDeviceID,com.sec.android.app.shealth,aed17a6a-f7ec-4701-8b2c-c44891b46af4,1727740800000,
61fca4cc-e5d6-4029-9c87-3d39c6a734c7.binning_data.json,2024-10-02 23:59:00.000,2024-10-02 23:59:00.000,com.sec.android.app.shealth,0,6086,1.4994,4381.92,255.61,sampleDeviceID,com.sec.android.app.shealth,61fca4cc-e5d6-4029-9c87-3d39c6a734c7,1727827200000,
0b909dd7-b22e-4388-93c9-ba9903cd84c3.binning_data.json,2024-10-03 23:59:00.000,2024-10-03 23:59:00.000,com.sec.android.app.shealth,0,5501,1.2701,3960.72,231.04,sampleDeviceID,com.sec.android.app.shealth,0b909dd7-b22e-4388-93c9-ba9903cd84c3,1727913600000,
a8499f8e-416a-4783-b8c9-69b24cebe526.binning_data.json,2024-10-04 23:59:00.000,2024-10-04 23:59:00.000,com.sec.android.app.shealth,0,9327,1.4421,6715.44,391.73,sampleDeviceID,com.sec.android.app.shealth,a8499f8e-416a-4783-b8c9-69b24cebe526,1728000000000,
f47a596c-b6fe-41fc-81b6-e3932f3df102.binning_data.json,2024-10-05 23:59:00.000,2024-10-05 23:59:00.000,com.sec.android.app.shealth,0,4651,1.4093,3348.72,195.34,sampleDeviceID,com.sec.android.app.shealth,f47a596c-b6fe-41fc-81b6-e3932f3df102,1728086400000,
71732411-45e4-4427-b58e-042da8e505c8.binning_data.json,2024-10-06 23:59:00.000,2024-10-06 23:59:00.000,com.sec.android.app.shealth,0,12563,1.4578,9045.36,527.65,sampleDeviceID,com.sec.android.app.shealth,71732411-45e4-4427-b58e-042da8e505c8,1728172800000,
362cf4ca-5af1-4918-a5e6-76f2449bed7e.binning_data.json,2024-10-07 23:59:00.000,2024-10-07 23:59:00.000,com.sec.android.app.shealth,0,10199,1.418,7343.28,428.36,sampleDeviceID,com.sec.android.app.shealth,362cf4ca-5af1-4918-a5e6-76f2449bed7e,1728259200000,
916c16e3-e24a-43c0-8c45-c4d0fbf5a579.binning_data.json,2024-10-08 23:59:00.000,2024-10-08 23:59:00.000,com.sec.android.app.shealth,0,6495,1.4765,4676.4,272.79,sampleDeviceID,com.sec.android.app.shealth,916c16e3-e24a-43c0-8c45-c4d0fbf5a579,1728345600000,
ad9ab358-9ddd-47bf-a70b-d9f5f3f3185f.binning_data.json,2024-10-09 23:59:00.000,2024-10-09 23:59:00.000,com.sec.android.app.shealth,0,7776,1.3581,5598.72,326.59,sampleDeviceID,com.sec.android.app.shealth,ad9ab358-9ddd-47bf-a70b-d9f5f3f3185f,1728432000000,
a928da40-976e-4350-a2e4-4258dfe9e57a.binning_data.json,2024-10-10 23:59:00.000,2024-10-10 23:59:00.000,com.sec.android.app.shealth,0,5369,1.407,3865.68,225.5,sampleDeviceID,com.sec.android.app.shealth,a928da40-976e-4350-a2e4-4258dfe9e57a,1728518400000,
44bc5b1f-24bc-44b2-8aa9-f519eb9bea63.binning_data.json,2024-10-11 23:59:00.000,2024-10-11 23:59:00.000,com.sec.android.app.shealth,0,5294,1.3596,3811.68,222.35,sampleDeviceID,com.sec.android.app.shealth,44bc5b1f-24bc-44b2-8aa9-f519eb9bea63,1728604800000,
7cc0b9c5-0ef1-4d17-acbf-189fc0c0648c.binning_data.json,2024-10-12 23:59:00.000,2024-10-12 23:59:00.000,com.sec.android.app.shealth,0,12946,1.3138,9321.12,543.73,sampleDeviceID,com.sec.android.app.shealth,7cc0b9c5-0ef1-4d17-acbf-189fc0c0648c,1728691200000,
a5a5bef4-d170-43a5-80d0-9f4ea7e5ce49.binning_data.json,2024-10-13 23:59:00.000,2024-10-13 23:59:00.000,com.sec.android.app.shealth,0,12838,1.3147,9243.36,539.2,sampleDeviceID,com.sec.android.app.shealth,a5a5bef4-d170-43a5-80d0-9f4ea7e5ce49,1728777600000,
04dd6034-ee99-4f00-bb60-0e87603e48e0.binning_data.json,2024-10-14 23:59:00.000,2024-10-14 23:59:00.000,com.sec.android.app.shealth,0,6998,1.298,5038.56,293.92,sampleDeviceID,com.sec.android.app.shealth,04dd6034-ee99-4f00-bb60-0e87603e48e0,1728864000000,
3aa91f28-c2ae-4790-8ae8-79bb5b07ec60.binning_data.json,2024-10-15 23:59:00.000,2024-10-15 23:59:00.000,com.sec.android.app.shealth,0,8237,1.4903,5930.64,345.95,sampleDeviceID,com.sec.android.app.shealth,3aa91f28-c2ae-4790-8ae8-79bb5b07ec60,1728950400000,
b1caf5c6-ef21-46c2-8111-99baa1d0b351.binning_data.json,2024-10-16 23:59:00.000,2024-10-16 23:59:00.000,com.sec.android.app.shealth,0,4870,1.2536,3506.4,204.54,sampleDeviceID,com.sec.android.app.shealth,b1caf5c6-ef21-46c2-8111-99baa1d0b351,1729036800000,
80dce22c-1f97-4eec-b704-cb50568997f7.binning_data.json,2024-10-17 23:59:00.000,2024-10-17 23:59:00.000,com.sec.android.app.shealth,0,4680,1.4962,3369.6,196.56,sampleDeviceID,com.sec.android.app.shealth,80dce22c-1f97-4eec-b704-cb50568997f7,1729123200000,
d299b7ac-b693-46fe-8490-ef9c2fec2e25.binning_data.json,2024-10-18 23:59:00.000,2024-10-18 23:59:00.000,com.sec.android.app.shealth,0,8089,1.4844,5824.08,339.74,sampleDeviceID,com.sec.android.app.shealth,d299b7ac-b693-46fe-8490-ef9c2fec2e25,1729209600000,
0cbd5fb0-0350-4583-8823-2549cb6c5ad3.binning_data.json,2024-10-19 23:59:00.000,2024-10-19 23:59:00.000,com.sec.android.app.shealth,0,6025,1.3539,4338,253.05,sampleDeviceID,com.sec.android.app.shealth,0cbd5fb0-0350-4583-8823-2549cb6c5ad3,1729296000000,
dceaaddd-87ad-48f9-b61f-9a1c5c5864f6.binning_data.json,2024-10-20 23:59:00.000,2024-10-20 23:59:00.000,com.sec.android.app.shealth,0,12955,1.3762,9327.6,544.11,sampleDeviceID,com.sec.android.app.shealth,dceaaddd-87ad-48f9-b61f-9a1c5c5864f6,1729382400000,
cf4e8cd9-d972-4f56-b8c0-c640bf639168.binning_data.json,2024-10-21 23:59:00.000,2024-10-21 23:59:00.000,com.sec.android.app.shealth,0,10666,1.3269,7679.52,447.97,sampleDeviceID,com.sec.android.app.shealth,cf4e8cd9-d972-4f56-b8c0-c640bf639168,1729468800000,
0532efbb-9299-48f1-b5c3-d46b9ebe6842.binning_data.json,2024-10-22 23:59:00.000,2024-10-22 23:59:00.000,com.sec.android.app.shealth,0,10724,1.4033,7721.28,450.41,sampleDeviceID,com.sec.android.app.shealth,0532efbb-9299-48f1-b5c3-d46b9ebe6842,1729555200000,
aaee5494-2e19-43ad-8ec0-ebe413e4e2cf.binning_data.json,2024-10-23 23:59:00.000,2024-10-23 23:59:00.000,com.sec.android.app.shealth,0,5435,1.3831,3913.2,228.27,sampleDeviceID,com.sec.android.app.shealth,aaee5494-2e19-43ad-8ec0-ebe413e4e2cf,1729641600000,
fceb6568-a70c-45b6-8e19-2d4cc0827622.binning_data.json,2024-10-24 23:59:00.000,2024-10-24 23:59:00.000,com.sec.android.app.shealth,0,7320,1.4465,5270.4,307.44,sampleDeviceID,com.sec.android.app.shealth,fceb6568-a70c-45b6-8e19-2d4cc0827622,1729728000000,
d5aed5ee-2c7e-4a11-9a25-0b3d79814950.binning_data.json,2024-10-25 23:59:00.000,2024-10-25 23:59:00.000,com.sec.android.app.shealth,0,5327,1.3358,3835.44,223.73,sampleDeviceID,com.sec.android.app.shealth,d5aed5ee-2c7e-4a11-9a25-0b3d79814950,1729814400000,
f2fefbf4-8c37-490e-8ad3-f985cf1e467e.binning_data.json,2024-10-26 23:59:00.000,2024-10-26 23:59:00.000,com.sec.android.app.shealth,0,4683,1.3484,3371.76,196.69,sampleDeviceID,com.sec.android.app.shealth,f2fefbf4-8c37-490e-8ad3-f985cf1e467e,1729900800000,
51c48076-0d66-46dc-8a29-9da370790a44.binning_data.json,2024-10-27 23:59:00.000,2024-10-27 23:59:00.000,com.sec.android.app.shealth,0,6030,1.3983,4341.6,253.26,sampleDeviceID,com.sec.android.app.shealth,51c48076-0d66-46dc-8a29-9da370790a44,1729987200000,
fdf75a8d-8171-476c-b6ed-b7cefa7180be.binning_data.json,2024-10-28 23:59:00.000,2024-10-28 23:59:00.000,com.sec.android.app.shealth,0,6675,1.3023,4806,280.35,sampleDeviceID,com.sec.android.app.shealth,fdf75a8d-8171-476c-b6ed-b7cefa7180be,1730073600000,
0b404495-d37c-4e44-8f36-6797dca7d952.binning_data.json,2024-10-29 23:59:00.000,2024-10-29 23:59:00.000,com.sec.android.app.shealth,0,6430,1.4915,4629.6,270.06,sampleDeviceID,com.sec.android.app.shealth,0b404495-d37c-4e44-8f36-6797dca7d952,1730160000000,
f69458ba-c553-40e3-b31f-2b6f90a0c227.binning_data.json,2024-10-30 23:59:00.000,2024-10-30 23:59:00.000,com.sec.android.app.shealth,0,4912,1.4128,3536.64,206.3,sampleDeviceID,com.sec.android.app.shealth,f69458ba-c553-40e3-b31f-2b6f90a0c227,1730246400000,
5758b155-0de1-4989-a572-cb03fe60a739.binning_data.json,2024-10-31 23:59:00.000,2024-10-31 23:59:00.000,com.sec.android.app.shealth,0,10687,1.3206,7694.64,448.85,sampleDeviceID,com.sec.android.app.shealth,5758b155-0de1-4989-a572-cb03fe60a739,1730332800000,
973d4fd4-36b9-4352-aa95-cf4463456518.binning_data.json,2024-11-01 23:59:00.000,2024-11-01 23:59:00.000,com.sec.android.app.shealth,0,8007,1.2513,5765.04,336.29,sampleDeviceID,com.sec.android.app.shealth,973d4fd4-36b9-4352-aa95-cf4463456518,1730419200000,
d2649806-f663-4efe-9746-02ff008c1aa4.binning_data.json,2024-11-02 23:59:00.000,2024-11-02 23:59:00.000,com.sec.android.app.shealth,0,8854,1.4844,6374.88,371.87,sampleDeviceID,com.sec.android.app.shealth,d2649806-f663-4efe-9746-02ff008c1aa4,1730505600000,
e69dd663-8b41-4d39-9024-9ed10e57f1dc.binning_data.json,2024-11-03 23:59:00.000,2024-11-03 23:59:00.000,com.sec.android.app.shealth,0,12302,1.427,8857.44,516.68,sampleDeviceID,com.sec.android.app.shealth,e69dd663-8b41-4d39-9024-9ed10e57f1dc,1730592000000,
ac25abeb-2cfb-4b98-9099-b0dea93af644.binning_data.json,2024-11-04 23:59:00.000,2024-11-04 23:59:00.000,com.sec.android.app.shealth,0,9364,1.376,6742.08,393.29,sampleDeviceID,com.sec.android.app.shealth,ac25abeb-2cfb-4b98-9099-b0dea93af644,1730678400000,
dcc441bf-74ac-4e62-a070-310a2697fce1.binning_data.json,2024-11-05 23:59:00.000,2024-11-05 23:59:00.000,com.sec.android.app.shealth,0,7138,1.2641,5139.36,299.8,sampleDeviceID,com.sec.android.app.shealth,dcc441bf-74ac-4e62-a070-310a2697fce1,1730764800000,
84316d27-e21e-4b1d-8733-08d752100c85.binning_data.json,2024-11-06 23:59:00.000,2024-11-06 23:59:00.000,com.sec.android.app.shealth,0,10220,1.2926,7358.4,429.24,sampleDeviceID,com.sec.android.app.shealth,84316d27-e21e-4b1d-8733-08d752100c85,1730851200000,
97cdad00-6ce9-4ef4-8c97-80c3bffac65a.binning_data.json,2024-11-07 23:59:00.000,2024-11-07 23:59:00.000,com.sec.android.app.shealth,0,4853,1.4015,3494.16,203.83,sampleDeviceID,com.sec.android.app.shealth,97cdad00-6ce9-4ef4-8c97-80c3bffac65a,1730937600000,
c32a6ab7-6598-422d-a1e9-0fb0ca0e73ce.binning_data.json,2024-11-08 23:59:00.000,2024-11-08 23:59:00.000,com.sec.android.app.shealth,0,9408,1.4364,6773.76,395.14,sampleDeviceID,com.sec.android.app.shealth,c32a6ab7-6598-422d-a1e9-0fb0ca0e73ce,1731024000000,
0257f3d6-7768-4906-b03b-758ec000545a.binning_data.json,2024-11-09 23:59:00.000,2024-11-09 23:59:00.000,com.sec.android.app.shealth,0,6772,1.3899,4875.84,284.42,sampleDeviceID,com.sec.android.app.shealth,0257f3d6-7768-4906-b03b-758ec000545a,1731110400000,
04bf1e68-d5fa-49f3-a524-fb05b8efb88a.binning_data.json,2024-11-10 23:59:00.000,2024-11-10 23:59:00.000,com.sec.android.app.shealth,0,12152,1.3812,8749.44,510.38,sampleDeviceID,com.sec.android.app.shealth,04bf1e68-d5fa-49f3-a524-fb05b8efb88a,1731196800000,
1fd723a1-abdf-49a2-afdf-2ed7a3af1746.binning_data.json,2024-11-11 23:59:00.000,2024-11-11 23:59:00.000,com.sec.android.app.shealth,0,7825,1.4039,5634,328.65,sampleDeviceID,com.sec.android.app.shealth,1fd723a1-abdf-49a2-afdf-2ed7a3af1746,1731283200000,
c49ce166-8802-437b-9885-d10bb9110b58.binning_data.json,2024-11-12 23:59:00.000,2024-11-12 23:59:00.000,com.sec.android.app.shealth,0,8576,1.4441,6174.72,360.19,sampleDeviceID,com.sec.android.app.shealth,c49ce166-8802-437b-9885-d10bb9110b58,1731369600000,
4d844d7f-3717-4ad3-a254-afda1715b036.binning_data.json,2024-11-13 23:59:00.000,2024-11-13 23:59:00.000,com.sec.android.app.shealth,0,8146,1.3207,5865.12,342.13,sampleDeviceID,com.sec.android.app.shealth,4d844d7f-3717-4ad3-a254-afda1715b036,1731456000000,
bb20ea86-f565-42f5-8e2e-f875e9838b06.binning_data.json,2024-11-14 23:59:00.000,2024-11-14 23:59:00.000,com.sec.android.app.shealth,0,8682,1.4578,6251.04,364.64,sampleDeviceID,com.sec.android.app.shealth,bb20ea86-f565-42f5-8e2e-f875e9838b06,1731542400000,
874b9ab3-7967-4692-b136-f917d50810f6.binning_data.json,2024-11-15 23:59:00.000,2024-11-15 23:59:00.000,com.sec.android.app.shealth,0,6511,1.3482,4687.92,273.46,sampleDeviceID,com.sec.android.app.shealth,874b9ab3-7967-4692-b136-f917d50810f6,1731628800000,
9e503f3a-2bce-442f-b5d7-5c81f2044218.binning_data.json,2024-11-16 23:59:00.000,2024-11-16 23:59:00.000,com.sec.android.app.shealth,0,11135,1.3216,8017.2,467.67,sampleDeviceID,com.sec.android.app.shealth,9e503f3a-2bce-442f-b5d7-5c81f2044218,1731715200000,
87f51d92-09c7-41d5-9d20-385fee1b9b47.binning_data.json,2024-11-17 23:59:00.000,2024-11-17 23:59:00.000,com.sec.android.app.shealth,0,6036,1.3135,4345.92,253.51,sampleDeviceID,com.sec.android.app.shealth,87f51d92-09c7-41d5-9d20-385fee1b9b47,1731801600000,
5628b130-7c20-455c-8fcc-5c8c3d7e76e9.binning_data.json,2024-11-18 23:59:00.000,2024-11-18 23:59:00.000,com.sec.android.app.shealth,0,7444,1.4148,5359.68,312.65,sampleDeviceID,com.sec.android.app.shealth,5628b130-7c20-455c-8fcc-5c8c3d7e76e9,1731888000000,
551d7a6c-313e-4499-a41a-006b41be8dbf.binning_data.json,2024-11-19 23:59:00.000,2024-11-19 23:59:00.000,com.sec.android.app.shealth,0,4821,1.413,3471.12,202.48,sampleDeviceID,com.sec.android.app.shealth,551d7a6c-313e-4499-a41a-006b41be8dbf,1731974400000,
f8e56c25-08a2-41b1-ae77-87f769f89c72.binning_data.json,2024-11-20 23:59:00.000,2024-11-20 23:59:00.000,com.sec.android.app.shealth,0,7283,1.3793,5243.76,305.89,sampleDeviceID,com.sec.android.app.shealth,f8e56c25-08a2-41b1-ae77-87f769f89c72,1732060800000,
165b8ed0-b188-4078-891d-43d7141d685c.binning_data.json,2024-11-21 23:59:00.000,2024-11-21 23:59:00.000,com.sec.android.app.shealth,0,8014,1.4972,5770.08,336.59,sampleDeviceID,com.sec.android.app.shealth,165b8ed0-b188-4078-891d-43d7141d685c,1732147200000,
aa237e3a-e8df-4938-bf04-454a035730ab.binning_data.json,2024-11-22 23:59:00.000,2024-11-22 23:59:00.000,com.sec.android.app.shealth,0,10202,1.3395,7345.44,428.48,sampleDeviceID,com.sec.android.app.shealth,aa237e3a-e8df-4938-bf04-454a035730ab,1732233600000,
df36d034-133f-4c33-9836-58ec9d8f401a.binning_data.json,2024-11-23 23:59:00.000,2024-11-23 23:59:00.000,com.sec.android.app.shealth,0,12117,1.2584,8724.24,508.91,sampleDeviceID,com.sec.android.app.shealth,df36d034-133f-4c33-9836-58ec9d8f401a,1732320000000,
9a68b7de-1860-4c57-8b05-b8e2c5d0d12f.binning_data.json,2024-11-24 23:59:00.000,2024-11-24 23:59:00.000,com.sec.android.app.shealth,0,7443,1.2572,5358.96,312.61,sampleDeviceID,com.sec.android.app.shealth,9a68b7de-1860-4c57-8b05-b8e2c5d0d12f,1732406400000,
03271233-75dd-4562-a0dc-bd48163bca91.binning_data.json,2024-11-25 23:59:00.000,2024-11-25 23:59:00.000,com.sec.android.app.shealth,0,6798,1.3261,4894.56,285.52,sampleDeviceID,com.sec.android.app.shealth,03271233-75dd-4562-a0dc-bd48163bca91,1732492800000,
8e49c36f-2759-4c08-8992-527651dacb70.binning_data.json,2024-11-26 23:59:00.000,2024-11-26 23:59:00.000,com.sec.android.app.shealth,0,9207,1.4824,6629.04,386.69,sampleDeviceID,com.sec.android.app.shealth,8e49c36f-2759-4c08-8992-527651dacb70,1732579200000,
7ab8e0d8-a105-4627-8569-0cb07ea0fedb.binning_data.json,2024-11-27 23:59:00.000,2024-11-27 23:59:00.000,com.sec.android.app.shealth,0,10302,1.46,7417.44,432.68,sampleDeviceID,com.sec.android.app.shealth,7ab8e0d8-a105-4627-8569-0cb07ea0fedb,1732665600000,
fb80435e-01e5-4b0f-9972-ab9049a6e3b9.binning_data.json,2024-11-28 23:59:00.000,2024-11-28 23:59:00.000,com.sec.android.app.shealth,0,8356,1.4936,6016.32,350.95,sampleDeviceID,com.sec.android.app.shealth,fb80435e-01e5-4b0f-9972-ab9049a6e3b9,1732752000000,
b8c16894-fe76-4f4e-ad93-7c5458172795.binning_data.json,2024-11-29 23:59:00.000,2024-11-29 23:59:00.000,com.sec.android.app.shealth,0,10443,1.3784,7518.96,438.61,sampleDeviceID,com.sec.android.app.shealth,b8c16894-fe76-4f4e-ad93-7c5458172795,1732838400000,
b0d4ceb2-4730-44c0-9f2a-8f23053804d3.binning_data.json,2024-11-30 23:59:00.000,2024-11-30 23:59:00.000,com.sec.android.app.shealth,0,4202,1.3298,3025.44,176.48,sampleDeviceID,com.sec.android.app.shealth,b0d4ceb2-4730-44c0-9f2a-8f23053804d3,1732924800000,
8cbbbafd-d9b7-40b9-98f7-716e21e991d8.binning_data.json,2024-12-01 23:59:00.000,2024-12-01 23:59:00.000,com.sec.android.app.shealth,0,5219,1.4282,3757.68,219.2,sampleDeviceID,com.sec.android.app.shealth,8cbbbafd-d9b7-40b9-98f7-716e21e991d8,1733011200000,
0dc4f570-0df8-4414-9dee-a32593890c43.binning_data.json,2024-12-02 23:59:00.000,2024-12-02 23:59:00.000,com.sec.android.app.shealth,0,4979,1.4103,3584.88,209.12,sampleDeviceID,com.sec.android.app.shealth,0dc4f570-0df8-4414-9dee-a32593890c43,1733097600000,
c8b22ac3-80be-419c-90d1-176c03f012f2.binning_data.json,2024-12-03 23:59:00.000,2024-12-03 23:59:00.000,com.sec.android.app.shealth,0,5271,1.3849,3795.12,221.38,sampleDeviceID,com.sec.android.app.shealth,c8b22ac3-80be-419c-90d1-176c03f012f2,1733184000000,
dab4ae1f-7b55-412b-b4ea-d1385f6e3e80.binning_data.json,2024-12-04 23:59:00.000,2024-12-04 23:59:00.000,com.sec.android.app.shealth,0,8935,1.2824,6433.2,375.27,sampleDeviceID,com.sec.android.app.shealth,dab4ae1f-7b55-412b-b4ea-d1385f6e3e80,1733270400000,
2fc4ff8a-472a-4eca-bb20-6fc18e902dec.binning_data.json,2024-12-05 23:59:00.000,2024-12-05 23:59:00.000,com.sec.android.app.shealth,0,5904,1.2945,4250.88,247.97,sampleDeviceID,com.sec.android.app.shealth,2fc4ff8a-472a-4eca-bb20-6fc18e902dec,1733356800000,
1c2dfc2f-c25d-41ec-8d68-cd5cb34d7d97.binning_data.json,2024-12-06 23:59:00.000,2024-12-06 23:59:00.000,com.sec.android.app.shealth,0,7611,1.4764,5479.92,319.66,sampleDeviceID,com.sec.android.app.shealth,1c2dfc2f-c25d-41ec-8d68-cd5cb34d7d97,1733443200000,
82e13212-8600-4672-83ae-aff78dc5cd93.binning_data.json,2024-12-07 23:59:00.000,2024-12-07 23:59:00.000,com.sec.android.app.shealth,0,6670,1.4907,4802.4,280.14,sampleDeviceID,com.sec.android.app.shealth,82e13212-8600-4672-83ae-aff78dc5cd93,1733529600000,
78620fa7-2863-4559-a73a-eb297066ec93.binning_data.json,2024-12-08 23:59:00.000,2024-12-08 23:59:00.000,com.sec.android.app.shealth,0,10899,1.374,7847.28,457.76,sampleDeviceID,com.sec.android.app.shealth,78620fa7-2863-4559-a73a-eb297066ec93,1733616000000,
86f16453-02dc-494c-b065-bddb88048785.binning_data.json,2024-12-09 23:59:00.000,2024-12-09 23:59:00.000,com.sec.android.app.shealth,0,6810,1.2837,4903.2,286.02,sampleDeviceID,com.sec.android.app.shealth,86f16453-02dc-494c-b065-bddb88048785,1733702400000,
40ddd32f-4720-4004-a820-91985e77e94e.binning_data.json,2024-12-10 23:59:00.000,2024-12-10 23:59:00.000,com.sec.android.app.shealth,0,9162,1.3405,6596.64,384.8,sampleDeviceID,com.sec.android.app.shealth,40ddd32f-4720-4004-a820-91985e77e94e,1733788800000,
5a52be1c-64e2-42cf-b193-a96e257184f8.binning_data.json,2024-12-11 23:59:00.000,2024-12-11 23:59:00.000,com.sec.android.app.shealth,0,5570,1.254,4010.4,233.94,sampleDeviceID,com.sec.android.app.shealth,5a52be1c-64e2-42cf-b193-a96e257184f8,1733875200000,
705f5515-a6a4-4ef3-8f13-2b816561a1db.binning_data.json,2024-12-12 23:59:00.000,2024-12-12 23:59:00.000,com.sec.android.app.shealth,0,10002,1.4145,7201.44,420.08,sampleDeviceID,com.sec.android.app.shealth,705f5515-a6a4-4ef3-8f13-2b816561a1db,1733961600000,
8dfd9eec-ffc5-46a2-90aa-c72307df74cc.binning_data.json,2024-12-13 23:59:00.000,2024-12-13 23:59:00.000,com.sec.android.app.shealth,0,7820,1.3544,5630.4,328.44,sampleDeviceID,com.sec.android.app.shealth,8dfd9eec-ffc5-46a2-90aa-c72307df74cc,1734048000000,
276b1285-fc09-4681-8675-bcf71bf6ddf5.binning_data.json,2024-12-14 23:59:00.000,2024-12-14 23:59:00.000,com.sec.android.app.shealth,0,4946,1.3775,3561.12,207.73,sampleDeviceID,com.sec.android.app.shealth,276b1285-fc09-4681-8675-bcf71bf6ddf5,1734134400000,
895646f5-a8e5-48b8-8374-2af9c8495a11.binning_data.json,2024-12-15 23:59:00.000,2024-12-15 23:59:00.000,com.sec.android.app.shealth,0,6430,1.2546,4629.6,270.06,sampleDeviceID,com.sec.android.app.shealth,895646f5-a8e5-48b8-8374-2af9c8495a11,1734220800000,
24d2feb1-76bf-423f-b4ad-aa1d24432b81.binning_data.json,2024-12-16 23:59:00.000,2024-12-16 23:59:00.000,com.sec.android.app.shealth,0,7785,1.2609,5605.2,326.97,sampleDeviceID,com.sec.android.app.shealth,24d2feb1-76bf-423f-b4ad-aa1d24432b81,1734307200000,
6f6952a4-d2ff-402c-b199-25b76bfce31f.binning_data.json,2024-12-17 23:59:00.000,2024-12-17 23:59:00.000,com.sec.android.app.shealth,0,9052,1.439,6517.44,380.18,sampleDeviceID,com.sec.android.app.shealth,6f6952a4-d2ff-402c-b199-25b76bfce31f,1734393600000,
45a51510-c4d2-46fb-b37e-8b2c6cb6da45.binning_data.json,2024-12-18 23:59:00.000,2024-12-18 23:59:00.000,com.sec.android.app.shealth,0,8512,1.2808,6128.64,357.5,sampleDeviceID,com.sec.android.app.shealth,45a51510-c4d2-46fb-b37e-8b2c6cb6da45,1734480000000,
f97b284c-0228-46b2-b045-8a77eea6b94b.binning_data.json,2024-12-19 23:59:00.000,2024-12-19 23:59:00.000,com.sec.android.app.shealth,0,8964,1.3708,6454.08,376.49,sampleDeviceID,com.sec.android.app.shealth,f97b284c-0228-46b2-b045-8a77eea6b94b,1734566400000,
f95d0e16-f3f9-49db-9367-f556ac46a6fd.binning_data.json,2024-12-20 23:59:00.000,2024-12-20 23:59:00.000,com.sec.android.app.shealth,0,4862,1.3305,3500.64,204.2,sampleDeviceID,com.sec.android.app.shealth,f95d0e16-f3f9-49db-9367-f556ac46a6fd,1734652800000,
bb816342-d29a-4976-ad8a-c17f1ccd8173.binning_data.json,2024-12-21 23:59:00.000,2024-12-21 23:59:00.000,com.sec.android.app.shealth,0,10358,1.4556,7457.76,435.04,sampleDeviceID,com.sec.android.app.shealth,bb816342-d29a-4976-ad8a-c17f1ccd8173,1734739200000,
c6fd33ee-119a-4234-92fc-f3341db04442.binning_data.json,2024-12-22 23:59:00.000,2024-12-22 23:59:00.000,com.sec.android.app.shealth,0,8255,1.4777,5943.6,346.71,sampleDeviceID,com.sec.android.app.shealth,c6fd33ee-119a-4234-92fc-f3341db04442,1734825600000,
6bc8ac53-707e-4962-b963-27c2ad2683c4.binning_data.json,2024-12-23 23:59:00.000,2024-12-23 23:59:00.000,com.sec.android.app.shealth,0,7609,1.3924,5478.48,319.58,sampleDeviceID,com.sec.android.app.shealth,6bc8ac53-707e-4962-b963-27c2ad2683c4,1734912000000,
1ded08f0-608d-4157-9cbf-d3b4f08bf075.binning_data.json,2024-12-24 23:59:00.000,2024-12-24 23:59:00.000,com.sec.android.app.shealth,0,8400,1.4999,6048,352.8,sampleDeviceID,com.sec.android.app.shealth,1ded08f0-608d-4157-9cbf-d3b4f08bf075,1734998400000,
0502ad1c-beda-489c-9816-f777c2a96001.binning_data.json,2024-12-25 23:59:00.000,2024-12-25 23:59:00.000,com.sec.android.app.shealth,0,10143,1.4265,7302.96,426.01,sampleDeviceID,com.sec.android.app.shealth,0502ad1c-beda-489c-9816-f777c2a96001,1735084800000,
ea5a06e4-f964-4e26-baee-db504b7e64b1.binning_data.json,2024-12-26 23:59:00.000,2024-12-26 23:59:00.000,com.sec.android.app.shealth,0,6765,1.4167,4870.8,284.13,sampleDeviceID,com.sec.android.app.shealth,ea5a06e4-f964-4e26-baee-db504b7e64b1,1735171200000,
fca83a68-24d2-4332-bec7-008e9741cbb6.binning_data.json,2024-12-27 23:59:00.000,2024-12-27 23:59:00.000,com.sec.android.app.shealth,0,7058,1.2675,5081.76,296.44,sampleDeviceID,com.sec.android.app.shealth,fca83a68-24d2-4332-bec7-008e9741cbb6,1735257600000,
d7aeba2c-2715-4c31-89b1-2d1fc2849ea4.binning_data.json,2024-12-28 23:59:00.000,2024-12-28 23:59:00.000,com.sec.android.app.shealth,0,7417,1.3017,5340.24,311.51,sampleDeviceID,com.sec.android.app.shealth,d7aeba2c-2715-4c31-89b1-2d1fc2849ea4,1735344000000,
542b7a54-97bb-4f1d-bfcf-b75ebacf30b0.binning_data.json,2024-12-29 23:59:00.000,2024-12-29 23:59:00.000,com.sec.android.app.shealth,0,12020,1.4657,8654.4,504.84,sampleDeviceID,com.sec.android.app.shealth,542b7a54-97bb-4f1d-bfcf-b75ebacf30b0,1735430400000,
bee2b9a0-5e17-4164-af45-f6a393f29fc6.binning_data.json,2024-12-30 23:59:00.000,2024-12-30 23:59:00.000,com.sec.android.app.shealth,0,9985,1.3522,7189.2,419.37,sampleDeviceID,com.sec.android.app.shealth,bee2b9a0-5e17-4164-af45-f6a393f29fc6,1735516800000,
48e15580-e8db-46d1-98e7-8af3cecd0fc5.binning_data.json,2024-12-31 23:59:00.000,2024-12-31 23:59:00.000,com.sec.android.app.shealth,0,6277,1.2997,4519.44,263.63,sampleDeviceID,com.sec.android.app.shealth,48e15580-e8db-46d1-98e7-8af3cecd0fc5,1735603200000,
e9b486ca-4926-4f2a-84d0-576743042e41.binning_data.json,2025-01-01 23:59:00.000,2025-01-01 23:59:00.000,com.sec.android.app.shealth,0,6763,1.3257,4869.36,284.05,sampleDeviceID,com.sec.android.app.shealth,e9b486ca-4926-4f2a-84d0-576743042e41,1735689600000,
86691a05-72c1-44f6-b10e-b315a9d4ed51.binning_data.json,2025-01-02 23:59:00.000,2025-01-02 23:59:00.000,com.sec.android.app.shealth,0,6612,1.4101,4760.64,277.7,sampleDeviceID,com.sec.android.app.shealth,86691a05-72c1-44f6-b10e-b315a9d4ed51,1735776000000,
bb1b206a-a4ca-48aa-9b36-f6048decc95c.binning_data.json,2025-01-03 23:59:00.000,2025-01-03 23:59:00.000,com.sec.android.app.shealth,0,6788,1.4699,4887.36,285.1,sampleDeviceID,com.sec.android.app.shealth,bb1b206a-a4ca-48aa-9b36-f6048decc95c,1735862400000,
28c9a40a-59bc-4b51-811e-3852afb07d44.binning_data.json,2025-01-04 23:59:00.000,2025-01-04 23:59:00.000,com.sec.android.app.shealth,0,5908,1.3945,4253.76,248.14,sampleDeviceID,com.sec.android.app.shealth,28c9a40a-59bc-4b51-811e-3852afb07d44,1735948800000,
66177bd2-b473-43fb-8798-3b23a86e8745.binning_data.json,2025-01-05 23:59:00.000,2025-01-05 23:59:00.000,com.sec.android.app.shealth,0,7504,1.3225,5402.88,315.17,sampleDeviceID,com.sec.android.app.shealth,66177bd2-b473-43fb-8798-3b23a86e8745,1736035200000,
d72e4bd2-883f-4a37-839c-8f612ab0f07f.binning_data.json,2025-01-06 23:59:00.000,2025-01-06 23:59:00.000,com.sec.android.app.shealth,0,10176,1.4488,7326.72,427.39,sampleDeviceID,com.sec.android.app.shealth,d72e4bd2-883f-4a37-839c-8f612ab0f07f,1736121600000,
0d715e62-f565-468a-ad32-0c2f4e338d97.binning_data.json,2025-01-07 23:59:00.000,2025-01-07 23:59:00.000,com.sec.android.app.shealth,0,9355,1.2929,6735.6,392.91,sampleDeviceID,com.sec.android.app.shealth,0d715e62-f565-468a-ad32-0c2f4e338d97,1736208000000,
c1d45425-6d20-4402-899f-9cdc461173d6.binning_data.json,2025-01-08 23:59:00.000,2025-01-08 23:59:00.000,com.sec.android.app.shealth,0,10573,1.4536,7612.56,444.07,sampleDeviceID,com.sec.android.app.shealth,c1d45425-6d20-4402-899f-9cdc461173d6,1736294400000,
79b5c33e-d355-442b-8760-55aa1ac42ae9.binning_data.json,2025-01-09 23:59:00.000,2025-01-09 23:59:00.000,com.sec.android.app.shealth,0,8376,1.4778,6030.72,351.79,sampleDeviceID,com.sec.android.app.shealth,79b5c33e-d355-442b-8760-55aa1ac42ae9,1736380800000,
2d36e1ac-b039-4b21-82f7-defb9ce49fc2.binning_data.json,2025-01-10 23:59:00.000,2025-01-10 23:59:00.000,com.sec.android.app.shealth,0,9434,1.4976,6792.48,396.23,sampleDeviceID,com.sec.android.app.shealth,2d36e1ac-b039-4b21-82f7-defb9ce49fc2,1736467200000,
18eb33d3-55a1-497c-b274-c3bffdaa2c5b.binning_data.json,2025-01-11 23:59:00.000,2025-01-11 23:59:00.000,com.sec.android.app.shealth,0,7593,1.3521,5466.96,318.91,sampleDeviceID,com.sec.android.app.shealth,18eb33d3-55a1-497c-b274-c3bffdaa2c5b,1736553600000,
6ed06160-5043-4c70-a76e-913730e4ed76.binning_data.json,2025-01-12 23:59:00.000,2025-01-12 23:59:00.000,com.sec.android.app.shealth,0,11879,1.4369,8552.88,498.92,sampleDeviceID,com.sec.android.app.shealth,6ed06160-5043-4c70-a76e-913730e4ed76,1736640000000,
938fbf64-15a9-4ba2-b7c8-8e4d232cd1d8.binning_data.json,2025-01-13 23:59:00.000,2025-01-13 23:59:00.000,com.sec.android.app.shealth,0,8299,1.4597,5975.28,348.56,sampleDeviceID,com.sec.android.app.shealth,938fbf64-15a9-4ba2-b7c8-8e4d232cd1d8,1736726400000,
bb26cb94-491b-4afd-af66-806b7123af48.binning_data.json,2025-01-14 23:59:00.000,2025-01-14 23:59:00.000,com.sec.android.app.shealth,0,6244,1.3589,4495.68,262.25,sampleDeviceID,com.sec.android.app.shealth,bb26cb94-491b-4afd-af66-806b7123af48,1736812800000,
1b26892a-28e7-440f-b0a5-7830ce81c80c.binning_data.json,2025-01-15 23:59:00.000,2025-01-15 23:59:00.000,com.sec.android.app.shealth,0,10874,1.3665,7829.28,456.71,sampleDeviceID,com.sec.android.app.shealth,1b26892a-28e7-440f-b0a5-7830ce81c80c,1736899200000,
4d5af6bf-ec00-4862-9077-6f94b425673d.binning_data.json,2025-01-16 23:59:00.000,2025-01-16 23:59:00.000,com.sec.android.app.shealth,0,7420,1.2699,5342.4,311.64,sampleDeviceID,com.sec.android.app.shealth,4d5af6bf-ec00-4862-9077-6f94b425673d,1736985600000,
67ccff49-cd3e-4359-867a-032d830827c8.binning_data.json,2025-01-17 23:59:00.000,2025-01-17 23:59:00.000,com.sec.android.app.shealth,0,9130,1.4542,6573.6,383.46,sampleDeviceID,com.sec.android.app.shealth,67ccff49-cd3e-4359-867a-032d830827c8,1737072000000,
00735cbd-4133-49a3-8c0d-149ff52b03e5.binning_data.json,2025-01-18 23:59:00.000,2025-01-18 23:59:00.000,com.sec.android.app.shealth,0,10446,1.3955,7521.12,438.73,sampleDeviceID,com.sec.android.app.shealth,00735cbd-4133-49a3-8c0d-149ff52b03e5,1737158400000,
c56010c4-3e9b-4c28-a171-64a917a4f31e.binning_data.json,2025-01-19 23:59:00.000,2025-01-19 23:59:00.000,com.sec.android.app.shealth,0,8992,1.2926,6474.24,377.66,sampleDeviceID,com.sec.android.app.shealth,c56010c4-3e9b-4c28-a171-64a917a4f31e,1737244800000,
a07e657e-1551-4136-a4c2-9cc145d03c3e.binning_data.json,2025-01-20 23:59:00.000,2025-01-20 23:59:00.000,com.sec.android.app.shealth,0,5521,1.4532,3975.12,231.88,sampleDeviceID,com.sec.android.app.shealth,a07e657e-1551-4136-a4c2-9cc145d03c3e,1737331200000,
183dbff2-9be5-4b00-859e-195eb6b8e4ff.binning_data.json,2025-01-21 23:59:00.000,2025-01-21 23:59:00.000,com.sec.android.app.shealth,0,5896,1.493,4245.12,247.63,sampleDeviceID,com.sec.android.app.shealth,183dbff2-9be5-4b00-859e-195eb6b8e4ff,1737417600000,
dc7d5221-1288-4efd-b81c-034976a19f22.binning_data.json,2025-01-22 23:59:00.000,2025-01-22 23:59:00.000,com.sec.android.app.shealth,0,8534,1.4639,6144.48,358.43,sampleDeviceID,com.sec.android.app.shealth,dc7d5221-1288-4efd-b81c-034976a19f22,1737504000000,
9b44409f-7201-4a43-a7f2-ae5a01530de0.binning_data.json,2025-01-23 23:59:00.000,2025-01-23 23:59:00.000,com.sec.android.app.shealth,0,8030,1.3405,5781.6,337.26,sampleDeviceID,com.sec.android.app.shealth,9b44409f-7201-4a43-a7f2-ae5a01530de0,1737590400000,
c907796c-7463-485f-aa9f-24dae1c8c694.binning_data.json,2025-01-24 23:59:00.000,2025-01-24 23:59:00.000,com.sec.android.app.shealth,0,4615,1.3874,3322.8,193.83,sampleDeviceID,com.sec.android.app.shealth,c907796c-7463-485f-aa9f-24dae1c8c694,1737676800000,
a0ef9662-3f87-4e48-bba0-cd8990b4a7b1.binning_data.json,2025-01-25 23:59:00.000,2025-01-25 23:59:00.000,com.sec.android.app.shealth,0,8691,1.4324,6257.52,365.02,sampleDeviceID,com.sec.android.app.shealth,a0ef9662-3f87-4e48-bba0-cd8990b4a7b1,1737763200000,
8ffbdace-edd3-4db4-86f9-805a1fc59056.binning_data.json,2025-01-26 23:59:00.000,2025-01-26 23:59:00.000,com.sec.android.app.shealth,0,12361,1.4261,8899.92,519.16,sampleDeviceID,com.sec.android.app.shealth,8ffbdace-edd3-4db4-86f9-805a1fc59056,1737849600000,
7317c3c4-2ff6-43d6-a81b-6646bf58be76.binning_data.json,2025-01-27 23:59:00.000,2025-01-27 23:59:00.000,com.sec.android.app.shealth,0,5135,1.3994,3697.2,215.67,sampleDeviceID,com.sec.android.app.shealth,7317c3c4-2ff6-43d6-a81b-6646bf58be76,1737936000000,
bff43b90-dfa5-4267-84e1-46039225463a.binning_data.json,2025-01-28 23:59:00.000,2025-01-28 23:59:00.000,com.sec.android.app.shealth,0,8530,1.3189,6141.6,358.26,sampleDeviceID,com.sec.android.app.shealth,bff43b90-dfa5-4267-84e1-46039225463a,1738022400000,
ea7c8d9a-45ab-4073-8eaf-de6286a9bd36.binning_data.json,2025-01-29 23:59:00.000,2025-01-29 23:59:00.000,com.sec.android.app.shealth,0,5975,1.2535,4302,250.95,sampleDeviceID,com.sec.android.app.shealth,ea7c8d9a-45ab-4073-8eaf-de6286a9bd36,1738108800000,
96edbf1f-a7a8-466b-a8e3-4572daa96993.binning_data.json,2025-01-30 23:59:00.000,2025-01-30 23:59:00.000,com.sec.android.app.shealth,0,8593,1.4677,6186.96,360.91,sampleDeviceID,com.sec.android.app.shealth,96edbf1f-a7a8-466b-a8e3-4572daa96993,1738195200000,
bde2b469-3f9e-4e4d-83ba-c0c638ece153.binning_data.json,2025-01-31 23:59:00.000,2025-01-31 23:59:00.000,com.sec.android.app.shealth,0,4854,1.2716,3494.88,203.87,sampleDeviceID,com.sec.android.app.shealth,bde2b469-3f9e-4e4d-83ba-c0c638ece153,1738281600000,
5e21ec48-d692-497e-b885-7fe345d08f7f.binning_data.json,2025-02-01 23:59:00.000,2025-02-01 23:59:00.000,com.sec.android.app.shealth,0,4910,1.418,3535.2,206.22,sampleDeviceID,com.sec.android.app.shealth,5e21ec48-d692-497e-b885-7fe345d08f7f,1738368000000,
aa9ffea6-00a2-4c54-ad4d-96578a7ff413.binning_data.json,2025-02-02 23:59:00.000,2025-02-02 23:59:00.000,com.sec.android.app.shealth,0,7245,1.2778,5216.4,304.29,sampleDeviceID,com.sec.android.app.shealth,aa9ffea6-00a2-4c54-ad4d-96578a7ff413,1738454400000,
2a05d6ca-5483-4a86-9a71-224c0620b345.binning_data.json,2025-02-03 23:59:00.000,2025-02-03 23:59:00.000,com.sec.android.app.shealth,0,9572,1.2835,6891.84,402.02,sampleDeviceID,com.sec.android.app.shealth,2a05d6ca-5483-4a86-9a71-224c0620b345,1738540800000,
fa7a947e-bbaa-4a02-9c22-e626a02d2c1c.binning_data.json,2025-02-04 23:59:00.000,2025-02-04 23:59:00.000,com.sec.android.app.shealth,0,6531,1.2542,4702.32,274.3,sampleDeviceID,com.sec.android.app.shealth,fa7a947e-bbaa-4a02-9c22-e626a02d2c1c,1738627200000,
00ff7d40-4489-4c8d-86ed-b4da30e09c07.binning_data.json,2025-02-05 23:59:00.000,2025-02-05 23:59:00.000,com.sec.android.app.shealth,0,9862,1.3199,7100.64,414.2,sampleDeviceID,com.sec.android.app.shealth,00ff7d40-4489-4c8d-86ed-b4da30e09c07,1738713600000,
435b48e9-088a-4a8a-a3a7-4dee93a65806.binning_data.json,2025-02-06 23:59:00.000,2025-02-06 23:59:00.000,com.sec.android.app.shealth,0,10223,1.3382,7360.56,429.37,sampleDeviceID,com.sec.android.app.shealth,435b48e9-088a-4a8a-a3a7-4dee93a65806,1738800000000,
d5d831c2-7fb4-48b8-98a3-ee245ce0e28f.binning_data.json,2025-02-07 23:59:00.000,2025-02-07 23:59:00.000,com.sec.android.app.shealth,0,9439,1.4052,6796.08,396.44,sampleDeviceID,com.sec.android.app.shealth,d5d831c2-7fb4-48b8-98a3-ee245ce0e28f,1738886400000,
05dd6b3f-0055-4f4d-82da-87b225cf6776.binning_data.json,2025-02-08 23:59:00.000,2025-02-08 23:59:00.000,com.sec.android.app.shealth,0,9696,1.3629,6981.12,407.23,sampleDeviceID,com.sec.android.app.shealth,05dd6b3f-0055-4f4d-82da-87b225cf6776,1738972800000,
77d7599b-8d9e-4b36-99bb-3436445148f0.binning_data.json,2025-02-09 23:59:00.000,2025-02-09 23:59:00.000,com.sec.android.app.shealth,0,13718,1.4248,9876.96,576.16,sampleDeviceID,com.sec.android.app.shealth,77d7599b-8d9e-4b36-99bb-3436445148f0,1739059200000,
228ee10b-2610-4854-9f95-1d8f3f438868.binning_data.json,2025-02-10 23:59:00.000,2025-02-10 23:59:00.000,com.sec.android.app.shealth,0,4791,1.2675,3449.52,201.22,sampleDeviceID,com.sec.android.app.shealth,228ee10b-2610-4854-9f95-1d8f3f438868,1739145600000,
154c521a-7d48-4fd1-90ca-3ffeee58ec62.binning_data.json,2025-02-11 23:59:00.000,2025-02-11 23:59:00.000,com.sec.android.app.shealth,0,8283,1.3638,5963.76,347.89,sampleDeviceID,com.sec.android.app.shealth,154c521a-7d48-4fd1-90ca-3ffeee58ec62,1739232000000,
ad636fba-832b-4b0d-b86b-f6fe65a48002.binning_data.json,2025-02-12 23:59:00.000,2025-02-12 23:59:00.000,com.sec.android.app.shealth,0,5859,1.4816,4218.48,246.08,sampleDeviceID,com.sec.android.app.shealth,ad636fba-832b-4b0d-b86b-f6fe65a48002,1739318400000,
57acbf5c-5109-4889-9057-d4f8ee748854.binning_data.json,2025-02-13 23:59:00.000,2025-02-13 23:59:00.000,com.sec.android.app.shealth,0,8530,1.3777,6141.6,358.26,sampleDeviceID,com.sec.android.app.shealth,57acbf5c-5109-4889-9057-d4f8ee748854,1739404800000,
1aaed578-e8a6-43e3-a6ca-96c4a0566cbe.binning_data.json,2025-02-14 23:59:00.000,2025-02-14 23:59:00.000,com.sec.android.app.shealth,0,6610,1.3882,4759.2,277.62,sampleDeviceID,com.sec.android.app.shealth,1aaed578-e8a6-43e3-a6ca-96c4a0566cbe,1739491200000,
2fa6de89-f6b5-4dd8-b23d-a9ec21dc918e.binning_data.json,2025-02-15 23:59:00.000,2025-02-15 23:59:00.000,com.sec.android.app.shealth,0,8517,1.2939,6132.24,357.71,sampleDeviceID,com.sec.android.app.shealth,2fa6de89-f6b5-4dd8-b23d-a9ec21dc918e,1739577600000,
3e195799-ae7f-42db-b4f9-1921129427a1.binning_data.json,2025-02-16 23:59:00.000,2025-02-16 23:59:00.000,com.sec.android.app.shealth,0,9721,1.3777,6999.12,408.28,sampleDeviceID,com.sec.android.app.shealth,3e195799-ae7f-42db-b4f9-1921129427a1,1739664000000,
a75f9fb6-f480-40d2-935e-3008ea5eb723.binning_data.json,2025-02-17 23:59:00.000,2025-02-17 23:59:00.000,com.sec.android.app.shealth,0,6103,1.4346,4394.16,256.33,sampleDeviceID,com.sec.android.app.shealth,a75f9fb6-f480-40d2-935e-3008ea5eb723,1739750400000,
82f9394b-49d8-4835-9653-ac5da35b7fce.binning_data.json,2025-02-18 23:59:00.000,2025-02-18 23:59:00.000,com.sec.android.app.shealth,0,6933,1.3991,4991.76,291.19,sampleDeviceID,com.sec.android.app.shealth,82f9394b-49d8-4835-9653-ac5da35b7fce,1739836800000,
f52c91a9-59b0-4f8e-a4f1-4f71956650c9.binning_data.json,2025-02-19 23:59:00.000,2025-02-19 23:59:00.000,com.sec.android.app.shealth,0,6542,1.4988,4710.24,274.76,sampleDeviceID,com.sec.android.app.shealth,f52c91a9-59b0-4f8e-a4f1-4f71956650c9,1739923200000,
c26c6954-c083-448b-a8f0-14ef5adbf7e2.binning_data.json,2025-02-20 23:59:00.000,2025-02-20 23:59:00.000,com.sec.android.app.shealth,0,10506,1.2913,7564.32,441.25,sampleDeviceID,com.sec.android.app.shealth,c26c6954-c083-448b-a8f0-14ef5adbf7e2,1740009600000,
b844c7d4-9005-4cda-ab90-08703a08ac37.binning_data.json,2025-02-21 23:59:00.000,2025-02-21 23:59:00.000,com.sec.android.app.shealth,0,8348,1.484,6010.56,350.62,sampleDeviceID,com.sec.android.app.shealth,b844c7d4-9005-4cda-ab90-08703a08ac37,1740096000000,
d8bd1a2c-7cb3-4ffd-a017-230007fa930e.binning_data.json,2025-02-22 23:59:00.000,2025-02-22 23:59:00.000,com.sec.android.app.shealth,0,7830,1.3975,5637.6,328.86,sampleDeviceID,com.sec.android.app.shealth,d8bd1a2c-7cb3-4ffd-a017-230007fa930e,1740182400000,
dd89744e-5d8f-4a88-bd73-0296891bc448.binning_data.json,2025-02-23 23:59:00.000,2025-02-23 23:59:00.000,com.sec.android.app.shealth,0,3768,1.466,2712.96,158.26,sampleDeviceID,com.sec.android.app.shealth,dd89744e-5d8f-4a88-bd73-0296891bc448,1740268800000,
80862e39-16a8-4004-b1b5-6c682782d992.binning_data.json,2025-02-24 23:59:00.000,2025-02-24 23:59:00.000,com.sec.android.app.shealth,0,5182,1.3051,3731.04,217.64,sampleDeviceID,com.sec.android.app.shealth,80862e39-16a8-4004-b1b5-6c682782d992,1740355200000,
2b0244ef-d06a-4a48-815d-fc06adfacecc.binning_data.json,2025-02-25 23:59:00.000,2025-02-25 23:59:00.000,com.sec.android.app.shealth,0,4660,1.3785,3355.2,195.72,sampleDeviceID,com.sec.android.app.shealth,2b0244ef-d06a-4a48-815d-fc06adfacecc,1740441600000,
33f2b69f-46ee-4081-b445-b111a8fbb0b0.binning_data.json,2025-02-26 23:59:00.000,2025-02-26 23:59:00.000,com.sec.android.app.shealth,0,6274,1.411,4517.28,263.51,sampleDeviceID,com.sec.android.app.shealth,33f2b69f-46ee-4081-b445-b111a8fbb0b0,1740528000000,
9b41f8ee-aef2-4fd0-a333-292384d5c745.binning_data.json,2025-02-27 23:59:00.000,2025-02-27 23:59:00.000,com.sec.android.app.shealth,0,7546,1.4287,5433.12,316.93,sampleDeviceID,com.sec.android.app.shealth,9b41f8ee-aef2-4fd0-a333-292384d5c745,1740614400000,
9d80a67f-fa29-435a-b509-39465f1d5c64.binning_data.json,2025-02-28 23:59:00.000,2025-02-28 23:59:00.000,com.sec.android.app.shealth,0,9645,1.3629,6944.4,405.09,sampleDeviceID,com.sec.android.app.shealth,9d80a67f-fa29-435a-b509-39465f1d5c64,1740700800000,
77ac1c3a-3478-4409-9e85-cc5bfafbb485.binning_data.json,2025-03-01 23:59:00.000,2025-03-01 23:59:00.000,com.sec.android.app.shealth,0,8017,1.3961,5772.24,336.71,sampleDeviceID,com.sec.android.app.shealth,77ac1c3a-3478-4409-9e85-cc5bfafbb485,1740787200000,
95b7dd1a-6c21-4faf-a8ae-d3b8aa97f8d5.binning_data.json,2025-03-02 23:59:00.000,2025-03-02 23:59:00.000,com.sec.android.app.shealth,0,13955,1.2886,10047.6,586.11,sampleDeviceID,com.sec.android.app.shealth,95b7dd1a-6c21-4faf-a8ae-d3b8aa97f8d5,1740873600000,
ac28bf8c-d946-4019-b6e6-c998a9b67fb6.binning_data.json,2025-03-03 23:59:00.000,2025-03-03 23:59:00.000,com.sec.android.app.shealth,0,8738,1.3159,6291.36,367,sampleDeviceID,com.sec.android.app.shealth,ac28bf8c-d946-4019-b6e6-c998a9b67fb6,1740960000000,
ecb3a9e8-120b-49bc-93e2-d59838d90a28.binning_data.json,2025-03-04 23:59:00.000,2025-03-04 23:59:00.000,com.sec.android.app.shealth,0,6805,1.3352,4899.6,285.81,sampleDeviceID,com.sec.android.app.shealth,ecb3a9e8-120b-49bc-93e2-d59838d90a28,1741046400000,
06480953-6765-4d53-a2a3-1d69723ef232.binning_data.json,2025-03-05 23:59:00.000,2025-03-05 23:59:00.000,com.sec.android.app.shealth,0,5479,1.3448,3944.88,230.12,sampleDeviceID,com.sec.android.app.shealth,06480953-6765-4d53-a2a3-1d69723ef232,1741132800000,
590ba322-c402-4ef5-9e4a-b96bebc4e0ad.binning_data.json,2025-03-06 23:59:00.000,2025-03-06 23:59:00.000,com.sec.android.app.shealth,0,4631,1.297,3334.32,194.5,sampleDeviceID,com.sec.android.app.shealth,590ba322-c402-4ef5-9e4a-b96bebc4e0ad,1741219200000,
daa3a879-1203-4612-8556-c3faf6238218.binning_data.json,2025-03-07 23:59:00.000,2025-03-07 23:59:00.000,com.sec.android.app.shealth,0,7859,1.4731,5658.48,330.08,sampleDeviceID,com.sec.android.app.shealth,daa3a879-1203-4612-8556-c3faf6238218,1741305600000,
67d9534f-30a9-43b3-8cf3-2aa4a7b9b741.binning_data.json,2025-03-08 23:59:00.000,2025-03-08 23:59:00.000,com.sec.android.app.shealth,0,10860,1.4767,7819.2,456.12,sampleDeviceID,com.sec.android.app.shealth,67d9534f-30a9-43b3-8cf3-2aa4a7b9b741,1741392000000,
15740a2c-74d6-4953-8655-76a0842d74bc.binning_data.json,2025-03-09 23:59:00.000,2025-03-09 23:59:00.000,com.sec.android.app.shealth,0,12198,1.4652,8782.56,512.32,sampleDeviceID,com.sec.android.app.shealth,15740a2c-74d6-4953-8655-76a0842d74bc,1741478400000,
41d4801d-09f5-47d6-9a7e-50128de1fe3e.binning_data.json,2025-03-10 23:59:00.000,2025-03-10 23:59:00.000,com.sec.android.app.shealth,0,8812,1.2753,6344.64,370.1,sampleDeviceID,com.sec.android.app.shealth,41d4801d-09f5-47d6-9a7e-50128de1fe3e,1741564800000,
0cf44c98-9f76-4dfd-a9cf-1b13568641cc.binning_data.json,2025-03-11 23:59:00.000,2025-03-11 23:59:00.000,com.sec.android.app.shealth,0,7401,1.2925,5328.72,310.84,sampleDeviceID,com.sec.android.app.shealth,0cf44c98-9f76-4dfd-a9cf-1b13568641cc,1741651200000,
b86d68be-065b-4447-a6fc-1027d1184480.binning_data.json,2025-03-12 23:59:00.000,2025-03-12 23:59:00.000,com.sec.android.app.shealth,0,5204,1.4395,3746.88,218.57,sampleDeviceID,com.sec.android.app.shealth,b86d68be-065b-4447-a6fc-1027d1184480,1741737600000,
b2a6498d-e0dd-4f40-bb71-2247cd62a28c.binning_data.json,2025-03-13 23:59:00.000,2025-03-13 23:59:00.000,com.sec.android.app.shealth,0,9240,1.4524,6652.8,388.08,sampleDeviceID,com.sec.android.app.shealth,b2a6498d-e0dd-4f40-bb71-2247cd62a28c,1741824000000,
fd54c502-5411-4cd1-870c-b51536792976.binning_data.json,2025-03-14 23:59:00.000,2025-03-14 23:59:00.000,com.sec.android.app.shealth,0,6261,1.4803,4507.92,262.96,sampleDeviceID,com.sec.android.app.shealth,fd54c502-5411-4cd1-870c-b51536792976,1741910400000,
3099e1a9-3ac3-484f-8d15-7ffa8f54b8f8.binning_data.json,2025-03-15 23:59:00.000,2025-03-15 23:59:00.000,com.sec.android.app.shealth,0,12565,1.4118,9046.8,527.73,sampleDeviceID,com.sec.android.app.shealth,3099e1a9-3ac3-484f-8d15-7ffa8f54b8f8,1741996800000,
43e5f72c-cc17-475c-849a-2b089ce2fdd2.binning_data.json,2025-03-16 23:59:00.000,2025-03-16 23:59:00.000,com.sec.android.app.shealth,0,9860,1.4568,7099.2,414.12,sampleDeviceID,com.sec.android.app.shealth,43e5f72c-cc17-475c-849a-2b089ce2fdd2,1742083200000,
ced10632-49e8-48d9-ace3-0a7b53b1a6ae.binning_data.json,2025-03-17 23:59:00.000,2025-03-17 23:59:00.000,com.sec.android.app.shealth,0,7076,1.4121,5094.72,297.19,sampleDeviceID,com.sec.android.app.shealth,ced10632-49e8-48d9-ace3-0a7b53b1a6ae,1742169600000,
01443d42-1080-47c1-a2e9-f9ed2c419516.binning_data.json,2025-03-18 23:59:00.000,2025-03-18 23:59:00.000,com.sec.android.app.shealth,0,7043,1.2781,5070.96,295.81,sampleDeviceID,com.sec.android.app.shealth,01443d42-1080-47c1-a2e9-f9ed2c419516,1742256000000,
e4636cb9-0f2c-43ee-9c86-5420085c29c8.binning_data.json,2025-03-19 23:59:00.000,2025-03-19 23:59:00.000,com.sec.android.app.shealth,0,8684,1.3744,6252.48,364.73,sampleDeviceID,com.sec.android.app.shealth,e4636cb9-0f2c-43ee-9c86-5420085c29c8,1742342400000,
aa0d59f5-66d3-4e84-b247-495ca098fcf7.binning_data.json,2025-03-20 23:59:00.000,2025-03-20 23:59:00.000,com.sec.android.app.shealth,0,8085,1.2954,5821.2,339.57,sampleDeviceID,com.sec.android.app.shealth,aa0d59f5-66d3-4e84-b247-495ca098fcf7,1742428800000,
bbb8cbb2-4c67-45ff-9a26-53b305f69c2f.binning_data.json,2025-03-21 23:59:00.000,2025-03-21 23:59:00.000,com.sec.android.app.shealth,0,6642,1.3538,4782.24,278.96,sampleDeviceID,com.sec.android.app.shealth,bbb8cbb2-4c67-45ff-9a26-53b305f69c2f,1742515200000,
8e1392d4-9ac1-46d7-9955-40efd97153c5.binning_data.json,2025-03-22 23:59:00.000,2025-03-22 23:59:00.000,com.sec.android.app.shealth,0,4037,1.4309,2906.64,169.55,sampleDeviceID,com.sec.android.app.shealth,8e1392d4-9ac1-46d7-9955-40efd97153c5,1742601600000,
93dbd99f-bfd9-43a2-a06a-8f70599709bf.binning_data.json,2025-03-23 23:59:00.000,2025-03-23 23:59:00.000,com.sec.android.app.shealth,0,9761,1.3982,7027.92,409.96,sampleDeviceID,com.sec.android.app.shealth,93dbd99f-bfd9-43a2-a06a-8f70599709bf,1742688000000,
b2ecdd08-ce69-4c67-a5f5-41684bd67e37.binning_data.json,2025-03-24 23:59:00.000,2025-03-24 23:59:00.000,com.sec.android.app.shealth,0,5328,1.3793,3836.16,223.78,sampleDeviceID,com.sec.android.app.shealth,b2ecdd08-ce69-4c67-a5f5-41684bd67e37,1742774400000,
a9d37205-6b93-4623-bfdb-f767fc0777f4.binning_data.json,2025-03-25 23:59:00.000,2025-03-25 23:59:00.000,com.sec.android.app.shealth,0,5877,1.3003,4231.44,246.83,sampleDeviceID,com.sec.android.app.shealth,a9d37205-6b93-4623-bfdb-f767fc0777f4,1742860800000,
2e55db50-40d0-4dde-9eed-2c1e53b33ce5.binning_data.json,2025-03-26 23:59:00.000,2025-03-26 23:59:00.000,com.sec.android.app.shealth,0,10855,1.4615,7815.6,455.91,sampleDeviceID,com.sec.android.app.shealth,2e55db50-40d0-4dde-9eed-2c1e53b33ce5,1742947200000,
d2ac6736-7a76-4d4f-8035-b373417b8e25.binning_data.json,2025-03-27 23:59:00.000,2025-03-27 23:59:00.000,com.sec.android.app.shealth,0,6691,1.4677,4817.52,281.02,sampleDeviceID,com.sec.android.app.shealth,d2ac6736-7a76-4d4f-8035-b373417b8e25,1743033600000,
127e0e94-cc25-4285-9645-00e0ae2a18a2.binning_data.json,2025-03-28 23:59:00.000,2025-03-28 23:59:00.000,com.sec.android.app.shealth,0,4589,1.2714,3304.08,192.74,sampleDeviceID,com.sec.android.app.shealth,127e0e94-cc25-4285-9645-00e0ae2a18a2,1743120000000,
cfc1e339-cf16-4914-9360-49245c509524.binning_data.json,2025-03-29 23:59:00.000,2025-03-29 23:59:00.000,com.sec.android.app.shealth,0,9769,1.486,7033.68,410.3,sampleDeviceID,com.sec.android.app.shealth,cfc1e339-cf16-4914-9360-49245c509524,1743206400000,
970279b8-f330-434f-b459-3586c4c35784.binning_data.json,2025-03-30 23:59:00.000,2025-03-30 23:59:00.000,com.sec.android.app.shealth,0,5169,1.2662,3721.68,217.1,sampleDeviceID,com.sec.android.app.shealth,970279b8-f330-434f-b459-3586c4c35784,1743292800000,
c294b835-5a14-4699-9a61-d82ab4954f31.binning_data.json,2025-03-31 23:59:00.000,2025-03-31 23:59:00.000,com.sec.android.app.shealth,0,9552,1.2622,6877.44,401.18,sampleDeviceID,com.sec.android.app.shealth,c294b835-5a14-4699-9a61-d82ab4954f31,1743379200000,
d7021913-e771-4432-9cf0-125f1ceebaa7.binning_data.json,2025-04-01 23:59:00.000,2025-04-01 23:59:00.000,com.sec.android.app.shealth,0,4616,1.4996,3323.52,193.87,sampleDeviceID,com.sec.android.app.shealth,d7021913-e771-4432-9cf0-125f1ceebaa7,1743465600000,
ceb07430-e648-440c-8b95-81c752f577d0.binning_data.json,2025-04-02 23:59:00.000,2025-04-02 23:59:00.000,com.sec.android.app.shealth,0,6223,1.4155,4480.56,261.37,sampleDeviceID,com.sec.android.app.shealth,ceb07430-e648-440c-8b95-81c752f577d0,1743552000000,
090324df-7764-421d-9bc9-d50661d6a3e6.binning_data.json,2025-04-03 23:59:00.000,2025-04-03 23:59:00.000,com.sec.android.app.shealth,0,10217,1.3108,7356.24,429.11,sampleDeviceID,com.sec.android.app.shealth,090324df-7764-421d-9bc9-d50661d6a3e6,1743638400000,
20d7d0ba-1714-4924-afab-3e4e463e4365.binning_data.json,2025-04-04 23:59:00.000,2025-04-04 23:59:00.000,com.sec.android.app.shealth,0,8207,1.3815,5909.04,344.69,sampleDeviceID,com.sec.android.app.shealth,20d7d0ba-1714-4924-afab-3e4e463e4365,1743724800000,
c096fda3-b1d8-4d6d-a459-0d940dd867da.binning_data.json,2025-04-05 23:59:00.000,2025-04-05 23:59:00.000,com.sec.android.app.shealth,0,6482,1.4243,4667.04,272.24,sampleDeviceID,com.sec.android.app.shealth,c096fda3-b1d8-4d6d-a459-0d940dd867da,1743811200000,
0cb0c2ed-060f-4278-9f26-02a526907464.binning_data.json,2025-04-06 23:59:00.000,2025-04-06 23:59:00.000,com.sec.android.app.shealth,0,4873,1.286,3508.56,204.67,sampleDeviceID,com.sec.android.app.shealth,0cb0c2ed-060f-4278-9f26-02a526907464,1743897600000,
7e86daf0-4291-4902-8275-a04c8c04abb0.binning_data.json,2025-04-07 23:59:00.000,2025-04-07 23:59:00.000,com.sec.android.app.shealth,0,7886,1.3007,5677.92,331.21,sampleDeviceID,com.sec.android.app.shealth,7e86daf0-4291-4902-8275-a04c8c04abb0,1743984000000,
b408cf79-1257-4e05-b918-a936377d4791.binning_data.json,2025-04-08 23:59:00.000,2025-04-08 23:59:00.000,com.sec.android.app.shealth,0,5134,1.4744,3696.48,215.63,sampleDeviceID,com.sec.android.app.shealth,b408cf79-1257-4e05-b918-a936377d4791,1744070400000,
56c4d5cc-1a23-462a-a47c-db515991e093.binning_data.json,2025-04-09 23:59:00.000,2025-04-09 23:59:00.000,com.sec.android.app.shealth,0,5835,1.4168,4201.2,245.07,sampleDeviceID,com.sec.android.app.shealth,56c4d5cc-1a23-462a-a47c-db515991e093,1744156800000,
ccd1b59b-f0d7-4037-9e7a-074e09e5df05.binning_data.json,2025-04-10 23:59:00.000,2025-04-10 23:59:00.000,com.sec.android.app.shealth,0,7182,1.3607,5171.04,301.64,sampleDeviceID,com.sec.android.app.shealth,ccd1b59b-f0d7-4037-9e7a-074e09e5df05,1744243200000,
4118da6b-14f5-4a94-9bbb-ea59d6773fb5.binning_data.json,2025-04-11 23:59:00.000,2025-04-11 23:59:00.000,com.sec.android.app.shealth,0,7191,1.3679,5177.52,302.02,sampleDeviceID,com.sec.android.app.shealth,4118da6b-14f5-4a94-9bbb-ea59d6773fb5,1744329600000,
faf67746-2fc9-4237-8633-025ec917be82.binning_data.json,2025-04-12 23:59:00.000,2025-04-12 23:59:00.000,com.sec.android.app.shealth,0,4856,1.3669,3496.32,203.95,sampleDeviceID,com.sec.android.app.shealth,faf67746-2fc9-4237-8633-025ec917be82,1744416000000,
53971bd2-5343-4b04-8dca-38d9ac0333c6.binning_data.json,2025-04-13 23:59:00.000,2025-04-13 23:59:00.000,com.sec.android.app.shealth,0,5539,1.2589,3988.08,232.64,sampleDeviceID,com.sec.android.app.shealth,53971bd2-5343-4b04-8dca-38d9ac0333c6,1744502400000,
c1193360-bb0b-430a-9bd8-1f5be0f98e47.binning_data.json,2025-04-14 23:59:00.000,2025-04-14 23:59:00.000,com.sec.android.app.shealth,0,6593,1.4133,4746.96,276.91,sampleDeviceID,com.sec.android.app.shealth,c1193360-bb0b-430a-9bd8-1f5be0f98e47,1744588800000,
b9594977-5535-4ed7-b53a-83220353eed8.binning_data.json,2025-04-15 23:59:00.000,2025-04-15 23:59:00.000,com.sec.android.app.shealth,0,6807,1.3368,4901.04,285.89,sampleDeviceID,com.sec.android.app.shealth,b9594977-5535-4ed7-b53a-83220353eed8,1744675200000,
bd8397d5-1248-43a3-a4d0-b5962fd56fb4.binning_data.json,2025-04-16 23:59:00.000,2025-04-16 23:59:00.000,com.sec.android.app.shealth,0,10392,1.3036,7482.24,436.46,sampleDeviceID,com.sec.android.app.shealth,bd8397d5-1248-43a3-a4d0-b5962fd56fb4,1744761600000,
58329c8c-eb6e-4dac-bef4-dc64d9df6688.binning_data.json,2025-04-17 23:59:00.000,2025-04-17 23:59:00.000,com.sec.android.app.shealth,0,7774,1.3115,5597.28,326.51,sampleDeviceID,com.sec.android.app.shealth,58329c8c-eb6e-4dac-bef4-dc64d9df6688,1744848000000,
045c4b34-48c2-44c5-bdd3-93c94da9e21c.binning_data.json,2025-04-18 23:59:00.000,2025-04-18 23:59:00.000,com.sec.android.app.shealth,0,5271,1.471,3795.12,221.38,sampleDeviceID,com.sec.android.app.shealth,045c4b34-48c2-44c5-bdd3-93c94da9e21c,1744934400000,
820a6b8d-9213-495a-9cac-2d5d561f83e3.binning_data.json,2025-04-19 23:59:00.000,2025-04-19 23:59:00.000,com.sec.android.app.shealth,0,3712,1.4324,2672.64,155.9,sampleDeviceID,com.sec.android.app.shealth,820a6b8d-9213-495a-9cac-2d5d561f83e3,1745020800000,
77f7b821-39bb-4b8d-a471-7c55b6bd8374.binning_data.json,2025-04-20 23:59:00.000,2025-04-20 23:59:00.000,com.sec.android.app.shealth,0,8927,1.4233,6427.44,374.93,sampleDeviceID,com.sec.android.app.shealth,77f7b821-39bb-4b8d-a471-7c55b6bd8374,1745107200000,
f6ed4b64-a61e-4311-984c-3ef24c10b3fb.binning_data.json,2025-04-21 23:59:00.000,2025-04-21 23:59:00.000,com.sec.android.app.shealth,0,7455,1.3603,5367.6,313.11,sampleDeviceID,com.sec.android.app.shealth,f6ed4b64-a61e-4311-984c-3ef24c10b3fb,1745193600000,
89ec441f-3787-471f-887e-ac794ccda613.binning_data.json,2025-04-22 23:59:00.000,2025-04-22 23:59:00.000,com.sec.android.app.shealth,0,5086,1.2943,3661.92,213.61,sampleDeviceID,com.sec.android.app.shealth,89ec441f-3787-471f-887e-ac794ccda613,1745280000000,
7761256a-d2dc-4f0f-9c2d-058cf6bff7d0.binning_data.json,2025-04-23 23:59:00.000,2025-04-23 23:59:00.000,com.sec.android.app.shealth,0,5646,1.3702,4065.12,237.13,sampleDeviceID,com.sec.android.app.shealth,7761256a-d2dc-4f0f-9c2d-058cf6bff7d0,1745366400000,
f9471f4b-1381-4849-8c23-eb2e6cdecf97.binning_data.json,2025-04-24 23:59:00.000,2025-04-24 23:59:00.000,com.sec.android.app.shealth,0,7254,1.3217,5222.88,304.67,sampleDeviceID,com.sec.android.app.shealth,f9471f4b-1381-4849-8c23-eb2e6cdecf97,1745452800000,
31f09b80-d3bb-4183-ad4e-acd514734876.binning_data.json,2025-04-25 23:59:00.000,2025-04-25 23:59:00.000,com.sec.android.app.shealth,0,7418,1.3791,5340.96,311.56,sampleDeviceID,com.sec.android.app.shealth,31f09b80-d3bb-4183-ad4e-acd514734876,1745539200000,
dd9ec3fe-eff3-431e-8b96-5cae6e7e8b6b.binning_data.json,2025-04-26 23:59:00.000,2025-04-26 23:59:00.000,com.sec.android.app.shealth,0,4963,1.344,3573.36,208.45,sampleDeviceID,com.sec.android.app.shealth,dd9ec3fe-eff3-431e-8b96-5cae6e7e8b6b,1745625600000,
e352268b-dcb5-4c86-97e1-cd44a1153b01.binning_data.json,2025-04-27 23:59:00.000,2025-04-27 23:59:00.000,com.sec.android.app.shealth,0,11158,1.4856,8033.76,468.64,sampleDeviceID,com.sec.android.app.shealth,e352268b-dcb5-4c86-97e1-cd44a1153b01,1745712000000,
378d979d-ab80-48f8-ab08-4e5bc2547944.binning_data.json,2025-04-28 23:59:00.000,2025-04-28 23:59:00.000,com.sec.android.app.shealth,0,8933,1.3415,6431.76,375.19,sampleDeviceID,com.sec.android.app.shealth,378d979d-ab80-48f8-ab08-4e5bc2547944,1745798400000,
71645f57-f0ec-4cc6-8959-9050767106cb.binning_data.json,2025-04-29 23:59:00.000,2025-04-29 23:59:00.000,com.sec.android.app.shealth,0,6475,1.3028,4662,271.95,sampleDeviceID,com.sec.android.app.shealth,71645f57-f0ec-4cc6-8959-9050767106cb,1745884800000,
ac5a7f2a-9bb3-4beb-af0f-08648545f227.binning_data.json,2025-04-30 23:59:00.000,2025-04-30 23:59:00.000,com.sec.android.app.shealth,0,8805,1.2895,6339.6,369.81,sampleDeviceID,com.sec.android.app.shealth,ac5a7f2a-9bb3-4beb-af0f-08648545f227,1745971200000,
1c4091b3-f92b-4ade-b9ac-523fbc92f62b.binning_data.json,2025-05-01 23:59:00.000,2025-05-01 23:59:00.000,com.sec.android.app.shealth,0,7587,1.4374,5462.64,318.65,sampleDeviceID,com.sec.android.app.shealth,1c4091b3-f92b-4ade-b9ac-523fbc92f62b,1746057600000,
2243f931-3c7a-444d-b21a-b2aaafa6f7a2.binning_data.json,2025-05-02 23:59:00.000,2025-05-02 23:59:00.000,com.sec.android.app.shealth,0,8015,1.4824,5770.8,336.63,sampleDeviceID,com.sec.android.app.shealth,2243f931-3c7a-444d-b21a-b2aaafa6f7a2,1746144000000,
de12a521-2dcb-4736-8a6c-8ce2554a4cd8.binning_data.json,2025-05-03 23:59:00.000,2025-05-03 23:59:00.000,com.sec.android.app.shealth,0,6662,1.3979,4796.64,279.8,sampleDeviceID,com.sec.android.app.shealth,de12a521-2dcb-4736-8a6c-8ce2554a4cd8,1746230400000,
e317638e-d433-4df6-8378-1d981ddd5720.binning_data.json,2025-05-04 23:59:00.000,2025-05-04 23:59:00.000,com.sec.android.app.shealth,0,8406,1.2572,6052.32,353.05,sampleDeviceID,com.sec.android.app.shealth,e317638e-d433-4df6-8378-1d981ddd5720,1746316800000,
ab0bd295-7657-4804-9db2-9b308d5bd911.binning_data.json,2025-05-05 23:59:00.000,2025-05-05 23:59:00.000,com.sec.android.app.shealth,0,10660,1.4369,7675.2,447.72,sampleDeviceID,com.sec.android.app.shealth,ab0bd295-7657-4804-9db2-9b308d5bd911,1746403200000,
cc2f2198-278c-44fb-a66e-307b0cf4a24e.binning_data.json,2025-05-06 23:59:00.000,2025-05-06 23:59:00.000,com.sec.android.app.shealth,0,10767,1.2898,7752.24,452.21,sampleDeviceID,com.sec.android.app.shealth,cc2f2198-278c-44fb-a66e-307b0cf4a24e,1746489600000,
79fbb69e-5f38-42f1-94b6-906cf45d64a1.binning_data.json,2025-05-07 23:59:00.000,2025-05-07 23:59:00.000,com.sec.android.app.shealth,0,10279,1.389,7400.88,431.72,sampleDeviceID,com.sec.android.app.shealth,79fbb69e-5f38-42f1-94b6-906cf45d64a1,1746576000000,
5d0a037f-eb62-45ab-8393-e0af3311f4ca.binning_data.json,2025-05-08 23:59:00.000,2025-05-08 23:59:00.000,com.sec.android.app.shealth,0,7308,1.4567,5261.76,306.94,sampleDeviceID,com.sec.android.app.shealth,5d0a037f-eb62-45ab-8393-e0af3311f4ca,1746662400000,
df30a201-1bb7-4d97-abde-101c77997eca.binning_data.json,2025-05-09 23:59:00.000,2025-05-09 23:59:00.000,com.sec.android.app.shealth,0,8250,1.3646,5940,346.5,sampleDeviceID,com.sec.android.app.shealth,df30a201-1bb7-4d97-abde-101c77997eca,1746748800000,
876f9c32-646e-418c-827d-1534d6a3ae59.binning_data.json,2025-05-10 23:59:00.000,2025-05-10 23:59:00.000,com.sec.android.app.shealth,0,9751,1.3949,7020.72,409.54,sampleDeviceID,com.sec.android.app.shealth,876f9c32-646e-418c-827d-1534d6a3ae59,1746835200000,
cc4d802e-fb31-4f5a-9d54-62ef9ca2ed83.binning_data.json,2025-05-11 23:59:00.000,2025-05-11 23:59:00.000,com.sec.android.app.shealth,0,8223,1.4558,5920.56,345.37,sampleDeviceID,com.sec.android.app.shealth,cc4d802e-fb31-4f5a-9d54-62ef9ca2ed83,1746921600000,
bc7f08e9-28ea-4906-b52b-5de29ad34d35.binning_data.json,2025-05-12 23:59:00.000,2025-05-12 23:59:00.000,com.sec.android.app.shealth,0,10388,1.4589,7479.36,436.3,sampleDeviceID,com.sec.android.app.shealth,bc7f08e9-28ea-4906-b52b-5de29ad34d35,1747008000000,
0d88aab2-c0c7-453c-be2d-80add1e07db1.binning_data.json,2025-05-13 23:59:00.000,2025-05-13 23:59:00.000,com.sec.android.app.shealth,0,5755,1.4709,4143.6,241.71,sampleDeviceID,com.sec.android.app.shealth,0d88aab2-c0c7-453c-be2d-80add1e07db1,1747094400000,
7376d464-6daa-452a-8fa4-5dc71a7edd9e.binning_data.json,2025-05-14 23:59:00.000,2025-05-14 23:59:00.000,com.sec.android.app.shealth,0,5505,1.3878,3963.6,231.21,sampleDeviceID,com.sec.android.app.shealth,7376d464-6daa-452a-8fa4-5dc71a7edd9e,1747180800000,
b3bc6f60-54d4-41ef-91d1-1f1b77fc80cf.binning_data.json,2025-05-15 23:59:00.000,2025-05-15 23:59:00.000,com.sec.android.app.shealth,0,10901,1.3675,7848.72,457.84,sampleDeviceID,com.sec.android.app.shealth,b3bc6f60-54d4-41ef-91d1-1f1b77fc80cf,1747267200000,
14fd3647-3ed5-41fd-ac54-4010bb47a137.binning_data.json,2025-05-16 23:59:00.000,2025-05-16 23:59:00.000,com.sec.android.app.shealth,0,7968,1.4069,5736.96,334.66,sampleDeviceID,com.sec.android.app.shealth,14fd3647-3ed5-41fd-ac54-4010bb47a137,1747353600000,
37251a96-eaf8-466d-af42-6c8c8417b1fc.binning_data.json,2025-05-17 23:59:00.000,2025-05-17 23:59:00.000,com.sec.android.app.shealth,0,13554,1.4115,9758.88,569.27,sampleDeviceID,com.sec.android.app.shealth,37251a96-eaf8-466d-af42-6c8c8417b1fc,1747440000000,
c73ebff0-b95c-4513-9c30-e1eb1eac7bdc.binning_data.json,2025-05-18 23:59:00.000,2025-05-18 23:59:00.000,com.sec.android.app.shealth,0,8687,1.3278,6254.64,364.85,sampleDeviceID,com.sec.android.app.shealth,c73ebff0-b95c-4513-9c30-e1eb1eac7bdc,1747526400000,
d3dce6d6-52a8-47bf-818a-4ba5e1ece790.binning_data.json,2025-05-19 23:59:00.000,2025-05-19 23:59:00.000,com.sec.android.app.shealth,0,10839,1.3296,7804.08,455.24,sampleDeviceID,com.sec.android.app.shealth,d3dce6d6-52a8-47bf-818a-4ba5e1ece790,1747612800000,
d132fd04-ea4c-4a24-8f8e-e38afd4ce31d.binning_data.json,2025-05-20 23:59:00.000,2025-05-20 23:59:00.000,com.sec.android.app.shealth,0,7490,1.4162,5392.8,314.58,sampleDeviceID,com.sec.android.app.shealth,d132fd04-ea4c-4a24-8f8e-e38afd4ce31d,1747699200000,
246c5840-40d5-4550-b8b9-36e7063b467e.binning_data.json,2025-05-21 23:59:00.000,2025-05-21 23:59:00.000,com.sec.android.app.shealth,0,7112,1.486,5120.64,298.7,sampleDeviceID,com.sec.android.app.shealth,246c5840-40d5-4550-b8b9-36e7063b467e,1747785600000,
86a2ca3d-1d08-442d-b81c-e948e5d2ba31.binning_data.json,2025-05-22 23:59:00.000,2025-05-22 23:59:00.000,com.sec.android.app.shealth,0,6605,1.4674,4755.6,277.41,sampleDeviceID,com.sec.android.app.shealth,86a2ca3d-1d08-442d-b81c-e948e5d2ba31,1747872000000,
a7e40690-3b49-4165-a445-bd0ad7477e94.binning_data.json,2025-05-23 23:59:00.000,2025-05-23 23:59:00.000,com.sec.android.app.shealth,0,8656,1.254,6232.32,363.55,sampleDeviceID,com.sec.android.app.shealth,a7e40690-3b49-4165-a445-bd0ad7477e94,1747958400000,
2da9d483-d136-4ad4-81bd-86e629af3419.binning_data.json,2025-05-24 23:59:00.000,2025-05-24 23:59:00.000,com.sec.android.app.shealth,0,7902,1.3979,5689.44,331.88,sampleDeviceID,com.sec.android.app.shealth,2da9d483-d136-4ad4-81bd-86e629af3419,1748044800000,
9ae03526-461d-42b6-b317-eb84a3270264.binning_data.json,2025-05-25 23:59:00.000,2025-05-25 23:59:00.000,com.sec.android.app.shealth,0,7466,1.356,5375.52,313.57,sampleDeviceID,com.sec.android.app.shealth,9ae03526-461d-42b6-b317-eb84a3270264,1748131200000,
3046a945-1173-4d9a-88cd-641d497fa595.binning_data.json,2025-05-26 23:59:00.000,2025-05-26 23:59:00.000,com.sec.android.app.shealth,0,6484,1.4574,4668.48,272.33,sampleDeviceID,com.sec.android.app.shealth,3046a945-1173-4d9a-88cd-641d497fa595,1748217600000,
cb9b9600-509e-41c5-a754-9017ac078253.binning_data.json,2025-05-27 23:59:00.000,2025-05-27 23:59:00.000,com.sec.android.app.shealth,0,10309,1.3706,7422.48,432.98,sampleDeviceID,com.sec.android.app.shealth,cb9b9600-509e-41c5-a754-9017ac078253,1748304000000,
24458b28-2bd1-437f-9607-61cf466eca7d.binning_data.json,2025-05-28 23:59:00.000,2025-05-28 23:59:00.000,com.sec.android.app.shealth,0,8075,1.2833,5814,339.15,sampleDeviceID,com.sec.android.app.shealth,24458b28-2bd1-437f-9607-61cf466eca7d,1748390400000,
337d67d7-bfa3-4685-8b6c-1e257c065590.binning_data.json,2025-05-29 23:59:00.000,2025-05-29 23:59:00.000,com.sec.android.app.shealth,0,7620,1.2694,5486.4,320.04,sampleDeviceID,com.sec.android.app.shealth,337d67d7-bfa3-4685-8b6c-1e257c065590,1748476800000,
9ab7f145-ed86-4bee-b09e-22d6c4f06852.binning_data.json,2025-05-30 23:59:00.000,2025-05-30 23:59:00.000,com.sec.android.app.shealth,0,7245,1.3724,5216.4,304.29,sampleDeviceID,com.sec.android.app.shealth,9ab7f145-ed86-4bee-b09e-22d6c4f06852,1748563200000,
14495ddc-04c0-40d8-98c7-722a743a8e90.binning_data.json,2025-05-31 23:59:00.000,2025-05-31 23:59:00.000,com.sec.android.app.shealth,0,10632,1.4653,7655.04,446.54,sampleDeviceID,com.sec.android.app.shealth,14495ddc-04c0-40d8-98c7-722a743a8e90,1748649600000,
99cf1cc0-6b5d-46ab-a344-7dc0263b5ce3.binning_data.json,2025-06-01 23:59:00.000,2025-06-01 23:59:00.000,com.sec.android.app.shealth,0,11292,1.3685,8130.24,474.26,sampleDeviceID,com.sec.android.app.shealth,99cf1cc0-6b5d-46ab-a344-7dc0263b5ce3,1748736000000,
4f545530-e043-4f36-97fd-8ba211cceba4.binning_data.json,2025-06-02 23:59:00.000,2025-06-02 23:59:00.000,com.sec.android.app.shealth,0,8079,1.3935,5816.88,339.32,sampleDeviceID,com.sec.android.app.shealth,4f545530-e043-4f36-97fd-8ba211cceba4,1748822400000,
a48754ec-512b-413f-a91c-d0019fcff13c.binning_data.json,2025-06-03 23:59:00.000,2025-06-03 23:59:00.000,com.sec.android.app.shealth,0,10764,1.3784,7750.08,452.09,sampleDeviceID,com.sec.android.app.shealth,a48754ec-512b-413f-a91c-d0019fcff13c,1748908800000,
57a6ecd4-2b2d-43b3-8a05-b04d0c850a82.binning_data.json,2025-06-04 23:59:00.000,2025-06-04 23:59:00.000,com.sec.android.app.shealth,0,8829,1.362,6356.88,370.82,sampleDeviceID,com.sec.android.app.shealth,57a6ecd4-2b2d-43b3-8a05-b04d0c850a82,1748995200000,
80f6de22-9739-4db6-a8aa-79f22efd59e2.binning_data.json,2025-06-05 23:59:00.000,2025-06-05 23:59:00.000,com.sec.android.app.shealth,0,8619,1.296,6205.68,362,sampleDeviceID,com.sec.android.app.shealth,80f6de22-9739-4db6-a8aa-79f22efd59e2,1749081600000,
4a5c989e-3780-4826-8162-785750bdff7e.binning_data.json,2025-06-06 23:59:00.000,2025-06-06 23:59:00.000,com.sec.android.app.shealth,0,5642,1.4587,4062.24,236.96,sampleDeviceID,com.sec.android.app.shealth,4a5c989e-3780-4826-8162-785750bdff7e,1749168000000,
e984a364-49b3-489f-8aaa-4c822b5c1d9b.binning_data.json,2025-06-07 23:59:00.000,2025-06-07 23:59:00.000,com.sec.android.app.shealth,0,12531,1.3381,9022.32,526.3,sampleDeviceID,com.sec.android.app.shealth,e984a364-49b3-489f-8aaa-4c822b5c1d9b,1749254400000,
32cbb029-080d-4149-95a1-5ada44411cbf.binning_data.json,2025-06-08 23:59:00.000,2025-06-08 23:59:00.000,com.sec.android.app.shealth,0,5669,1.4219,4081.68,238.1,sampleDeviceID,com.sec.android.app.shealth,32cbb029-080d-4149-95a1-5ada44411cbf,1749340800000,
78be376d-bdcd-47c4-96c7-71f767c573b9.binning_data.json,2025-06-09 23:59:00.000,2025-06-09 23:59:00.000,com.sec.android.app.shealth,0,6928,1.2933,4988.16,290.98,sampleDeviceID,com.sec.android.app.shealth,78be376d-bdcd-47c4-96c7-71f767c573b9,1749427200000,
8bfdffad-57c2-410b-bd27-a22997c1905d.binning_data.json,2025-06-10 23:59:00.000,2025-06-10 23:59:00.000,com.sec.android.app.shealth,0,4535,1.2787,3265.2,190.47,sampleDeviceID,com.sec.android.app.shealth,8bfdffad-57c2-410b-bd27-a22997c1905d,1749513600000,
19207a5f-3cb4-400a-a752-4da81cb533cd.binning_data.json,2025-06-11 23:59:00.000,2025-06-11 23:59:00.000,com.sec.android.app.shealth,0,5281,1.4174,3802.32,221.8,sampleDeviceID,com.sec.android.app.shealth,19207a5f-3cb4-400a-a752-4da81cb533cd,1749600000000,
28031027-9058-400e-ab92-9ef0cbededcd.binning_data.json,2025-06-12 23:59:00.000,2025-06-12 23:59:00.000,com.sec.android.app.shealth,0,10166,1.2633,7319.52,426.97,sampleDeviceID,com.sec.android.app.shealth,28031027-9058-400e-ab92-9ef0cbededcd,1749686400000,
2b425f29-59fd-495b-9d45-973cc3ca5641.binning_data.json,2025-06-13 23:59:00.000,2025-06-13 23:59:00.000,com.sec.android.app.shealth,0,4776,1.3989,3438.72,200.59,sampleDeviceID,com.sec.android.app.shealth,2b425f29-59fd-495b-9d45-973cc3ca5641,1749772800000,
26153e2a-67e2-4da5-86f6-741fe34f3b16.binning_data.json,2025-06-14 23:59:00.000,2025-06-14 23:59:00.000,com.sec.android.app.shealth,0,12919,1.2616,9301.68,542.6,sampleDeviceID,com.sec.android.app.shealth,26153e2a-67e2-4da5-86f6-741fe34f3b16,1749859200000,
6d3e28f9-9343-49dc-955a-89d4627a2e90.binning_data.json,2025-06-15 23:59:00.000,2025-06-15 23:59:00.000,com.sec.android.app.shealth,0,11823,1.4669,8512.56,496.57,sampleDeviceID,com.sec.android.app.shealth,6d3e28f9-9343-49dc-955a-89d4627a2e90,1749945600000,
b7ce94ed-8f95-40f6-8b72-3193d2d5c8d0.binning_data.json,2025-06-16 23:59:00.000,2025-06-16 23:59:00.000,com.sec.android.app.shealth,0,8996,1.2672,6477.12,377.83,sampleDeviceID,com.sec.android.app.shealth,b7ce94ed-8f95-40f6-8b72-3193d2d5c8d0,1750032000000,
932d718f-e52a-42e0-99e2-f56e0f6ca1e3.binning_data.json,2025-06-17 23:59:00.000,2025-06-17 23:59:00.000,com.sec.android.app.shealth,0,7956,1.4147,5728.32,334.15,sampleDeviceID,com.sec.android.app.shealth,932d718f-e52a-42e0-99e2-f56e0f6ca1e3,1750118400000,
2c41dd71-e321-42fc-a5ad-d60704cd63f8.binning_data.json,2025-06-18 23:59:00.000,2025-06-18 23:59:00.000,com.sec.android.app.shealth,0,5863,1.4344,4221.36,246.25,sampleDeviceID,com.sec.android.app.shealth,2c41dd71-e321-42fc-a5ad-d60704cd63f8,1750204800000,
7f2ea506-e6e5-4b1d-b87e-a196a180cb89.binning_data.json,2025-06-19 23:59:00.000,2025-06-19 23:59:00.000,com.sec.android.app.shealth,0,4956,1.3859,3568.32,208.15,sampleDeviceID,com.sec.android.app.shealth,7f2ea506-e6e5-4b1d-b87e-a196a180cb89,1750291200000,
a32b1128-0ddc-47e9-abec-f2834382d337.binning_data.json,2025-06-20 23:59:00.000,2025-06-20 23:59:00.000,com.sec.android.app.shealth,0,10509,1.3758,7566.48,441.38,sampleDeviceID,com.sec.android.app.shealth,a32b1128-0ddc-47e9-abec-f2834382d337,1750377600000,
409d4c63-0a29-4668-af7d-5e2d04937408.binning_data.json,2025-06-21 23:59:00.000,2025-06-21 23:59:00.000,com.sec.android.app.shealth,0,6738,1.4105,4851.36,283,sampleDeviceID,com.sec.android.app.shealth,409d4c63-0a29-4668-af7d-5e2d04937408,1750464000000,
4008af34-eaa5-4218-a92d-ff7f86ba69d1.binning_data.json,2025-06-22 23:59:00.000,2025-06-22 23:59:00.000,com.sec.android.app.shealth,0,10032,1.4926,7223.04,421.34,sampleDeviceID,com.sec.android.app.shealth,4008af34-eaa5-4218-a92d-ff7f86ba69d1,1750550400000,
a095b0c9-a82b-412b-a0eb-d6f8e489a5ba.binning_data.json,2025-06-23 23:59:00.000,2025-06-23 23:59:00.000,com.sec.android.app.shealth,0,8709,1.3854,6270.48,365.78,sampleDeviceID,com.sec.android.app.shealth,a095b0c9-a82b-412b-a0eb-d6f8e489a5ba,1750636800000,
3389b4f9-728f-46b4-b504-8b37b8d828e4.binning_data.json,2025-06-24 23:59:00.000,2025-06-24 23:59:00.000,com.sec.android.app.shealth,0,7789,1.3385,5608.08,327.14,sampleDeviceID,com.sec.android.app.shealth,3389b4f9-728f-46b4-b504-8b37b8d828e4,1750723200000,
566ea0b0-4e87-4a6d-b939-57cf7e7fbe28.binning_data.json,2025-06-25 23:59:00.000,2025-06-25 23:59:00.000,com.sec.android.app.shealth,0,5483,1.2697,3947.76,230.29,sampleDeviceID,com.sec.android.app.shealth,566ea0b0-4e87-4a6d-b939-57cf7e7fbe28,1750809600000,
d193f2eb-9c16-4b4b-b9df-ddda92be1922.binning_data.json,2025-06-26 23:59:00.000,2025-06-26 23:59:00.000,com.sec.android.app.shealth,0,9586,1.3259,6901.92,402.61,sampleDeviceID,com.sec.android.app.shealth,d193f2eb-9c16-4b4b-b9df-ddda92be1922,1750896000000,
a03d868d-0dd2-4b05-88f8-870e585ccbe3.binning_data.json,2025-06-27 23:59:00.000,2025-06-27 23:59:00.000,com.sec.android.app.shealth,0,6490,1.4648,4672.8,272.58,sampleDeviceID,com.sec.android.app.shealth,a03d868d-0dd2-4b05-88f8-870e585ccbe3,1750982400000,
714791b1-8f47-4c40-ae58-bd499dd20878.binning_data.json,2025-06-28 23:59:00.000,2025-06-28 23:59:00.000,com.sec.android.app.shealth,0,12856,1.2878,9256.32,539.95,sampleDeviceID,com.sec.android.app.shealth,714791b1-8f47-4c40-ae58-bd499dd20878,1751068800000,
aeeaba41-101b-42d9-ab53-4b8389b61ae8.binning_data.json,2025-06-29 23:59:00.000,2025-06-29 23:59:00.000,com.sec.android.app.shealth,0,10053,1.4657,7238.16,422.23,sampleDeviceID,com.sec.android.app.shealth,aeeaba41-101b-42d9-ab53-4b8389b61ae8,1751155200000,
aca7bed8-3b68-4088-a160-d3a323fc9f46.binning_data.json,2025-06-30 23:59:00.000,2025-06-30 23:59:00.000,com.sec.android.app.shealth,0,6727,1.4852,4843.44,282.53,sampleDeviceID,com.sec.android.app.shealth,aca7bed8-3b68-4088-a160-d3a323fc9f46,1751241600000,
589a5056-9a19-4ed5-92cf-b31385e996c7.binning_data.json,2025-07-01 23:59:00.000,2025-07-01 23:59:00.000,com.sec.android.app.shealth,0,8469,1.445,6097.68,355.7,sampleDeviceID,com.sec.android.app.shealth,589a5056-9a19-4ed5-92cf-b31385e996c7,1751328000000,
793c18fe-adc3-4123-9862-df2f45602c0b.binning_data.json,2025-07-02 23:59:00.000,2025-07-02 23:59:00.000,com.sec.android.app.shealth,0,6297,1.3128,4533.84,264.47,sampleDeviceID,com.sec.android.app.shealth,793c18fe-adc3-4123-9862-df2f45602c0b,1751414400000,
31f658be-878a-4d0e-ae92-8b869d3a32a1.binning_data.json,2025-07-03 23:59:00.000,2025-07-03 23:59:00.000,com.sec.android.app.shealth,0,8877,1.441,6391.44,372.83,sampleDeviceID,com.sec.android.app.shealth,31f658be-878a-4d0e-ae92-8b869d3a32a1,1751500800000,
39ade8e4-d74d-4ebd-8529-20d92eadfdc8.binning_data.json,2025-07-04 23:59:00.000,2025-07-04 23:59:00.000,com.sec.android.app.shealth,0,10648,1.3066,7666.56,447.22,sampleDeviceID,com.sec.android.app.shealth,39ade8e4-d74d-4ebd-8529-20d92eadfdc8,1751587200000,
f3b689a4-29a2-4f62-a5ab-60f8a584bc5f.binning_data.json,2025-07-05 23:59:00.000,2025-07-05 23:59:00.000,com.sec.android.app.shealth,0,4352,1.2976,3133.44,182.78,sampleDeviceID,com.sec.android.app.shealth,f3b689a4-29a2-4f62-a5ab-60f8a584bc5f,1751673600000,
ee4bca6c-5d3b-46af-9aee-71cd2182797d.binning_data.json,2025-07-06 23:59:00.000,2025-07-06 23:59:00.000,com.sec.android.app.shealth,0,11862,1.3189,8540.64,498.2,sampleDeviceID,com.sec.android.app.shealth,ee4bca6c-5d3b-46af-9aee-71cd2182797d,1751760000000,
63faaead-01aa-4ad4-bfc2-a487887eef73.binning_data.json,2025-07-07 23:59:00.000,2025-07-07 23:59:00.000,com.sec.android.app.shealth,0,5298,1.274,3814.56,222.52,sampleDeviceID,com.sec.android.app.shealth,63faaead-01aa-4ad4-bfc2-a487887eef73,1751846400000,
0f14e7ac-e0c5-459e-8e17-4174a6371ddb.binning_data.json,2025-07-08 23:59:00.000,2025-07-08 23:59:00.000,com.sec.android.app.shealth,0,10039,1.2839,7228.08,421.64,sampleDeviceID,com.sec.android.app.shealth,0f14e7ac-e0c5-459e-8e17-4174a6371ddb,1751932800000,
f43cb262-29fc-4602-a30c-ada710a715fd.binning_data.json,2025-07-09 23:59:00.000,2025-07-09 23:59:00.000,com.sec.android.app.shealth,0,9170,1.456,6602.4,385.14,sampleDeviceID,com.sec.android.app.shealth,f43cb262-29fc-4602-a30c-ada710a715fd,1752019200000,
7c808bce-3fe0-4053-af5d-ae3c5556b45b.binning_data.json,2025-07-10 23:59:00.000,2025-07-10 23:59:00.000,com.sec.android.app.shealth,0,4745,1.3203,3416.4,199.29,sampleDeviceID,com.sec.android.app.shealth,7c808bce-3fe0-4053-af5d-ae3c5556b45b,1752105600000,
21da38be-1803-412d-a798-e2f340b6ec99.binning_data.json,2025-07-11 23:59:00.000,2025-07-11 23:59:00.000,com.sec.android.app.shealth,0,7335,1.4151,5281.2,308.07,sampleDeviceID,com.sec.android.app.shealth,21da38be-1803-412d-a798-e2f340b6ec99,1752192000000,
f728e85f-7aa0-4194-a11a-78a161e52708.binning_data.json,2025-07-12 23:59:00.000,2025-07-12 23:59:00.000,com.sec.android.app.shealth,0,12900,1.3276,9288,541.8,sampleDeviceID,com.sec.android.app.shealth,f728e85f-7aa0-4194-a11a-78a161e52708,1752278400000,
8571b0da-768a-4b33-83e6-0cb31a015100.binning_data.json,2025-07-13 23:59:00.000,2025-07-13 23:59:00.000,com.sec.android.app.shealth,0,3796,1.4716,2733.12,159.43,sampleDeviceID,com.sec.android.app.shealth,8571b0da-768a-4b33-83e6-0cb31a015100,1752364800000,
c3feb7c2-0061-44b0-bb6a-3810d86da9ee.binning_data.json,2025-07-14 23:59:00.000,2025-07-14 23:59:00.000,com.sec.android.app.shealth,0,5671,1.4616,4083.12,238.18,sampleDeviceID,com.sec.android.app.shealth,c3feb7c2-0061-44b0-bb6a-3810d86da9ee,1752451200000,
9c8b366b-aaec-4c04-a7ec-137b00684f2f.binning_data.json,2025-07-15 23:59:00.000,2025-07-15 23:59:00.000,com.sec.android.app.shealth,0,5851,1.2964,4212.72,245.74,sampleDeviceID,com.sec.android.app.shealth,9c8b366b-aaec-4c04-a7ec-137b00684f2f,1752537600000,
0fb0ffa2-6620-4683-806f-8a459e8b4767.binning_data.json,2025-07-16 23:59:00.000,2025-07-16 23:59:00.000,com.sec.android.app.shealth,0,5895,1.4792,4244.4,247.59,sampleDeviceID,com.sec.android.app.shealth,0fb0ffa2-6620-4683-806f-8a459e8b4767,1752624000000,
a517856c-aae7-4331-a19a-ac64cc67522f.binning_data.json,2025-07-17 23:59:00.000,2025-07-17 23:59:00.000,com.sec.android.app.shealth,0,9215,1.3235,6634.8,387.03,sampleDeviceID,com.sec.android.app.shealth,a517856c-aae7-4331-a19a-ac64cc67522f,1752710400000,
38255d63-499b-423c-b925-c5174a949f91.binning_data.json,2025-07-18 23:59:00.000,2025-07-18 23:59:00.000,com.sec.android.app.shealth,0,6980,1.4902,5025.6,293.16,sampleDeviceID,com.sec.android.app.shealth,38255d63-499b-423c-b925-c5174a949f91,1752796800000,
8020a2c2-a75b-4dc2-815e-0379cd70c307.binning_data.json,2025-07-19 23:59:00.000,2025-07-19 23:59:00.000,com.sec.android.app.shealth,0,8154,1.3618,5870.88,342.47,sampleDeviceID,com.sec.android.app.shealth,8020a2c2-a75b-4dc2-815e-0379cd70c307,1752883200000,
0329b255-5ca0-4b60-a3c8-84ec76fc265b.binning_data.json,2025-07-20 23:59:00.000,2025-07-20 23:59:00.000,com.sec.android.app.shealth,0,3917,1.298,2820.24,164.51,sampleDeviceID,com.sec.android.app.shealth,0329b255-5ca0-4b60-a3c8-84ec76fc265b,1752969600000,
b3458cce-4aa3-4054-a4c7-ac52080ac9f8.binning_data.json,2025-07-21 23:59:00.000,2025-07-21 23:59:00.000,com.sec.android.app.shealth,0,10456,1.4868,7528.32,439.15,sampleDeviceID,com.sec.android.app.shealth,b3458cce-4aa3-4054-a4c7-ac52080ac9f8,1753056000000,
0c8c2098-f122-4635-b00b-d41738ed3bbc.binning_data.json,2025-07-22 23:59:00.000,2025-07-22 23:59:00.000,com.sec.android.app.shealth,0,9719,1.2836,6997.68,408.2,sampleDeviceID,com.sec.android.app.shealth,0c8c2098-f122-4635-b00b-d41738ed3bbc,1753142400000,
baf1bd9b-9c6d-44ac-86ef-4e86fcda4ce9.binning_data.json,2025-07-23 23:59:00.000,2025-07-23 23:59:00.000,com.sec.android.app.shealth,0,6545,1.3375,4712.4,274.89,sampleDeviceID,com.sec.android.app.shealth,baf1bd9b-9c6d-44ac-86ef-4e86fcda4ce9,1753228800000,
43b57556-8d48-410a-bd1b-f3dbbb2f2f75.binning_data.json,2025-07-24 23:59:00.000,2025-07-24 23:59:00.000,com.sec.android.app.shealth,0,6845,1.4104,4928.4,287.49,sampleDeviceID,com.sec.android.app.shealth,43b57556-8d48-410a-bd1b-f3dbbb2f2f75,1753315200000,
9b1011e1-6043-43c9-9289-217fd5ef996d.binning_data.json,2025-07-25 23:59:00.000,2025-07-25 23:59:00.000,com.sec.android.app.shealth,0,7299,1.3924,5255.28,306.56,sampleDeviceID,com.sec.android.app.shealth,9b1011e1-6043-43c9-9289-217fd5ef996d,1753401600000,
bece5748-017e-4f98-8a9e-4e07fb54a3c1.binning_data.json,2025-07-26 23:59:00.000,2025-07-26 23:59:00.000,com.sec.android.app.shealth,0,9575,1.2568,6894,402.15,sampleDeviceID,com.sec.android.app.shealth,bece5748-017e-4f98-8a9e-4e07fb54a3c1,1753488000000,
b4ea7657-e74c-4c25-906e-b23a778d3836.binning_data.json,2025-07-27 23:59:00.000,2025-07-27 23:59:00.000,com.sec.android.app.shealth,0,3917,1.4155,2820.24,164.51,sampleDeviceID,com.sec.android.app.shealth,b4ea7657-e74c-4c25-906e-b23a778d3836,1753574400000,
c682f200-7d82-4114-983d-559756749991.binning_data.json,2025-07-28 23:59:00.000,2025-07-28 23:59:00.000,com.sec.android.app.shealth,0,8040,1.4758,5788.8,337.68,sampleDeviceID,com.sec.android.app.shealth,c682f200-7d82-4114-983d-559756749991,1753660800000,
009537ec-c75e-410c-9563-a3e48278df9f.binning_data.json,2025-07-29 23:59:00.000,2025-07-29 23:59:00.000,com.sec.android.app.shealth,0,8615,1.3114,6202.8,361.83,sampleDeviceID,com.sec.android.app.shealth,009537ec-c75e-410c-9563-a3e48278df9f,1753747200000,
b55be279-fb23-424d-a5ed-eb40eb1a59fe.binning_data.json,2025-07-30 23:59:00.000,2025-07-30 23:59:00.000,com.sec.android.app.shealth,0,8956,1.3302,6448.32,376.15,sampleDeviceID,com.sec.android.app.shealth,b55be279-fb23-424d-a5ed-eb40eb1a59fe,1753833600000,
4990152b-6d39-41f7-803f-5c2750b5b776.binning_data.json,2025-07-31 23:59:00.000,2025-07-31 23:59:00.000,com.sec.android.app.shealth,0,9385,1.4948,6757.2,394.17,sampleDeviceID,com.sec.android.app.shealth,4990152b-6d39-41f7-803f-5c2750b5b776,1753920000000,
15fa2114-28a6-47e7-89b8-b14fad741fc9.binning_data.json,2025-08-01 23:59:00.000,2025-08-01 23:59:00.000,com.sec.android.app.shealth,0,9955,1.4529,7167.6,418.11,sampleDeviceID,com.sec.android.app.shealth,15fa2114-28a6-47e7-89b8-b14fad741fc9,1754006400000,
b52bedbc-1650-4c84-b0c7-748dc4364da5.binning_data.json,2025-08-02 23:59:00.000,2025-08-02 23:59:00.000,com.sec.android.app.shealth,0,5584,1.4161,4020.48,234.53,sampleDeviceID,com.sec.android.app.shealth,b52bedbc-1650-4c84-b0c7-748dc4364da5,1754092800000,
40e63d10-1949-4885-99da-67fd9acd34bd.binning_data.json,2025-08-03 23:59:00.000,2025-08-03 23:59:00.000,com.sec.android.app.shealth,0,9412,1.3637,6776.64,395.3,sampleDeviceID,com.sec.android.app.shealth,40e63d10-1949-4885-99da-67fd9acd34bd,1754179200000,
00fcc776-3de4-4215-87f0-6a31b7093418.binning_data.json,2025-08-04 23:59:00.000,2025-08-04 23:59:00.000,com.sec.android.app.shealth,0,6451,1.4764,4644.72,270.94,sampleDeviceID,com.sec.android.app.shealth,00fcc776-3de4-4215-87f0-6a31b7093418,1754265600000,
089dad85-a311-40cc-887b-e7811ce1787e.binning_data.json,2025-08-05 23:59:00.000,2025-08-05 23:59:00.000,com.sec.android.app.shealth,0,5231,1.2562,3766.32,219.7,sampleDeviceID,com.sec.android.app.shealth,089dad85-a311-40cc-887b-e7811ce1787e,1754352000000,
1e1404ce-4995-4030-990d-9a2346692a09.binning_data.json,2025-08-06 23:59:00.000,2025-08-06 23:59:00.000,com.sec.android.app.shealth,0,8625,1.3984,6210,362.25,sampleDeviceID,com.sec.android.app.shealth,1e1404ce-4995-4030-990d-9a2346692a09,1754438400000,
a6cc65a8-987f-4bf5-8c76-18b871956b13.binning_data.json,2025-08-07 23:59:00.000,2025-08-07 23:59:00.000,com.sec.android.app.shealth,0,7260,1.4752,5227.2,304.92,sampleDeviceID,com.sec.android.app.shealth,a6cc65a8-987f-4bf5-8c76-18b871956b13,1754524800000,
04685f1e-4229-44b7-8881-dd006d911391.binning_data.json,2025-08-08 23:59:00.000,2025-08-08 23:59:00.000,com.sec.android.app.shealth,0,7634,1.4381,5496.48,320.63,sampleDeviceID,com.sec.android.app.shealth,04685f1e-4229-44b7-8881-dd006d911391,1754611200000,
76d90372-0491-47c7-8080-fae8bea3c63f.binning_data.json,2025-08-09 23:59:00.000,2025-08-09 23:59:00.000,com.sec.android.app.shealth,0,4367,1.4067,3144.24,183.41,sampleDeviceID,com.sec.android.app.shealth,76d90372-0491-47c7-8080-fae8bea3c63f,1754697600000,
a84ecd52-74de-4a22-af25-f033b95f5a3a.binning_data.json,2025-08-10 23:59:00.000,2025-08-10 23:59:00.000,com.sec.android.app.shealth,0,5706,1.4034,4108.32,239.65,sampleDeviceID,com.sec.android.app.shealth,a84ecd52-74de-4a22-af25-f033b95f5a3a,1754784000000,
f81b6e4c-f0fe-4e08-8e9f-972270e10793.binning_data.json,2025-08-11 23:59:00.000,2025-08-11 23:59:00.000,com.sec.android.app.shealth,0,6371,1.4265,4587.12,267.58,sampleDeviceID,com.sec.android.app.shealth,f81b6e4c-f0fe-4e08-8e9f-972270e10793,1754870400000,
4f99c865-51ba-4be9-9825-fe78cfe6d172.binning_data.json,2025-08-12 23:59:00.000,2025-08-12 23:59:00.000,com.sec.android.app.shealth,0,10058,1.4466,7241.76,422.44,sampleDeviceID,com.sec.android.app.shealth,4f99c865-51ba-4be9-9825-fe78cfe6d172,1754956800000,
09323ee3-6370-43da-8f0c-fcbbb2b55e26.binning_data.json,2025-08-13 23:59:00.000,2025-08-13 23:59:00.000,com.sec.android.app.shealth,0,5566,1.4571,4007.52,233.77,sampleDeviceID,com.sec.android.app.shealth,09323ee3-6370-43da-8f0c-fcbbb2b55e26,1755043200000,
32d494ca-d678-4a52-9662-a2870737bad1.binning_data.json,2025-08-14 23:59:00.000,2025-08-14 23:59:00.000,com.sec.android.app.shealth,0,4860,1.453,3499.2,204.12,sampleDeviceID,com.sec.android.app.shealth,32d494ca-d678-4a52-9662-a2870737bad1,1755129600000,
af992b5d-f023-4990-b4a7-afa2061f52eb.binning_data.json,2025-08-15 23:59:00.000,2025-08-15 23:59:00.000,com.sec.android.app.shealth,0,6544,1.3874,4711.68,274.85,sampleDeviceID,com.sec.android.app.shealth,af992b5d-f023-4990-b4a7-afa2061f52eb,1755216000000,
d8d4941b-2f8b-4da1-9f83-138ac53a66c5.binning_data.json,2025-08-16 23:59:00.000,2025-08-16 23:59:00.000,com.sec.android.app.shealth,0,12328,1.4681,8876.16,517.78,sampleDeviceID,com.sec.android.app.shealth,d8d4941b-2f8b-4da1-9f83-138ac53a66c5,1755302400000,
1b7860a8-8775-467d-9b34-52ff89c2698b.binning_data.json,2025-08-17 23:59:00.000,2025-08-17 23:59:00.000,com.sec.android.app.shealth,0,13205,1.4648,9507.6,554.61,sampleDeviceID,com.sec.android.app.shealth,1b7860a8-8775-467d-9b34-52ff89c2698b,1755388800000,
05007d86-71bf-48f5-849b-f19111aafefe.binning_data.json,2025-08-18 23:59:00.000,2025-08-18 23:59:00.000,com.sec.android.app.shealth,0,4974,1.295,3581.28,208.91,sampleDeviceID,com.sec.android.app.shealth,05007d86-71bf-48f5-849b-f19111aafefe,1755475200000,
0382de9e-1a25-4c26-909d-00357dd70e61.binning_data.json,2025-08-19 23:59:00.000,2025-08-19 23:59:00.000,com.sec.android.app.shealth,0,7082,1.3146,5099.04,297.44,sampleDeviceID,com.sec.android.app.shealth,0382de9e-1a25-4c26-909d-00357dd70e61,1755561600000,
8fd24a22-e794-4c94-aa78-a0c8df89684f.binning_data.json,2025-08-20 23:59:00.000,2025-08-20 23:59:00.000,com.sec.android.app.shealth,0,7562,1.3173,5444.64,317.6,sampleDeviceID,com.sec.android.app.shealth,8fd24a22-e794-4c94-aa78-a0c8df89684f,1755648000000,
f8e5ef93-96af-456b-b1c9-de52af69266a.binning_data.json,2025-08-21 23:59:00.000,2025-08-21 23:59:00.000,com.sec.android.app.shealth,0,5698,1.2553,4102.56,239.32,sampleDeviceID,com.sec.android.app.shealth,f8e5ef93-96af-456b-b1c9-de52af69266a,1755734400000,
c4bde490-c135-4918-a689-b93a6d0df7f2.binning_data.json,2025-08-22 23:59:00.000,2025-08-22 23:59:00.000,com.sec.android.app.shealth,0,9392,1.3989,6762.24,394.46,sampleDeviceID,com.sec.android.app.shealth,c4bde490-c135-4918-a689-b93a6d0df7f2,1755820800000,
7cda3a47-328f-473b-aa67-8513888c2f47.binning_data.json,2025-08-23 23:59:00.000,2025-08-23 23:59:00.000,com.sec.android.app.shealth,0,7889,1.3116,5680.08,331.34,sampleDeviceID,com.sec.android.app.shealth,7cda3a47-328f-473b-aa67-8513888c2f47,1755907200000,
34fb8cf4-6e44-4e81-ae90-0440b15d2fe4.binning_data.json,2025-08-24 23:59:00.000,2025-08-24 23:59:00.000,com.sec.android.app.shealth,0,4627,1.3539,3331.44,194.33,sampleDeviceID,com.sec.android.app.shealth,34fb8cf4-6e44-4e81-ae90-0440b15d2fe4,1755993600000,
dd6503ce-dd8f-4542-9cc6-0da3bcc15c5e.binning_data.json,2025-08-25 23:59:00.000,2025-08-25 23:59:00.000,com.sec.android.app.shealth,0,8905,1.4713,6411.6,374.01,sampleDeviceID,com.sec.android.app.shealth,dd6503ce-dd8f-4542-9cc6-0da3bcc15c5e,1756080000000,
d053d8f0-58c5-4ed7-adb2-41b9486857b6.binning_data.json,2025-08-26 23:59:00.000,2025-08-26 23:59:00.000,com.sec.android.app.shealth,0,10963,1.4992,7893.36,460.45,sampleDeviceID,com.sec.android.app.shealth,d053d8f0-58c5-4ed7-adb2-41b9486857b6,1756166400000,
e82b739d-4ea6-4308-a48e-6e874abb99b5.binning_data.json,2025-08-27 23:59:00.000,2025-08-27 23:59:00.000,com.sec.android.app.shealth,0,10216,1.2822,7355.52,429.07,sampleDeviceID,com.sec.android.app.shealth,e82b739d-4ea6-4308-a48e-6e874abb99b5,1756252800000,
f73a1ca2-1de1-4403-ae1c-fba6affda8a2.binning_data.json,2025-08-28 23:59:00.000,2025-08-28 23:59:00.000,com.sec.android.app.shealth,0,4975,1.464,3582,208.95,sampleDeviceID,com.sec.android.app.shealth,f73a1ca2-1de1-4403-ae1c-fba6affda8a2,1756339200000,
45266299-458d-4de2-b50f-146badf51327.binning_data.json,2025-08-29 23:59:00.000,2025-08-29 23:59:00.000,com.sec.android.app.shealth,0,6417,1.3816,4620.24,269.51,sampleDeviceID,com.sec.android.app.shealth,45266299-458d-4de2-b50f-146badf51327,1756425600000,
ca4892d1-360f-4ff1-ae90-ea7c64c060aa.binning_data.json,2025-08-30 23:59:00.000,2025-08-30 23:59:00.000,com.sec.android.app.shealth,0,6407,1.3169,4613.04,269.09,sampleDeviceID,com.sec.android.app.shealth,ca4892d1-360f-4ff1-ae90-ea7c64c060aa,1756512000000,
995c74ff-248e-4257-a0ff-aaed3f0d950a.binning_data.json,2025-08-31 23:59:00.000,2025-08-31 23:59:00.000,com.sec.android.app.shealth,0,6250,1.4671,4500,262.5,sampleDeviceID,com.sec.android.app.shealth,995c74ff-248e-4257-a0ff-aaed3f0d950a,1756598400000,
2675b382-ad52-4c14-bda0-6554cb185395.binning_data.json,2025-09-01 23:59:00.000,2025-09-01 23:59:00.000,com.sec.android.app.shealth,0,10703,1.3292,7706.16,449.53,sampleDeviceID,com.sec.android.app.shealth,2675b382-ad52-4c14-bda0-6554cb185395,1756684800000,
e9e649a2-39f1-40ef-956b-dc6e0c76e658.binning_data.json,2025-09-02 23:59:00.000,2025-09-02 23:59:00.000,com.sec.android.app.shealth,0,8800,1.4988,6336,369.6,sampleDeviceID,com.sec.android.app.shealth,e9e649a2-39f1-40ef-956b-dc6e0c76e658,1756771200000,
bd9a550d-6eea-4c92-a603-a549ae1d81c3.binning_data.json,2025-09-03 23:59:00.000,2025-09-03 23:59:00.000,com.sec.android.app.shealth,0,7148,1.2955,5146.56,300.22,sampleDeviceID,com.sec.android.app.shealth,bd9a550d-6eea-4c92-a603-a549ae1d81c3,1756857600000,
b76f73c6-38d8-461c-843e-a244c17db75c.binning_data.json,2025-09-04 23:59:00.000,2025-09-04 23:59:00.000,com.sec.android.app.shealth,0,6047,1.4084,4353.84,253.97,sampleDeviceID,com.sec.android.app.shealth,b76f73c6-38d8-461c-843e-a244c17db75c,1756944000000,
0b0c38a6-e2c9-4643-8d32-2a3bad8fef31.binning_data.json,2025-09-05 23:59:00.000,2025-09-05 23:59:00.000,com.sec.android.app.shealth,0,5957,1.3015,4289.04,250.19,sampleDeviceID,com.sec.android.app.shealth,0b0c38a6-e2c9-4643-8d32-2a3bad8fef31,1757030400000,
6f5c9d59-8990-4741-98dc-faa6859048da.binning_data.json,2025-09-06 23:59:00.000,2025-09-06 23:59:00.000,com.sec.android.app.shealth,0,3940,1.2749,2836.8,165.48,sampleDeviceID,com.sec.android.app.shealth,6f5c9d59-8990-4741-98dc-faa6859048da,1757116800000,
7746c944-3ad7-4d20-94db-ad79eed53212.binning_data.json,2025-09-07 23:59:00.000,2025-09-07 23:59:00.000,com.sec.android.app.shealth,0,5948,1.4581,4282.56,249.82,sampleDeviceID,com.sec.android.app.shealth,7746c944-3ad7-4d20-94db-ad79eed53212,1757203200000,
d04f385c-08f8-456b-aaa8-3f51d41de27e.binning_data.json,2025-09-08 23:59:00.000,2025-09-08 23:59:00.000,com.sec.android.app.shealth,0,6812,1.4194,4904.64,286.1,sampleDeviceID,com.sec.android.app.shealth,d04f385c-08f8-456b-aaa8-3f51d41de27e,1757289600000,
285d7bc3-ffd7-406b-9a8e-99e91bf3b44b.binning_data.json,2025-09-09 23:59:00.000,2025-09-09 23:59:00.000,com.sec.android.app.shealth,0,9780,1.3509,7041.6,410.76,sampleDeviceID,com.sec.android.app.shealth,285d7bc3-ffd7-406b-9a8e-99e91bf3b44b,1757376000000,
edd94ce8-3045-486a-890b-44f256101987.binning_data.json,2025-09-10 23:59:00.000,2025-09-10 23:59:00.000,com.sec.android.app.shealth,0,5809,1.4806,4182.48,243.98,sampleDeviceID,com.sec.android.app.shealth,edd94ce8-3045-486a-890b-44f256101987,1757462400000,
03a67190-a47d-4b00-8b59-67f1c79103a6.binning_data.json,2025-09-11 23:59:00.000,2025-09-11 23:59:00.000,com.sec.android.app.shealth,0,5319,1.2507,3829.68,223.4,sampleDeviceID,com.sec.android.app.shealth,03a67190-a47d-4b00-8b59-67f1c79103a6,1757548800000,
73eb418b-dff6-44fb-b0c8-c75771b9bb78.binning_data.json,2025-09-12 23:59:00.000,2025-09-12 23:59:00.000,com.sec.android.app.shealth,0,7557,1.2992,5441.04,317.39,sampleDeviceID,com.sec.android.app.shealth,73eb418b-dff6-44fb-b0c8-c75771b9bb78,1757635200000,
7bcff429-c341-4cdc-ae69-1830f2172775.binning_data.json,2025-09-13 23:59:00.000,2025-09-13 23:59:00.000,com.sec.android.app.shealth,0,7966,1.4898,5735.52,334.57,sampleDeviceID,com.sec.android.app.shealth,7bcff429-c341-4cdc-ae69-1830f2172775,1757721600000,
9e69e354-5268-44a1-8fc8-9d6fe24e4748.binning_data.json,2025-09-14 23:59:00.000,2025-09-14 23:59:00.000,com.sec.android.app.shealth,0,9157,1.3569,6593.04,384.59,sampleDeviceID,com.sec.android.app.shealth,9e69e354-5268-44a1-8fc8-9d6fe24e4748,1757808000000,
92ca5505-5b2e-45de-9320-5c83f10dc8fa.binning_data.json,2025-09-15 23:59:00.000,2025-09-15 23:59:00.000,com.sec.android.app.shealth,0,7392,1.3697,5322.24,310.46,sampleDeviceID,com.sec.android.app.shealth,92ca5505-5b2e-45de-9320-5c83f10dc8fa,1757894400000,
6585d68a-6bd8-4a1c-9216-e5af068752a1.binning_data.json,2025-09-16 23:59:00.000,2025-09-16 23:59:00.000,com.sec.android.app.shealth,0,5168,1.477,3720.96,217.06,sampleDeviceID,com.sec.android.app.shealth,6585d68a-6bd8-4a1c-9216-e5af068752a1,1757980800000,
ce64ec8a-d4b2-4f6e-8802-8c82a24f1ff1.binning_data.json,2025-09-17 23:59:00.000,2025-09-17 23:59:00.000,com.sec.android.app.shealth,0,10536,1.4554,7585.92,442.51,sampleDeviceID,com.sec.android.app.shealth,ce64ec8a-d4b2-4f6e-8802-8c82a24f1ff1,1758067200000,
8c519dfe-dc41-43b9-9012-f04e2f3215c2.binning_data.json,2025-09-18 23:59:00.000,2025-09-18 23:59:00.000,com.sec.android.app.shealth,0,8899,1.4751,6407.28,373.76,sampleDeviceID,com.sec.android.app.shealth,8c519dfe-dc41-43b9-9012-f04e2f3215c2,1758153600000,
7ad0d020-4c58-4363-9ed8-7b8ac800f9a2.binning_data.json,2025-09-19 23:59:00.000,2025-09-19 23:59:00.000,com.sec.android.app.shealth,0,4650,1.465,3348,195.3,sampleDeviceID,com.sec.android.app.shealth,7ad0d020-4c58-4363-9ed8-7b8ac800f9a2,1758240000000,
a4792213-59e2-4753-b0a5-b6a54c60af76.binning_data.json,2025-09-20 23:59:00.000,2025-09-20 23:59:00.000,com.sec.android.app.shealth,0,12274,1.2536,8837.28,515.51,sampleDeviceID,com.sec.android.app.shealth,a4792213-59e2-4753-b0a5-b6a54c60af76,1758326400000,
1eba341a-7a6e-46ce-b25e-d19f115d1982.binning_data.json,2025-09-21 23:59:00.000,2025-09-21 23:59:00.000,com.sec.android.app.shealth,0,4333,1.482,3119.76,181.99,sampleDeviceID,com.sec.android.app.shealth,1eba341a-7a6e-46ce-b25e-d19f115d1982,1758412800000,
24c6c2f3-74eb-4bcd-a842-f896a31046d8.binning_data.json,2025-09-22 23:59:00.000,2025-09-22 23:59:00.000,com.sec.android.app.shealth,0,10300,1.4298,7416,432.6,sampleDeviceID,com.sec.android.app.shealth,24c6c2f3-74eb-4bcd-a842-f896a31046d8,1758499200000,
681f0830-d666-4f21-96ee-486852587763.binning_data.json,2025-09-23 23:59:00.000,2025-09-23 23:59:00.000,com.sec.android.app.shealth,0,5136,1.4734,3697.92,215.71,sampleDeviceID,com.sec.android.app.shealth,681f0830-d666-4f21-96ee-486852587763,1758585600000,
55ca552c-448e-41c6-a8db-95d77fd232d6.binning_data.json,2025-09-24 23:59:00.000,2025-09-24 23:59:00.000,com.sec.android.app.shealth,0,8308,1.3453,5981.76,348.94,sampleDeviceID,com.sec.android.app.shealth,55ca552c-448e-41c6-a8db-95d77fd232d6,1758672000000,
3e9ded53-2a62-47fe-84bd-167130bad6bb.binning_data.json,2025-09-25 23:59:00.000,2025-09-25 23:59:00.000,com.sec.android.app.shealth,0,10264,1.3248,7390.08,431.09,sampleDeviceID,com.sec.android.app.shealth,3e9ded53-2a62-47fe-84bd-167130bad6bb,1758758400000,
18c6bfaf-c857-4ce8-88f4-b841593a7192.binning_data.json,2025-09-26 23:59:00.000,2025-09-26 23:59:00.000,com.sec.android.app.shealth,0,5990,1.4149,4312.8,251.58,sampleDeviceID,com.sec.android.app.shealth,18c6bfaf-c857-4ce8-88f4-b841593a7192,1758844800000,
3058af80-e10c-4a78-8e90-52c0bf4ee164.binning_data.json,2025-09-27 23:59:00.000,2025-09-27 23:59:00.000,com.sec.android.app.shealth,0,7318,1.2841,5268.96,307.36,sampleDeviceID,com.sec.android.app.shealth,3058af80-e10c-4a78-8e90-52c0bf4ee164,1758931200000,
dbe7fae1-b928-49e0-b871-183c7c855c2d.binning_data.json,2025-09-28 23:59:00.000,2025-09-28 23:59:00.000,com.sec.android.app.shealth,0,11772,1.3046,8475.84,494.42,sampleDeviceID,com.sec.android.app.shealth,dbe7fae1-b928-49e0-b871-183c7c855c2d,1759017600000,
944318d7-2421-48af-9307-489c16c43fa3.binning_data.json,2025-09-29 23:59:00.000,2025-09-29 23:59:00.000,com.sec.android.app.shealth,0,8544,1.3949,6151.68,358.85,sampleDeviceID,com.sec.android.app.shealth,944318d7-2421-48af-9307-489c16c43fa3,1759104000000,
37452d39-28d7-484f-8f06-aca42741522a.binning_data.json,2025-09-30 23:59:00.000,2025-09-30 23:59:00.000,com.sec.android.app.shealth,0,10565,1.4905,7606.8,443.73,sampleDeviceID,com.sec.android.app.shealth,37452d39-28d7-484f-8f06-aca42741522a,1759190400000,
457accaa-7dda-415c-ae2b-2fde6013f4eb.binning_data.json,2025-10-01 23:59:00.000,2025-10-01 23:59:00.000,com.sec.android.app.shealth,0,7677,1.3695,5527.44,322.43,sampleDeviceID,com.sec.android.app.shealth,457accaa-7dda-415c-ae2b-2fde6013f4eb,1759276800000,
91d7a13b-9253-4b8e-b364-292fe582a80c.binning_data.json,2025-10-02 23:59:00.000,2025-10-02 23:59:00.000,com.sec.android.app.shealth,0,5823,1.2542,4192.56,244.57,sampleDeviceID,com.sec.android.app.shealth,91d7a13b-9253-4b8e-b364-292fe582a80c,1759363200000,
a968ad56-fc48-4751-a07c-995d18a234f0.binning_data.json,2025-10-03 23:59:00.000,2025-10-03 23:59:00.000,com.sec.android.app.shealth,0,9307,1.3935,6701.04,390.89,sampleDeviceID,com.sec.android.app.shealth,a968ad56-fc48-4751-a07c-995d18a234f0,1759449600000,
fbaa8011-af91-4468-b440-44498bc4c6d5.binning_data.json,2025-10-04 23:59:00.000,2025-10-04 23:59:00.000,com.sec.android.app.shealth,0,13911,1.3473,10015.92,584.26,sampleDeviceID,com.sec.android.app.shealth,fbaa8011-af91-4468-b440-44498bc4c6d5,1759536000000,
0c8b0c92-84da-49cf-ac08-780d3b5bcd21.binning_data.json,2025-10-05 23:59:00.000,2025-10-05 23:59:00.000,com.sec.android.app.shealth,0,4992,1.371,3594.24,209.66,sampleDeviceID,com.sec.android.app.shealth,0c8b0c92-84da-49cf-ac08-780d3b5bcd21,1759622400000,
fb768907-9480-4148-954c-578d44748084.binning_data.json,2025-10-06 23:59:00.000,2025-10-06 23:59:00.000,com.sec.android.app.shealth,0,4527,1.2829,3259.44,190.13,sampleDeviceID,com.sec.android.app.shealth,fb768907-9480-4148-954c-578d44748084,1759708800000,
64fb7758-dceb-4450-a492-e0e83f004513.binning_data.json,2025-10-07 23:59:00.000,2025-10-07 23:59:00.000,com.sec.android.app.shealth,0,4899,1.4946,3527.28,205.76,sampleDeviceID,com.sec.android.app.shealth,64fb7758-dceb-4450-a492-e0e83f004513,1759795200000,
e6dc34de-da68-4091-947d-4e667f85104a.binning_data.json,2025-10-08 23:59:00.000,2025-10-08 23:59:00.000,com.sec.android.app.shealth,0,5972,1.493,4299.84,250.82,sampleDeviceID,com.sec.android.app.shealth,e6dc34de-da68-4091-947d-4e667f85104a,1759881600000,
a0413a95-29b3-42a8-bbf6-4e5f0ad46050.binning_data.json,2025-10-09 23:59:00.000,2025-10-09 23:59:00.000,com.sec.android.app.shealth,0,8061,1.3981,5803.92,338.56,sampleDeviceID,com.sec.android.app.shealth,a0413a95-29b3-42a8-bbf6-4e5f0ad46050,1759968000000,
194b8f3c-4e6f-414c-b1ed-7fd434d6d18a.binning_data.json,2025-10-10 23:59:00.000,2025-10-10 23:59:00.000,com.sec.android.app.shealth,0,4928,1.3258,3548.16,206.98,sampleDeviceID,com.sec.android.app.shealth,194b8f3c-4e6f-414c-b1ed-7fd434d6d18a,1760054400000,
3e9ff35f-4f55-4c40-b085-d1434b0679ad.binning_data.json,2025-10-11 23:59:00.000,2025-10-11 23:59:00.000,com.sec.android.app.shealth,0,7797,1.3792,5613.84,327.47,sampleDeviceID,com.sec.android.app.shealth,3e9ff35f-4f55-4c40-b085-d1434b0679ad,1760140800000,
c2af6587-e312-43b1-ad66-02a2a48d3b01.binning_data.json,2025-10-12 23:59:00.000,2025-10-12 23:59:00.000,com.sec.android.app.shealth,0,10299,1.4883,7415.28,432.56,sampleDeviceID,com.sec.android.app.shealth,c2af6587-e312-43b1-ad66-02a2a48d3b01,1760227200000,
921de4f2-72a0-4097-a101-331309c9241b.binning_data.json,2025-10-13 23:59:00.000,2025-10-13 23:59:00.000,com.sec.android.app.shealth,0,7967,1.3944,5736.24,334.61,sampleDeviceID,com.sec.android.app.shealth,921de4f2-72a0-4097-a101-331309c9241b,1760313600000,
16c0a1cc-d1b0-433c-878e-dc49edc2c8ae.binning_data.json,2025-10-14 23:59:00.000,2025-10-14 23:59:00.000,com.sec.android.app.shealth,0,8727,1.3035,6283.44,366.53,sampleDeviceID,com.sec.android.app.shealth,16c0a1cc-d1b0-433c-878e-dc49edc2c8ae,1760400000000,
6a0e5cea-d6ad-42ae-8069-a00d7ebc11e1.binning_data.json,2025-10-15 23:59:00.000,2025-10-15 23:59:00.000,com.sec.android.app.shealth,0,8572,1.2649,6171.84,360.02,sampleDeviceID,com.sec.android.app.shealth,6a0e5cea-d6ad-42ae-8069-a00d7ebc11e1,1760486400000,
04b3c6ac-4033-49c0-a53c-ff70a339325f.binning_data.json,2025-10-16 23:59:00.000,2025-10-16 23:59:00.000,com.sec.android.app.shealth,0,7773,1.4233,5596.56,326.47,sampleDeviceID,com.sec.android.app.shealth,04b3c6ac-4033-49c0-a53c-ff70a339325f,1760572800000,
4b8bb462-4155-428a-8e61-155a813331e7.binning_data.json,2025-10-17 23:59:00.000,2025-10-17 23:59:00.000,com.sec.android.app.shealth,0,5470,1.3418,3938.4,229.74,sampleDeviceID,com.sec.android.app.shealth,4b8bb462-4155-428a-8e61-155a813331e7,1760659200000,
2bd66c8d-7e10-4284-ad2c-6c094031d11b.binning_data.json,2025-10-18 23:59:00.000,2025-10-18 23:59:00.000,com.sec.android.app.shealth,0,8438,1.3187,6075.36,354.4,sampleDeviceID,com.sec.android.app.shealth,2bd66c8d-7e10-4284-ad2c-6c094031d11b,1760745600000,
b9aeb23c-5e9c-4a58-a8b2-d0f168471b3e.binning_data.json,2025-10-19 23:59:00.000,2025-10-19 23:59:00.000,com.sec.android.app.shealth,0,6519,1.4032,4693.68,273.8,sampleDeviceID,com.sec.android.app.shealth,b9aeb23c-5e9c-4a58-a8b2-d0f168471b3e,1760832000000,
dcb564c5-97e7-4c63-a6f1-462312554500.binning_data.json,2025-10-20 23:59:00.000,2025-10-20 23:59:00.000,com.sec.android.app.shealth,0,9703,1.2536,6986.16,407.53,sampleDeviceID,com.sec.android.app.shealth,dcb564c5-97e7-4c63-a6f1-462312554500,1760918400000,
fba30106-a2e0-45d3-b491-bb7af4a33068.binning_data.json,2025-10-21 23:59:00.000,2025-10-21 23:59:00.000,com.sec.android.app.shealth,0,9474,1.3738,6821.28,397.91,sampleDeviceID,com.sec.android.app.shealth,fba30106-a2e0-45d3-b491-bb7af4a33068,1761004800000,
47e0e458-9590-4a72-b229-84bb4e1b3b28.binning_data.json,2025-10-22 23:59:00.000,2025-10-22 23:59:00.000,com.sec.android.app.shealth,0,6806,1.4904,4900.32,285.85,sampleDeviceID,com.sec.android.app.shealth,47e0e458-9590-4a72-b229-84bb4e1b3b28,1761091200000,
e2f3ecaf-f8ff-4c98-ab71-2fbec16bb2d4.binning_data.json,2025-10-23 23:59:00.000,2025-10-23 23:59:00.000,com.sec.android.app.shealth,0,8927,1.3771,6427.44,374.93,sampleDeviceID,com.sec.android.app.shealth,e2f3ecaf-f8ff-4c98-ab71-2fbec16bb2d4,1761177600000,
9f0b7c00-9a72-4507-828d-f8775fe2e9b2.binning_data.json,2025-10-24 23:59:00.000,2025-10-24 23:59:00.000,com.sec.android.app.shealth,0,7815,1.2903,5626.8,328.23,sampleDeviceID,com.sec.android.app.shealth,9f0b7c00-9a72-4507-828d-f8775fe2e9b2,1761264000000,
6e93634e-28fd-4c4e-9fa0-56410a582b39.binning_data.json,2025-10-25 23:59:00.000,2025-10-25 23:59:00.000,com.sec.android.app.shealth,0,12979,1.3362,9344.88,545.12,sampleDeviceID,com.sec.android.app.shealth,6e93634e-28fd-4c4e-9fa0-56410a582b39,1761350400000,
73d63231-7a0c-48a0-8282-37ae314936aa.binning_data.json,2025-10-26 23:59:00.000,2025-10-26 23:59:00.000,com.sec.android.app.shealth,0,11413,1.3273,8217.36,479.35,sampleDeviceID,com.sec.android.app.shealth,73d63231-7a0c-48a0-8282-37ae314936aa,1761436800000,
bbc37d04-e0a2-4b34-8692-dc962bdd00b6.binning_data.json,2025-10-27 23:59:00.000,2025-10-27 23:59:00.000,com.sec.android.app.shealth,0,10546,1.2667,7593.12,442.93,sampleDeviceID,com.sec.android.app.shealth,bbc37d04-e0a2-4b34-8692-dc962bdd00b6,1761523200000,
54dd13db-19f9-4bb8-a1bb-f1bcbedaa7f2.binning_data.json,2025-10-28 23:59:00.000,2025-10-28 23:59:00.000,com.sec.android.app.shealth,0,6149,1.2579,4427.28,258.26,sampleDeviceID,com.sec.android.app.shealth,54dd13db-19f9-4bb8-a1bb-f1bcbedaa7f2,1761609600000,
aba18260-be17-4a4a-99e1-8a1e37eb2543.binning_data.json,2025-10-29 23:59:00.000,2025-10-29 23:59:00.000,com.sec.android.app.shealth,0,7186,1.3022,5173.92,301.81,sampleDeviceID,com.sec.android.app.shealth,aba18260-be17-4a4a-99e1-8a1e37eb2543,1761696000000,
39814a56-8bc2-4acb-a7c9-5b79653a4ff7.binning_data.json,2025-10-30 23:59:00.000,2025-10-30 23:59:00.000,com.sec.android.app.shealth,0,5152,1.3584,3709.44,216.38,sampleDeviceID,com.sec.android.app.shealth,39814a56-8bc2-4acb-a7c9-5b79653a4ff7,1761782400000,
3617d978-77da-4ead-9f8d-b0c6be6f68f6.binning_data.json,2025-10-31 23:59:00.000,2025-10-31 23:59:00.000,com.sec.android.app.shealth,0,7464,1.4366,5374.08,313.49,sampleDeviceID,com.sec.android.app.shealth,3617d978-77da-4ead-9f8d-b0c6be6f68f6,1761868800000,
854b19d1-9219-4f08-8fab-bf8e7d624613.binning_data.json,2025-11-01 23:59:00.000,2025-11-01 23:59:00.000,com.sec.android.app.shealth,0,8978,1.3468,6464.16,377.08,sampleDeviceID,com.sec.android.app.shealth,854b19d1-9219-4f08-8fab-bf8e7d624613,1761955200000,
cf865c0a-6ddd-4161-9101-5688fcbd230f.binning_data.json,2025-11-02 23:59:00.000,2025-11-02 23:59:00.000,com.sec.android.app.shealth,0,7536,1.2523,5425.92,316.51,sampleDeviceID,com.sec.android.app.shealth,cf865c0a-6ddd-4161-9101-5688fcbd230f,1762041600000,
e917b1ba-ef72-472d-bd0c-ada44649910b.binning_data.json,2025-11-03 23:59:00.000,2025-11-03 23:59:00.000,com.sec.android.app.shealth,0,9763,1.2547,7029.36,410.05,sampleDeviceID,com.sec.android.app.shealth,e917b1ba-ef72-472d-bd0c-ada44649910b,1762128000000,
b666510e-de5b-425f-b387-2a6bb07cc5ec.binning_data.json,2025-11-04 23:59:00.000,2025-11-04 23:59:00.000,com.sec.android.app.shealth,0,8887,1.2585,6398.64,373.25,sampleDeviceID,com.sec.android.app.shealth,b666510e-de5b-425f-b387-2a6bb07cc5ec,1762214400000,
ce523365-1c3f-4d0e-a61f-6eea28ecc4d9.binning_data.json,2025-11-05 23:59:00.000,2025-11-05 23:59:00.000,com.sec.android.app.shealth,0,8721,1.3127,6279.12,366.28,sampleDeviceID,com.sec.android.app.shealth,ce523365-1c3f-4d0e-a61f-6eea28ecc4d9,1762300800000,
4ef12c6b-ca98-46af-b0e5-d8b273980c33.binning_data.json,2025-11-06 23:59:00.000,2025-11-06 23:59:00.000,com.sec.android.app.shealth,0,10465,1.2839,7534.8,439.53,sampleDeviceID,com.sec.android.app.shealth,4ef12c6b-ca98-46af-b0e5-d8b273980c33,1762387200000,
75443a6e-cc72-46db-b085-82a35b6b164f.binning_data.json,2025-11-07 23:59:00.000,2025-11-07 23:59:00.000,com.sec.android.app.shealth,0,4672,1.3849,3363.84,196.22,sampleDeviceID,com.sec.android.app.shealth,75443a6e-cc72-46db-b085-82a35b6b164f,1762473600000,
f44d904d-87d4-47d6-9b1d-0acabcfe5d62.binning_data.json,2025-11-08 23:59:00.000,2025-11-08 23:59:00.000,com.sec.android.app.shealth,0,12254,1.4014,8822.88,514.67,sampleDeviceID,com.sec.android.app.shealth,f44d904d-87d4-47d6-9b1d-0acabcfe5d62,1762560000000,
de8d9b9e-7891-4f8f-ba9a-7d0e52f5f0af.binning_data.json,2025-11-09 23:59:00.000,2025-11-09 23:59:00.000,com.sec.android.app.shealth,0,4846,1.4027,3489.12,203.53,sampleDeviceID,com.sec.android.app.shealth,de8d9b9e-7891-4f8f-ba9a-7d0e52f5f0af,1762646400000,
8da5bb2b-1b75-4eb2-9b3e-89c31b4686ae.binning_data.json,2025-11-10 23:59:00.000,2025-11-10 23:59:00.000,com.sec.android.app.shealth,0,9028,1.291,6500.16,379.18,sampleDeviceID,com.sec.android.app.shealth,8da5bb2b-1b75-4eb2-9b3e-89c31b4686ae,1762732800000,
5f1bff16-ad24-4996-b857-3f9eb2437532.binning_data.json,2025-11-11 23:59:00.000,2025-11-11 23:59:00.000,com.sec.android.app.shealth,0,5727,1.3609,4123.44,240.53,sampleDeviceID,com.sec.android.app.shealth,5f1bff16-ad24-4996-b857-3f9eb2437532,1762819200000,
9955e2bb-aceb-47d0-bd6c-f05a833612b3.binning_data.json,2025-11-12 23:59:00.000,2025-11-12 23:59:00.000,com.sec.android.app.shealth,0,6389,1.393,4600.08,268.34,sampleDeviceID,com.sec.android.app.shealth,9955e2bb-aceb-47d0-bd6c-f05a833612b3,1762905600000,
81483587-943b-4ea9-a3b3-e9a70408d53f.binning_data.json,2025-11-13 23:59:00.000,2025-11-13 23:59:00.000,com.sec.android.app.shealth,0,6603,1.4679,4754.16,277.33,sampleDeviceID,com.sec.android.app.shealth,81483587-943b-4ea9-a3b3-e9a70408d53f,1762992000000,
b1d97c8e-1518-4f9d-89c3-38dffbeef59e.binning_data.json,2025-11-14 23:59:00.000,2025-11-14 23:59:00.000,com.sec.android.app.shealth,0,6498,1.2543,4678.56,272.92,sampleDeviceID,com.sec.android.app.shealth,b1d97c8e-1518-4f9d-89c3-38dffbeef59e,1763078400000,
934040d6-370e-4dea-9e78-3b1cff3f4ac4.binning_data.json,2025-11-15 23:59:00.000,2025-11-15 23:59:00.000,com.sec.android.app.shealth,0,4711,1.3319,3391.92,197.86,sampleDeviceID,com.sec.android.app.shealth,934040d6-370e-4dea-9e78-3b1cff3f4ac4,1763164800000,
bbca1910-3aee-4594-bf81-0c42d436d515.binning_data.json,2025-11-16 23:59:00.000,2025-11-16 23:59:00.000,com.sec.android.app.shealth,0,9422,1.3742,6783.84,395.72,sampleDeviceID,com.sec.android.app.shealth,bbca1910-3aee-4594-bf81-0c42d436d515,1763251200000,
236557ba-2844-4cca-b51b-22ef2cd8a610.binning_data.json,2025-11-17 23:59:00.000,2025-11-17 23:59:00.000,com.sec.android.app.shealth,0,5720,1.281,4118.4,240.24,sampleDeviceID,com.sec.android.app.shealth,236557ba-2844-4cca-b51b-22ef2cd8a610,1763337600000,
56b10afe-2138-498f-9a0b-593037d0ca9c.binning_data.json,2025-11-18 23:59:00.000,2025-11-18 23:59:00.000,com.sec.android.app.shealth,0,8492,1.2605,6114.24,356.66,sampleDeviceID,com.sec.android.app.shealth,56b10afe-2138-498f-9a0b-593037d0ca9c,1763424000000,
64985e6d-81cf-4af8-85db-42aeba27d674.binning_data.json,2025-11-19 23:59:00.000,2025-11-19 23:59:00.000,com.sec.android.app.shealth,0,7174,1.4969,5165.28,301.31,sampleDeviceID,com.sec.android.app.shealth,64985e6d-81cf-4af8-85db-42aeba27d674,1763510400000,
99baac01-b738-4f45-8d41-3a02fd505907.binning_data.json,2025-11-20 23:59:00.000,2025-11-20 23:59:00.000,com.sec.android.app.shealth,0,6984,1.3034,5028.48,293.33,sampleDeviceID,com.sec.android.app.shealth,99baac01-b738-4f45-8d41-3a02fd505907,1763596800000,
60449c44-0a16-41bc-ac39-5c8d182b198d.binning_data.json,2025-11-21 23:59:00.000,2025-11-21 23:59:00.000,com.sec.android.app.shealth,0,7425,1.4908,5346,311.85,sampleDeviceID,com.sec.android.app.shealth,60449c44-0a16-41bc-ac39-5c8d182b198d,1763683200000,
869af462-a733-49a9-aa97-93fc9e0260ce.binning_data.json,2025-11-22 23:59:00.000,2025-11-22 23:59:00.000,com.sec.android.app.shealth,0,10746,1.43,7737.12,451.33,sampleDeviceID,com.sec.android.app.shealth,869af462-a733-49a9-aa97-93fc9e0260ce,1763769600000,
4b7bcfa0-5f1e-456f-b416-24fa23f79329.binning_data.json,2025-11-23 23:59:00.000,2025-11-23 23:59:00.000,com.sec.android.app.shealth,0,8007,1.375,5765.04,336.29,sampleDeviceID,com.sec.android.app.shealth,4b7bcfa0-5f1e-456f-b416-24fa23f79329,1763856000000,
a40505c0-39ba-409c-ad7f-68421665acb0.binning_data.json,2025-11-24 23:59:00.000,2025-11-24 23:59:00.000,com.sec.android.app.shealth,0,5137,1.4569,3698.64,215.75,sampleDeviceID,com.sec.android.app.shealth,a40505c0-39ba-409c-ad7f-68421665acb0,1763942400000,
a953ec9b-02a2-4461-8046-4ac7f71d8e5f.binning_data.json,2025-11-25 23:59:00.000,2025-11-25 23:59:00.000,com.sec.android.app.shealth,0,6937,1.3857,4994.64,291.35,sampleDeviceID,com.sec.android.app.shealth,a953ec9b-02a2-4461-8046-4ac7f71d8e5f,1764028800000,
6ea4786f-27b2-464e-b105-182ac16e8c22.binning_data.json,2025-11-26 23:59:00.000,2025-11-26 23:59:00.000,com.sec.android.app.shealth,0,8057,1.3568,5801.04,338.39,sampleDeviceID,com.sec.android.app.shealth,6ea4786f-27b2-464e-b105-182ac16e8c22,1764115200000,
9a5a64d2-c2a7-4e08-a97d-4a293dc5b21f.binning_data.json,2025-11-27 23:59:00.000,2025-11-27 23:59:00.000,com.sec.android.app.shealth,0,5965,1.3958,4294.8,250.53,sampleDeviceID,com.sec.android.app.shealth,9a5a64d2-c2a7-4e08-a97d-4a293dc5b21f,1764201600000,
9ab399b7-5832-47bb-9e8d-57ef476d8271.binning_data.json,2025-11-28 23:59:00.000,2025-11-28 23:59:00.000,com.sec.android.app.shealth,0,5701,1.3098,4104.72,239.44,sampleDeviceID,com.sec.android.app.shealth,9ab399b7-5832-47bb-9e8d-57ef476d8271,1764288000000,
1a997bd1-f715-432c-bf01-a19762cb7b07.binning_data.json,2025-11-29 23:59:00.000,2025-11-29 23:59:00.000,com.sec.android.app.shealth,0,8369,1.4374,6025.68,351.5,sampleDeviceID,com.sec.android.app.shealth,1a997bd1-f715-432c-bf01-a19762cb7b07,1764374400000,
8cfd4b82-e24d-4d6c-93df-2d4a61253456.binning_data.json,2025-11-30 23:59:00.000,2025-11-30 23:59:00.000,com.sec.android.app.shealth,0,13793,1.3417,9930.96,579.31,sampleDeviceID,com.sec.android.app.shealth,8cfd4b82-e24d-4d6c-93df-2d4a61253456,1764460800000,
4e6a6199-6873-4a46-8419-6517dd194067.binning_data.json,2025-12-01 23:59:00.000,2025-12-01 23:59:00.000,com.sec.android.app.shealth,0,9991,1.374,7193.52,419.62,sampleDeviceID,com.sec.android.app.shealth,4e6a6199-6873-4a46-8419-6517dd194067,1764547200000,
95a5e600-4e1c-43f6-b836-3f4657eead4a.binning_data.json,2025-12-02 23:59:00.000,2025-12-02 23:59:00.000,com.sec.android.app.shealth,0,8327,1.3183,5995.44,349.73,sampleDeviceID,com.sec.android.app.shealth,95a5e600-4e1c-43f6-b836-3f4657eead4a,1764633600000,
1a57c5ca-6fad-4004-a71b-d75736362444.binning_data.json,2025-12-03 23:59:00.000,2025-12-03 23:59:00.000,com.sec.android.app.shealth,0,9135,1.4221,6577.2,383.67,sampleDeviceID,com.sec.android.app.shealth,1a57c5ca-6fad-4004-a71b-d75736362444,1764720000000,
6f2059af-1126-4af1-a870-18f194526886.binning_data.json,2025-12-04 23:59:00.000,2025-12-04 23:59:00.000,com.sec.android.app.shealth,0,6209,1.3133,4470.48,260.78,sampleDeviceID,com.sec.android.app.shealth,6f2059af-1126-4af1-a870-18f194526886,1764806400000,
ecff2882-766a-4b33-8df2-1c6fbaab34d6.binning_data.json,2025-12-05 23:59:00.000,2025-12-05 23:59:00.000,com.sec.android.app.shealth,0,7963,1.4482,5733.36,334.45,sampleDeviceID,com.sec.android.app.shealth,ecff2882-766a-4b33-8df2-1c6fbaab34d6,1764892800000,
8772889e-9235-4adb-a95d-4040be5a5061.binning_data.json,2025-12-06 23:59:00.000,2025-12-06 23:59:00.000,com.sec.android.app.shealth,0,5831,1.2512,4198.32,244.9,sampleDeviceID,com.sec.android.app.shealth,8772889e-9235-4adb-a95d-4040be5a5061,1764979200000,
6c1f906b-e53d-427c-b6d4-7dec6e184867.binning_data.json,2025-12-07 23:59:00.000,2025-12-07 23:59:00.000,com.sec.android.app.shealth,0,4427,1.3131,3187.44,185.93,sampleDeviceID,com.sec.android.app.shealth,6c1f906b-e53d-427c-b6d4-7dec6e184867,1765065600000,
3b51040e-7a90-4792-9ba2-401e59b48e7a.binning_data.json,2025-12-08 23:59:00.000,2025-12-08 23:59:00.000,com.sec.android.app.shealth,0,10476,1.4919,7542.72,439.99,sampleDeviceID,com.sec.android.app.shealth,3b51040e-7a90-4792-9ba2-401e59b48e7a,1765152000000,
e4f6f5dc-351d-4cc5-b566-99dd867036e3.binning_data.json,2025-12-09 23:59:00.000,2025-12-09 23:59:00.000,com.sec.android.app.shealth,0,5828,1.2575,4196.16,244.78,sampleDeviceID,com.sec.android.app.shealth,e4f6f5dc-351d-4cc5-b566-99dd867036e3,1765238400000,
7d66808c-b54b-4fdf-91fa-825cb7822ede.binning_data.json,2025-12-10 23:59:00.000,2025-12-10 23:59:00.000,com.sec.android.app.shealth,0,5503,1.309,3962.16,231.13,sampleDeviceID,com.sec.android.app.shealth,7d66808c-b54b-4fdf-91fa-825cb7822ede,1765324800000,
ea415eea-8161-4e05-8faa-b9bfad3aac57.binning_data.json,2025-12-11 23:59:00.000,2025-12-11 23:59:00.000,com.sec.android.app.shealth,0,7985,1.32,5749.2,335.37,sampleDeviceID,com.sec.android.app.shealth,ea415eea-8161-4e05-8faa-b9bfad3aac57,1765411200000,
174f6473-17f5-4d25-ac9e-a7f3c2c1dd52.binning_data.json,2025-12-12 23:59:00.000,2025-12-12 23:59:00.000,com.sec.android.app.shealth,0,4762,1.3635,3428.64,200,sampleDeviceID,com.sec.android.app.shealth,174f6473-17f5-4d25-ac9e-a7f3c2c1dd52,1765497600000,
15fa7e7b-a654-43a6-9fb2-a4f1e05e9742.binning_data.json,2025-12-13 23:59:00.000,2025-12-13 23:59:00.000,com.sec.android.app.shealth,0,4164,1.3352,2998.08,174.89,sampleDeviceID,com.sec.android.app.shealth,15fa7e7b-a654-43a6-9fb2-a4f1e05e9742,1765584000000,
0aa7946f-199e-4c9b-8888-9a01c65b28c6.binning_data.json,2025-12-14 23:59:00.000,2025-12-14 23:59:00.000,com.sec.android.app.shealth,0,10069,1.3362,7249.68,422.9,sampleDeviceID,com.sec.android.app.shealth,0aa7946f-199e-4c9b-8888-9a01c65b28c6,1765670400000,
d439caf4-70b7-4262-9f9a-efa73adb37a3.binning_data.json,2025-12-15 23:59:00.000,2025-12-15 23:59:00.000,com.sec.android.app.shealth,0,8274,1.2964,5957.28,347.51,sampleDeviceID,com.sec.android.app.shealth,d439caf4-70b7-4262-9f9a-efa73adb37a3,1765756800000,
a20af94c-032b-43b8-b554-8d7d8acd023d.binning_data.json,2025-12-16 23:59:00.000,2025-12-16 23:59:00.000,com.sec.android.app.shealth,0,5928,1.3812,4268.16,248.98,sampleDeviceID,com.sec.android.app.shealth,a20af94c-032b-43b8-b554-8d7d8acd023d,1765843200000,
cb232e0f-11fe-465f-bc91-cec06226c553.binning_data.json,2025-12-17 23:59:00.000,2025-12-17 23:59:00.000,com.sec.android.app.shealth,0,6024,1.3254,4337.28,253.01,sampleDeviceID,com.sec.android.app.shealth,cb232e0f-11fe-465f-bc91-cec06226c553,1765929600000,
583745c0-23bc-488b-bbee-d3f7bc1e43b4.binning_data.json,2025-12-18 23:59:00.000,2025-12-18 23:59:00.000,com.sec.android.app.shealth,0,5965,1.4769,4294.8,250.53,sampleDeviceID,com.sec.android.app.shealth,583745c0-23bc-488b-bbee-d3f7bc1e43b4,1766016000000,
bca88369-f4c7-46a0-a24d-47771bedd2e4.binning_data.json,2025-12-19 23:59:00.000,2025-12-19 23:59:00.000,com.sec.android.app.shealth,0,10783,1.3661,7763.76,452.89,sampleDeviceID,com.sec.android.app.shealth,bca88369-f4c7-46a0-a24d-47771bedd2e4,1766102400000,
b4e866bd-59eb-4b5d-a026-6550d4120038.binning_data.json,2025-12-20 23:59:00.000,2025-12-20 23:59:00.000,com.sec.android.app.shealth,0,9790,1.483,7048.8,411.18,sampleDeviceID,com.sec.android.app.shealth,b4e866bd-59eb-4b5d-a026-6550d4120038,1766188800000,
cfe456d1-85ea-4d45-bc6f-875b6d905248.binning_data.json,2025-12-21 23:59:00.000,2025-12-21 23:59:00.000,com.sec.android.app.shealth,0,4529,1.299,3260.88,190.22,sampleDeviceID,com.sec.android.app.shealth,cfe456d1-85ea-4d45-bc6f-875b6d905248,1766275200000,
6ca9a06b-e992-4f5e-814b-2702a36fd868.binning_data.json,2025-12-22 23:59:00.000,2025-12-22 23:59:00.000,com.sec.android.app.shealth,0,9182,1.4865,6611.04,385.64,sampleDeviceID,com.sec.android.app.shealth,6ca9a06b-e992-4f5e-814b-2702a36fd868,1766361600000,
cfdc4577-801a-4f14-a645-fcbbedc45e7c.binning_data.json,2025-12-23 23:59:00.000,2025-12-23 23:59:00.000,com.sec.android.app.shealth,0,9521,1.3707,6855.12,399.88,sampleDeviceID,com.sec.android.app.shealth,cfdc4577-801a-4f14-a645-fcbbedc45e7c,1766448000000,
15a22bc1-4b53-455e-bf12-01691583fe5f.binning_data.json,2025-12-24 23:59:00.000,2025-12-24 23:59:00.000,com.sec.android.app.shealth,0,9303,1.4294,6698.16,390.73,sampleDeviceID,com.sec.android.app.shealth,15a22bc1-4b53-455e-bf12-01691583fe5f,1766534400000,
2efe3403-b0f6-4bc8-8d8c-cd8f9b84ddc3.binning_data.json,2025-12-25 23:59:00.000,2025-12-25 23:59:00.000,com.sec.android.app.shealth,0,7059,1.3199,5082.48,296.48,sampleDeviceID,com.sec.android.app.shealth,2efe3403-b0f6-4bc8-8d8c-cd8f9b84ddc3,1766620800000,
d2bb93fc-377a-4287-98ad-b3bdee477c47.binning_data.json,2025-12-26 23:59:00.000,2025-12-26 23:59:00.000,com.sec.android.app.shealth,0,9790,1.4375,7048.8,411.18,sampleDeviceID,com.sec.android.app.shealth,d2bb93fc-377a-4287-98ad-b3bdee477c47,1766707200000,
a5720746-dd3a-4fd8-9f0e-892280114ae0.binning_data.json,2025-12-27 23:59:00.000,2025-12-27 23:59:00.000,com.sec.android.app.shealth,0,13918,1.4067,10020.96,584.56,sampleDeviceID,com.sec.android.app.shealth,a5720746-dd3a-4fd8-9f0e-892280114ae0,1766793600000,
1efbe56c-8c15-454a-b454-5975cc2567cc.binning_data.json,2025-12-28 23:59:00.000,2025-12-28 23:59:00.000,com.sec.android.app.shealth,0,9670,1.4289,6962.4,406.14,sampleDeviceID,com.sec.android.app.shealth,1efbe56c-8c15-454a-b454-5975cc2567cc,1766880000000,
53a36de5-35f5-4417-ac26-920cda324157.binning_data.json,2025-12-29 23:59:00.000,2025-12-29 23:59:00.000,com.sec.android.app.shealth,0,8793,1.3232,6330.96,369.31,sampleDeviceID,com.sec.android.app.shealth,53a36de5-35f5-4417-ac26-920cda324157,1766966400000,
a010d303-a729-4361-9f34-02771ac07d82.binning_data.json,2025-12-30 23:59:00.000,2025-12-30 23:59:00.000,com.sec.android.app.shealth,0,7880,1.3856,5673.6,330.96,sampleDeviceID,com.sec.android.app.shealth,a010d303-a729-4361-9f34-02771ac07d82,1767052800000,
20732fe5-213a-48f5-80a2-234373109740.binning_data.json,2025-12-31 23:59:00.000,2025-12-31 23:59:00.000,com.sec.android.app.shealth,0,7803,1.3804,5618.16,327.73,sampleDeviceID,com.sec.android.app.shealth,20732fe5-213a-48f5-80a2-234373109740,1767139200000,
6540a727-0311-44d3-a56c-611cb1016eea.binning_data.json,2026-01-01 23:59:00.000,2026-01-01 23:59:00.000,com.sec.android.app.shealth,0,10575,1.3218,7614,444.15,sampleDeviceID,com.sec.android.app.shealth,6540a727-0311-44d3-a56c-611cb1016eea,1767225600000,
c4934af8-afdc-4bc8-8558-bf8cff4a9072.binning_data.json,2026-01-02 23:59:00.000,2026-01-02 23:59:00.000,com.sec.android.app.shealth,0,5599,1.3249,4031.28,235.16,sampleDeviceID,com.sec.android.app.shealth,c4934af8-afdc-4bc8-8558-bf8cff4a9072,1767312000000,
46b6a4d5-f1a4-4571-882a-4636ff2a9683.binning_data.json,2026-01-03 23:59:00.000,2026-01-03 23:59:00.000,com.sec.android.app.shealth,0,5678,1.4906,4088.16,238.48,sampleDeviceID,com.sec.android.app.shealth,46b6a4d5-f1a4-4571-882a-4636ff2a9683,1767398400000,
c4920046-d108-4346-91da-001633b2052e.binning_data.json,2026-01-04 23:59:00.000,2026-01-04 23:59:00.000,com.sec.android.app.shealth,0,12931,1.4884,9310.32,543.1,sampleDeviceID,com.sec.android.app.shealth,c4920046-d108-4346-91da-001633b2052e,1767484800000,
5c173f5f-c6fc-48d7-b2bb-f273aa70ffdb.binning_data.json,2026-01-05 23:59:00.000,2026-01-05 23:59:00.000,com.sec.android.app.shealth,0,4589,1.3529,3304.08,192.74,sampleDeviceID,com.sec.android.app.shealth,5c173f5f-c6fc-48d7-b2bb-f273aa70ffdb,1767571200000,
179a3bc4-28b5-4cd5-a01b-e61dc38b4d5a.binning_data.json,2026-01-06 23:59:00.000,2026-01-06 23:59:00.000,com.sec.android.app.shealth,0,6387,1.3531,4598.64,268.25,sampleDeviceID,com.sec.android.app.shealth,179a3bc4-28b5-4cd5-a01b-e61dc38b4d5a,1767657600000,
1f1a9787-4a17-4291-9344-bc53cb2be999.binning_data.json,2026-01-07 23:59:00.000,2026-01-07 23:59:00.000,com.sec.android.app.shealth,0,9922,1.3251,7143.84,416.72,sampleDeviceID,com.sec.android.app.shealth,1f1a9787-4a17-4291-9344-bc53cb2be999,1767744000000,
ae0561bf-6e34-47b3-9de6-936f3059830f.binning_data.json,2026-01-08 23:59:00.000,2026-01-08 23:59:00.000,com.sec.android.app.shealth,0,5054,1.4911,3638.88,212.27,sampleDeviceID,com.sec.android.app.shealth,ae0561bf-6e34-47b3-9de6-936f3059830f,1767830400000,
c19c99bd-3426-4836-839e-ec8cc122c6f7.binning_data.json,2026-01-09 23:59:00.000,2026-01-09 23:59:00.000,com.sec.android.app.shealth,0,10010,1.3872,7207.2,420.42,sampleDeviceID,com.sec.android.app.shealth,c19c99bd-3426-4836-839e-ec8cc122c6f7,1767916800000,
0ea59d84-40bf-43e0-9774-9ff4bf021a49.binning_data.json,2026-01-10 23:59:00.000,2026-01-10 23:59:00.000,com.sec.android.app.shealth,0,5993,1.4423,4314.96,251.71,sampleDeviceID,com.sec.android.app.shealth,0ea59d84-40bf-43e0-9774-9ff4bf021a49,1768003200000,
d65aeb0c-08d1-4aac-bc34-d18c3e9c7698.binning_data.json,2026-01-11 23:59:00.000,2026-01-11 23:59:00.000,com.sec.android.app.shealth,0,5751,1.4078,4140.72,241.54,sampleDeviceID,com.sec.android.app.shealth,d65aeb0c-08d1-4aac-bc34-d18c3e9c7698,1768089600000,
abe35313-9f62-4a20-8a67-1adf7e9a2bb9.binning_data.json,2026-01-12 23:59:00.000,2026-01-12 23:59:00.000,com.sec.android.app.shealth,0,6573,1.3627,4732.56,276.07,sampleDeviceID,com.sec.android.app.shealth,abe35313-9f62-4a20-8a67-1adf7e9a2bb9,1768176000000,
288ed6d8-76f2-48ca-acfe-64d18b0d900d.binning_data.json,2026-01-13 23:59:00.000,2026-01-13 23:59:00.000,com.sec.android.app.shealth,0,5129,1.3513,3692.88,215.42,sampleDeviceID,com.sec.android.app.shealth,288ed6d8-76f2-48ca-acfe-64d18b0d900d,1768262400000,
c73ee193-38fd-4b0e-8dd0-8a2c7bb9e5f9.binning_data.json,2026-01-14 23:59:00.000,2026-01-14 23:59:00.000,com.sec.android.app.shealth,0,4913,1.4387,3537.36,206.35,sampleDeviceID,com.sec.android.app.shealth,c73ee193-38fd-4b0e-8dd0-8a2c7bb9e5f9,1768348800000,
bbac9e0c-5e16-444b-8715-92ce4bf726e5.binning_data.json,2026-01-15 23:59:00.000,2026-01-15 23:59:00.000,com.sec.android.app.shealth,0,5410,1.4932,3895.2,227.22,sampleDeviceID,com.sec.android.app.shealth,bbac9e0c-5e16-444b-8715-92ce4bf726e5,1768435200000,
080c9334-e03f-46db-95ee-6f6528f9982c.binning_data.json,2026-01-16 23:59:00.000,2026-01-16 23:59:00.000,com.sec.android.app.shealth,0,5289,1.304,3808.08,222.14,sampleDeviceID,com.sec.android.app.shealth,080c9334-e03f-46db-95ee-6f6528f9982c,1768521600000,
eaa4888d-5f73-43a5-92a1-3d4dd2dabddb.binning_data.json,2026-01-17 23:59:00.000,2026-01-17 23:59:00.000,com.sec.android.app.shealth,0,8762,1.4464,6308.64,368,sampleDeviceID,com.sec.android.app.shealth,eaa4888d-5f73-43a5-92a1-3d4dd2dabddb,1768608000000,
6a7370cf-8c28-4c6c-b738-d719adbb60fd.binning_data.json,2026-01-18 23:59:00.000,2026-01-18 23:59:00.000,com.sec.android.app.shealth,0,10607,1.4824,7637.04,445.49,sampleDeviceID,com.sec.android.app.shealth,6a7370cf-8c28-4c6c-b738-d719adbb60fd,1768694400000,
c836a7f4-0282-4d49-9ff4-ab3154f41bd3.binning_data.json,2026-01-19 23:59:00.000,2026-01-19 23:59:00.000,com.sec.android.app.shealth,0,10000,1.2678,7200,420,sampleDeviceID,com.sec.android.app.shealth,c836a7f4-0282-4d49-9ff4-ab3154f41bd3,1768780800000,
8cf0b92e-1ea2-4dc8-b5e5-7b7c967477a1.binning_data.json,2026-01-20 23:59:00.000,2026-01-20 23:59:00.000,com.sec.android.app.shealth,0,8942,1.4032,6438.24,375.56,sampleDeviceID,com.sec.android.app.shealth,8cf0b92e-1ea2-4dc8-b5e5-7b7c967477a1,1768867200000,
db66ffe1-0f8d-4575-9ecb-66b55f55edd1.binning_data.json,2026-01-21 23:59:00.000,2026-01-21 23:59:00.000,com.sec.android.app.shealth,0,10318,1.4581,7428.96,433.36,sampleDeviceID,com.sec.android.app.shealth,db66ffe1-0f8d-4575-9ecb-66b55f55edd1,1768953600000,
c7c87333-d300-4650-876e-31657b2f80ed.binning_data.json,2026-01-22 23:59:00.000,2026-01-22 23:59:00.000,com.sec.android.app.shealth,0,10559,1.3845,7602.48,443.48,sampleDeviceID,com.sec.android.app.shealth,c7c87333-d300-4650-876e-31657b2f80ed,1769040000000,
14c83c37-53d7-4503-b2aa-2167c320b4fe.binning_data.json,2026-01-23 23:59:00.000,2026-01-23 23:59:00.000,com.sec.android.app.shealth,0,6074,1.3475,4373.28,255.11,sampleDeviceID,com.sec.android.app.shealth,14c83c37-53d7-4503-b2aa-2167c320b4fe,1769126400000,
5da93c1d-84e7-45df-931f-800bd36405bb.binning_data.json,2026-01-24 23:59:00.000,2026-01-24 23:59:00.000,com.sec.android.app.shealth,0,10430,1.428,7509.6,438.06,sampleDeviceID,com.sec.android.app.shealth,5da93c1d-84e7-45df-931f-800bd36405bb,1769212800000,
37267e6b-e60f-4315-a463-a6925eb5207d.binning_data.json,2026-01-25 23:59:00.000,2026-01-25 23:59:00.000,com.sec.android.app.shealth,0,9064,1.3509,6526.08,380.69,sampleDeviceID,com.sec.android.app.shealth,37267e6b-e60f-4315-a463-a6925eb5207d,1769299200000,
caa0c37f-a465-46e2-b39d-ca5af551f453.binning_data.json,2026-01-26 23:59:00.000,2026-01-26 23:59:00.000,com.sec.android.app.shealth,0,6625,1.4712,4770,278.25,sampleDeviceID,com.sec.android.app.shealth,caa0c37f-a465-46e2-b39d-ca5af551f453,1769385600000,
48dbe8c3-b677-4214-b85e-e21693cec861.binning_data.json,2026-01-27 23:59:00.000,2026-01-27 23:59:00.000,com.sec.android.app.shealth,0,10447,1.2643,7521.84,438.77,sampleDeviceID,com.sec.android.app.shealth,48dbe8c3-b677-4214-b85e-e21693cec861,1769472000000,
b7d73aa8-10dd-4e49-912b-f7f4b9df94d4.binning_data.json,2026-01-28 23:59:00.000,2026-01-28 23:59:00.000,com.sec.android.app.shealth,0,7659,1.4804,5514.48,321.68,sampleDeviceID,com.sec.android.app.shealth,b7d73aa8-10dd-4e49-912b-f7f4b9df94d4,1769558400000,
02a763c3-f08e-4c68-894d-a3b808b7490f.binning_data.json,2026-01-29 23:59:00.000,2026-01-29 23:59:00.000,com.sec.android.app.shealth,0,9807,1.2799,7061.04,411.89,sampleDeviceID,com.sec.android.app.shealth,02a763c3-f08e-4c68-894d-a3b808b7490f,1769644800000,
ee283370-09d8-4553-9a71-cfc790edd491.binning_data.json,2026-01-30 23:59:00.000,2026-01-30 23:59:00.000,com.sec.android.app.shealth,0,9112,1.4416,6560.64,382.7,sampleDeviceID,com.sec.android.app.shealth,ee283370-09d8-4553-9a71-cfc790edd491,1769731200000,
ce0e7a48-a47b-4102-bd74-bd1a0a2ff70d.binning_data.json,2026-01-31 23:59:00.000,2026-01-31 23:59:00.000,com.sec.android.app.shealth,0,10790,1.4742,7768.8,453.18,sampleDeviceID,com.sec.android.app.shealth,ce0e7a48-a47b-4102-bd74-bd1a0a2ff70d,1769817600000,
8a92e6f5-2607-4056-ba8f-141470434290.binning_data.json,2026-02-01 23:59:00.000,2026-02-01 23:59:00.000,com.sec.android.app.shealth,0,4097,1.2905,2949.84,172.07,sampleDeviceID,com.sec.android.app.shealth,8a92e6f5-2607-4056-ba8f-141470434290,1769904000000,
8659a299-8812-42e0-893d-b27049cf7882.binning_data.json,2026-02-02 23:59:00.000,2026-02-02 23:59:00.000,com.sec.android.app.shealth,0,7126,1.4368,5130.72,299.29,sampleDeviceID,com.sec.android.app.shealth,8659a299-8812-42e0-893d-b27049cf7882,1769990400000,
c0ef2930-4e63-4567-9a9e-92fda8ee58a7.binning_data.json,2026-02-03 23:59:00.000,2026-02-03 23:59:00.000,com.sec.android.app.shealth,0,10947,1.451,7881.84,459.77,sampleDeviceID,com.sec.android.app.shealth,c0ef2930-4e63-4567-9a9e-92fda8ee58a7,1770076800000,
2d1a9013-c28c-4655-a43c-20e8c352046f.binning_data.json,2026-02-04 23:59:00.000,2026-02-04 23:59:00.000,com.sec.android.app.shealth,0,9071,1.3525,6531.12,380.98,sampleDeviceID,com.sec.android.app.shealth,2d1a9013-c28c-4655-a43c-20e8c352046f,1770163200000,
763294a3-d54b-4548-99e8-1a0b33779a51.binning_data.json,2026-02-05 23:59:00.000,2026-02-05 23:59:00.000,com.sec.android.app.shealth,0,8781,1.3613,6322.32,368.8,sampleDeviceID,com.sec.android.app.shealth,763294a3-d54b-4548-99e8-1a0b33779a51,1770249600000,
db19b1f5-f48b-4e30-9b17-ccb038814369.binning_data.json,2026-02-06 23:59:00.000,2026-02-06 23:59:00.000,com.sec.android.app.shealth,0,5630,1.3476,4053.6,236.46,sampleDeviceID,com.sec.android.app.shealth,db19b1f5-f48b-4e30-9b17-ccb038814369,1770336000000,
d7d75e4c-fa8f-40ec-b026-88a20dbb3b5f.binning_data.json,2026-02-07 23:59:00.000,2026-02-07 23:59:00.000,com.sec.android.app.shealth,0,3773,1.4588,2716.56,158.47,sampleDeviceID,com.sec.android.app.shealth,d7d75e4c-fa8f-40ec-b026-88a20dbb3b5f,1770422400000,
5c71df98-3930-4f09-863b-8a0f370eb5d8.binning_data.json,2026-02-08 23:59:00.000,2026-02-08 23:59:00.000,com.sec.android.app.shealth,0,8918,1.4011,6420.96,374.56,sampleDeviceID,com.sec.android.app.shealth,5c71df98-3930-4f09-863b-8a0f370eb5d8,1770508800000,
3bdd1df9-e5d1-4e25-9a31-4aa5dc4c6ef0.binning_data.json,2026-02-09 23:59:00.000,2026-02-09 23:59:00.000,com.sec.android.app.shealth,0,8713,1.3419,6273.36,365.95,sampleDeviceID,com.sec.android.app.shealth,3bdd1df9-e5d1-4e25-9a31-4aa5dc4c6ef0,1770595200000,
045d0e27-b598-4cc4-ba48-2bcc673540e3.binning_data.json,2026-02-10 23:59:00.000,2026-02-10 23:59:00.000,com.sec.android.app.shealth,0,10817,1.4316,7788.24,454.31,sampleDeviceID,com.sec.android.app.shealth,045d0e27-b598-4cc4-ba48-2bcc673540e3,1770681600000,
ea22dd17-d25f-4abd-b0f8-5fb1d6d46adf.binning_data.json,2026-02-11 23:59:00.000,2026-02-11 23:59:00.000,com.sec.android.app.shealth,0,8029,1.4157,5780.88,337.22,sampleDeviceID,com.sec.android.app.shealth,ea22dd17-d25f-4abd-b0f8-5fb1d6d46adf,1770768000000,
27b9e7da-7b1c-4785-8100-45fa61bfc0e6.binning_data.json,2026-02-12 23:59:00.000,2026-02-12 23:59:00.000,com.sec.android.app.shealth,0,9304,1.3311,6698.88,390.77,sampleDeviceID,com.sec.android.app.shealth,27b9e7da-7b1c-4785-8100-45fa61bfc0e6,1770854400000,
ff065267-6ef0-4897-bc3a-a295848f4444.binning_data.json,2026-02-13 23:59:00.000,2026-02-13 23:59:00.000,com.sec.android.app.shealth,0,7031,1.3356,5062.32,295.3,sampleDeviceID,com.sec.android.app.shealth,ff065267-6ef0-4897-bc3a-a295848f4444,1770940800000,
87cb58b5-2dfa-4b2a-917f-27c6f352a415.binning_data.json,2026-02-14 23:59:00.000,2026-02-14 23:59:00.000,com.sec.android.app.shealth,0,4084,1.3047,2940.48,171.53,sampleDeviceID,com.sec.android.app.shealth,87cb58b5-2dfa-4b2a-917f-27c6f352a415,1771027200000,
31312308-804d-45f7-847c-157d8930c09d.binning_data.json,2026-02-15 23:59:00.000,2026-02-15 23:59:00.000,com.sec.android.app.shealth,0,8780,1.376,6321.6,368.76,sampleDeviceID,com.sec.android.app.shealth,31312308-804d-45f7-847c-157d8930c09d,1771113600000,
4e30b6e9-0fff-4415-bee3-2847e2506815.binning_data.json,2026-02-16 23:59:00.000,2026-02-16 23:59:00.000,com.sec.android.app.shealth,0,8083,1.3958,5819.76,339.49,sampleDeviceID,com.sec.android.app.shealth,4e30b6e9-0fff-4415-bee3-2847e2506815,1771200000000,
e8b33f8c-507d-488b-ae6c-47d8e3dd4aaa.binning_data.json,2026-02-17 23:59:00.000,2026-02-17 23:59:00.000,com.sec.android.app.shealth,0,4537,1.4174,3266.64,190.55,sampleDeviceID,com.sec.android.app.shealth,e8b33f8c-507d-488b-ae6c-47d8e3dd4aaa,1771286400000,
d2f0d026-e2a3-4cba-bbe7-9590e63c411d.binning_data.json,2026-02-18 23:59:00.000,2026-02-18 23:59:00.000,com.sec.android.app.shealth,0,8247,1.3951,5937.84,346.37,sampleDeviceID,com.sec.android.app.shealth,d2f0d026-e2a3-4cba-bbe7-9590e63c411d,1771372800000,
bf35f6fc-3908-418b-8f9c-3ff4a595c693.binning_data.json,2026-02-19 23:59:00.000,2026-02-19 23:59:00.000,com.sec.android.app.shealth,0,7171,1.4338,5163.12,301.18,sampleDeviceID,com.sec.android.app.shealth,bf35f6fc-3908-418b-8f9c-3ff4a595c693,1771459200000,
fba64437-29ab-4a8e-a8da-484e5894aa78.binning_data.json,2026-02-20 23:59:00.000,2026-02-20 23:59:00.000,com.sec.android.app.shealth,0,7645,1.4647,5504.4,321.09,sampleDeviceID,com.sec.android.app.shealth,fba64437-29ab-4a8e-a8da-484e5894aa78,1771545600000,
8c1644fb-45f0-4f84-8a14-21ca64a58511.binning_data.json,2026-02-21 23:59:00.000,2026-02-21 23:59:00.000,com.sec.android.app.shealth,0,8693,1.4925,6258.96,365.11,sampleDeviceID,com.sec.android.app.shealth,8c1644fb-45f0-4f84-8a14-21ca64a58511,1771632000000,
ad7204c9-6a6a-47f3-8264-5c40fa795c90.binning_data.json,2026-02-22 23:59:00.000,2026-02-22 23:59:00.000,com.sec.android.app.shealth,0,4262,1.441,3068.64,179,sampleDeviceID,com.sec.android.app.shealth,ad7204c9-6a6a-47f3-8264-5c40fa795c90,1771718400000,
dd12c0e4-8015-426f-944b-ef80e3341c8d.binning_data.json,2026-02-23 23:59:00.000,2026-02-23 23:59:00.000,com.sec.android.app.shealth,0,8323,1.4752,5992.56,349.57,sampleDeviceID,com.sec.android.app.shealth,dd12c0e4-8015-426f-944b-ef80e3341c8d,1771804800000,
0ec7d95b-5160-48e9-8a04-a816a819d4e3.binning_data.json,2026-02-24 23:59:00.000,2026-02-24 23:59:00.000,com.sec.android.app.shealth,0,8910,1.4875,6415.2,374.22,sampleDeviceID,com.sec.android.app.shealth,0ec7d95b-5160-48e9-8a04-a816a819d4e3,1771891200000,
6aec38ae-d09f-478b-ae98-83945e95c679.binning_data.json,2026-02-25 23:59:00.000,2026-02-25 23:59:00.000,com.sec.android.app.shealth,0,5364,1.3876,3862.08,225.29,sampleDeviceID,com.sec.android.app.shealth,6aec38ae-d09f-478b-ae98-83945e95c679,1771977600000,
3c7766f9-9557-4cf5-a88f-0d121b70cd86.binning_data.json,2026-02-26 23:59:00.000,2026-02-26 23:59:00.000,com.sec.android.app.shealth,0,8054,1.3516,5798.88,338.27,sampleDeviceID,com.sec.android.app.shealth,3c7766f9-9557-4cf5-a88f-0d121b70cd86,1772064000000,
671e97c6-0411-4ef9-a988-5e461395e7f6.binning_data.json,2026-02-27 23:59:00.000,2026-02-27 23:59:00.000,com.sec.android.app.shealth,0,9745,1.3708,7016.4,409.29,sampleDeviceID,com.sec.android.app.shealth,671e97c6-0411-4ef9-a988-5e461395e7f6,1772150400000,
e9f816e5-8a60-439b-84b0-7590c19c53b2.binning_data.json,2026-02-28 23:59:00.000,2026-02-28 23:59:00.000,com.sec.android.app.shealth,0,6849,1.3132,4931.28,287.66,sampleDeviceID,com.sec.android.app.shealth,e9f816e5-8a60-439b-84b0-7590c19c53b2,1772236800000,
373f745e-70d3-4f9f-a8df-42f22a617b1b.binning_data.json,2026-03-01 23:59:00.000,2026-03-01 23:59:00.000,com.sec.android.app.shealth,0,12528,1.4668,9020.16,526.18,sampleDeviceID,com.sec.android.app.shealth,373f745e-70d3-4f9f-a8df-42f22a617b1b,1772323200000,
e12970d9-47dd-4902-a4e3-bdfa74c2adf0.binning_data.json,2026-03-02 23:59:00.000,2026-03-02 23:59:00.000,com.sec.android.app.shealth,0,10011,1.3645,7207.92,420.46,sampleDeviceID,com.sec.android.app.shealth,e12970d9-47dd-4902-a4e3-bdfa74c2adf0,1772409600000,
7194b023-a835-4f50-a081-282625fb2223.binning_data.json,2026-03-03 23:59:00.000,2026-03-03 23:59:00.000,com.sec.android.app.shealth,0,9993,1.4365,7194.96,419.71,sampleDeviceID,com.sec.android.app.shealth,7194b023-a835-4f50-a081-282625fb2223,1772496000000,
d5039455-d184-489f-852b-31e83651007f.binning_data.json,2026-03-04 23:59:00.000,2026-03-04 23:59:00.000,com.sec.android.app.shealth,0,7762,1.3591,5588.64,326,sampleDeviceID,com.sec.android.app.shealth,d5039455-d184-489f-852b-31e83651007f,1772582400000,
d5c492e3-9227-4875-83a0-bfc1eca6e1c4.binning_data.json,2026-03-05 23:59:00.000,2026-03-05 23:59:00.000,com.sec.android.app.shealth,0,6428,1.3483,4628.16,269.98,sampleDeviceID,com.sec.android.app.shealth,d5c492e3-9227-4875-83a0-bfc1eca6e1c4,1772668800000,
dfa459f9-55fc-40c7-b9dd-b37695e9e830.binning_data.json,2026-03-06 23:59:00.000,2026-03-06 23:59:00.000,com.sec.android.app.shealth,0,4998,1.2618,3598.56,209.92,sampleDeviceID,com.sec.android.app.shealth,dfa459f9-55fc-40c7-b9dd-b37695e9e830,1772755200000,
46af2368-904d-4981-b8b0-9f7bc20f0d56.binning_data.json,2026-03-07 23:59:00.000,2026-03-07 23:59:00.000,com.sec.android.app.shealth,0,13918,1.3312,10020.96,584.56,sampleDeviceID,com.sec.android.app.shealth,46af2368-904d-4981-b8b0-9f7bc20f0d56,1772841600000,
217d8eb6-c799-4f50-b8d2-9fa6dc3c0480.binning_data.json,2026-03-08 23:59:00.000,2026-03-08 23:59:00.000,com.sec.android.app.shealth,0,12494,1.4437,8995.68,524.75,sampleDeviceID,com.sec.android.app.shealth,217d8eb6-c799-4f50-b8d2-9fa6dc3c0480,1772928000000,
cb64af47-8e62-46db-bd64-da42bef66360.binning_data.json,2026-03-09 23:59:00.000,2026-03-09 23:59:00.000,com.sec.android.app.shealth,0,6091,1.312,4385.52,255.82,sampleDeviceID,com.sec.android.app.shealth,cb64af47-8e62-46db-bd64-da42bef66360,1773014400000,
dcceba0d-973c-4985-b533-79208c49172c.binning_data.json,2026-03-10 23:59:00.000,2026-03-10 23:59:00.000,com.sec.android.app.shealth,0,7744,1.3549,5575.68,325.25,sampleDeviceID,com.sec.android.app.shealth,dcceba0d-973c-4985-b533-79208c49172c,1773100800000,
e38e6cd4-e146-4a86-a8dc-de6b218af5a1.binning_data.json,2026-03-11 23:59:00.000,2026-03-11 23:59:00.000,com.sec.android.app.shealth,0,7432,1.2622,5351.04,312.14,sampleDeviceID,com.sec.android.app.shealth,e38e6cd4-e146-4a86-a8dc-de6b218af5a1,1773187200000,
3d4a5845-8e57-4d7f-b26b-b6f573564524.binning_data.json,2026-03-12 23:59:00.000,2026-03-12 23:59:00.000,com.sec.android.app.shealth,0,10970,1.4102,7898.4,460.74,sampleDeviceID,com.sec.android.app.shealth,3d4a5845-8e57-4d7f-b26b-b6f573564524,1773273600000,
5bed05db-9a9f-4df7-a66a-1aeebc55065a.binning_data.json,2026-03-13 23:59:00.000,2026-03-13 23:59:00.000,com.sec.android.app.shealth,0,6691,1.4867,4817.52,281.02,sampleDeviceID,com.sec.android.app.shealth,5bed05db-9a9f-4df7-a66a-1aeebc55065a,1773360000000,
61394874-1544-418e-8adb-23f12b9143fb.binning_data.json,2026-03-14 23:59:00.000,2026-03-14 23:59:00.000,com.sec.android.app.shealth,0,12519,1.4861,9013.68,525.8,sampleDeviceID,com.sec.android.app.shealth,61394874-1544-418e-8adb-23f12b9143fb,1773446400000,
cf3775b7-9bcb-4d94-a40c-2f9af787cfc8.binning_data.json,2026-03-15 23:59:00.000,2026-03-15 23:59:00.000,com.sec.android.app.shealth,0,4862,1.3202,3500.64,204.2,sampleDeviceID,com.sec.android.app.shealth,cf3775b7-9bcb-4d94-a40c-2f9af787cfc8,1773532800000,
40d99b6e-da14-4423-94a2-c502c5380e9d.binning_data.json,2026-03-16 23:59:00.000,2026-03-16 23:59:00.000,com.sec.android.app.shealth,0,5418,1.3913,3900.96,227.56,sampleDeviceID,com.sec.android.app.shealth,40d99b6e-da14-4423-94a2-c502c5380e9d,1773619200000,
e84d3f53-d971-4947-97f8-3fa796309ce3.binning_data.json,2026-03-17 23:59:00.000,2026-03-17 23:59:00.000,com.sec.android.app.shealth,0,5376,1.3659,3870.72,225.79,sampleDeviceID,com.sec.android.app.shealth,e84d3f53-d971-4947-97f8-3fa796309ce3,1773705600000,
c95408b4-da59-47de-ae5a-5f0d040aada7.binning_data.json,2026-03-18 23:59:00.000,2026-03-18 23:59:00.000,com.sec.android.app.shealth,0,9836,1.473,7081.92,413.11,sampleDeviceID,com.sec.android.app.shealth,c95408b4-da59-47de-ae5a-5f0d040aada7,1773792000000,
e7898025-ae5d-40c7-b7de-3743b1a4cd85.binning_data.json,2026-03-19 23:59:00.000,2026-03-19 23:59:00.000,com.sec.android.app.shealth,0,5586,1.323,4021.92,234.61,sampleDeviceID,com.sec.android.app.shealth,e7898025-ae5d-40c7-b7de-3743b1a4cd85,1773878400000,
c75ebb7b-71d5-4622-b2d0-f3d68a5d11f9.binning_data.json,2026-03-20 23:59:00.000,2026-03-20 23:59:00.000,com.sec.android.app.shealth,0,8290,1.4458,5968.8,348.18,sampleDeviceID,com.sec.android.app.shealth,c75ebb7b-71d5-4622-b2d0-f3d68a5d11f9,1773964800000,
719df148-7771-417e-9edb-ced09ebab84c.binning_data.json,2026-03-21 23:59:00.000,2026-03-21 23:59:00.000,com.sec.android.app.shealth,0,9375,1.3801,6750,393.75,sampleDeviceID,com.sec.android.app.shealth,719df148-7771-417e-9edb-ced09ebab84c,1774051200000,
23b85b68-382f-4b95-8a75-99c7b202c800.binning_data.json,2026-03-22 23:59:00.000,2026-03-22 23:59:00.000,com.sec.android.app.shealth,0,3738,1.3204,2691.36,157,sampleDeviceID,com.sec.android.app.shealth,23b85b68-382f-4b95-8a75-99c7b202c800,1774137600000,
79e6169d-dde5-4efd-9443-b01bbaadbb32.binning_data.json,2026-03-23 23:59:00.000,2026-03-23 23:59:00.000,com.sec.android.app.shealth,0,6819,1.4844,4909.68,286.4,sampleDeviceID,com.sec.android.app.shealth,79e6169d-dde5-4efd-9443-b01bbaadbb32,1774224000000,
6db2a89d-4564-403f-ae13-c87e64373ea6.binning_data.json,2026-03-24 23:59:00.000,2026-03-24 23:59:00.000,com.sec.android.app.shealth,0,4777,1.4041,3439.44,200.63,sampleDeviceID,com.sec.android.app.shealth,6db2a89d-4564-403f-ae13-c87e64373ea6,1774310400000,
d8f3baf1-c434-46ae-82ea-af2ced29643b.binning_data.json,2026-03-25 23:59:00.000,2026-03-25 23:59:00.000,com.sec.android.app.shealth,0,7138,1.3115,5139.36,299.8,sampleDeviceID,com.sec.android.app.shealth,d8f3baf1-c434-46ae-82ea-af2ced29643b,1774396800000,
50f1b34f-49dd-49b0-b722-f4a926e2745f.binning_data.json,2026-03-26 23:59:00.000,2026-03-26 23:59:00.000,com.sec.android.app.shealth,0,5848,1.2906,4210.56,245.62,sampleDeviceID,com.sec.android.app.shealth,50f1b34f-49dd-49b0-b722-f4a926e2745f,1774483200000,
ef441c87-9cdb-4744-a181-67e0fc5979da.binning_data.json,2026-03-27 23:59:00.000,2026-03-27 23:59:00.000,com.sec.android.app.shealth,0,6669,1.2629,4801.68,280.1,sampleDeviceID,com.sec.android.app.shealth,ef441c87-9cdb-4744-a181-67e0fc5979da,1774569600000,
4da8ac7e-2ebb-4e3e-81bd-38ad9fb248c3.binning_data.json,2026-03-28 23:59:00.000,2026-03-28 23:59:00.000,com.sec.android.app.shealth,0,9674,1.4053,6965.28,406.31,sampleDeviceID,com.sec.android.app.shealth,4da8ac7e-2ebb-4e3e-81bd-38ad9fb248c3,1774656000000,
224492e3-1371-4fc6-b009-db3450d65d7c.binning_data.json,2026-03-29 23:59:00.000,2026-03-29 23:59:00.000,com.sec.android.app.shealth,0,3951,1.4327,2844.72,165.94,sampleDeviceID,com.sec.android.app.shealth,224492e3-1371-4fc6-b009-db3450d65d7c,1774742400000,
8b0f3123-07a5-40ad-b891-c8ef79916d3a.binning_data.json,2026-03-30 23:59:00.000,2026-03-30 23:59:00.000,com.sec.android.app.shealth,0,9284,1.4772,6684.48,389.93,sampleDeviceID,com.sec.android.app.shealth,8b0f3123-07a5-40ad-b891-c8ef79916d3a,1774828800000,
de2b7891-dfe0-4e41-9ec7-5721a424f7fc.binning_data.json,2026-03-31 23:59:00.000,2026-03-31 23:59:00.000,com.sec.android.app.shealth,0,9670,1.4797,6962.4,406.14,sampleDeviceID,com.sec.android.app.shealth,de2b7891-dfe0-4e41-9ec7-5721a424f7fc,1774915200000,
6cd19ba7-8358-444d-a3f4-28e76b6ac59d.binning_data.json,2026-04-01 23:59:00.000,2026-04-01 23:59:00.000,com.sec.android.app.shealth,0,8277,1.2836,5959.44,347.63,sampleDeviceID,com.sec.android.app.shealth,6cd19ba7-8358-444d-a3f4-28e76b6ac59d,1775001600000,
9e643df8-00bf-4ad6-bbf6-d4379209e7fe.binning_data.json,2026-04-02 23:59:00.000,2026-04-02 23:59:00.000,com.sec.android.app.shealth,0,6785,1.3319,4885.2,284.97,sampleDeviceID,com.sec.android.app.shealth,9e643df8-00bf-4ad6-bbf6-d4379209e7fe,1775088000000,
281540bb-2286-482c-8b81-69ce5f5eda67.binning_data.json,2026-04-03 23:59:00.000,2026-04-03 23:59:00.000,com.sec.android.app.shealth,0,8332,1.4384,5999.04,349.94,sampleDeviceID,com.sec.android.app.shealth,281540bb-2286-482c-8b81-69ce5f5eda67,1775174400000,
af16c9d8-7361-40cc-9641-5ed90045ac3c.binning_data.json,2026-04-04 23:59:00.000,2026-04-04 23:59:00.000,com.sec.android.app.shealth,0,8655,1.4401,6231.6,363.51,sampleDeviceID,com.sec.android.app.shealth,af16c9d8-7361-40cc-9641-5ed90045ac3c,1775260800000,
fefdf617-29b7-4cb3-9188-fa61627acdbb.binning_data.json,2026-04-05 23:59:00.000,2026-04-05 23:59:00.000,com.sec.android.app.shealth,0,7098,1.4597,5110.56,298.12,sampleDeviceID,com.sec.android.app.shealth,fefdf617-29b7-4cb3-9188-fa61627acdbb,1775347200000,
5d6526b7-4189-4493-b2d2-c0dba3f5e403.binning_data.json,2026-04-06 23:59:00.000,2026-04-06 23:59:00.000,com.sec.android.app.shealth,0,9771,1.4161,7035.12,410.38,sampleDeviceID,com.sec.android.app.shealth,5d6526b7-4189-4493-b2d2-c0dba3f5e403,1775433600000,
34bfd3dc-3fbc-4049-995b-9c88b3ec283f.binning_data.json,2026-04-07 23:59:00.000,2026-04-07 23:59:00.000,com.sec.android.app.shealth,0,8976,1.3545,6462.72,376.99,sampleDeviceID,com.sec.android.app.shealth,34bfd3dc-3fbc-4049-995b-9c88b3ec283f,1775520000000,
e777770f-4742-47b7-8d26-82a865d1742b.binning_data.json,2026-04-08 23:59:00.000,2026-04-08 23:59:00.000,com.sec.android.app.shealth,0,8643,1.2635,6222.96,363.01,sampleDeviceID,com.sec.android.app.shealth,e777770f-4742-47b7-8d26-82a865d1742b,1775606400000,
37a7d901-52b1-4df8-ac01-2939ca5c7b5a.binning_data.json,2026-04-09 23:59:00.000,2026-04-09 23:59:00.000,com.sec.android.app.shealth,0,8190,1.28,5896.8,343.98,sampleDeviceID,com.sec.android.app.shealth,37a7d901-52b1-4df8-ac01-2939ca5c7b5a,1775692800000,
645c25ad-45eb-41d5-8f0e-54e77df4dea0.binning_data.json,2026-04-10 23:59:00.000,2026-04-10 23:59:00.000,com.sec.android.app.shealth,0,5338,1.4621,3843.36,224.2,sampleDeviceID,com.sec.android.app.shealth,645c25ad-45eb-41d5-8f0e-54e77df4dea0,1775779200000,
58df722f-7d52-4e3d-a497-5cd68f3430bd.binning_data.json,2026-04-11 23:59:00.000,2026-04-11 23:59:00.000,com.sec.android.app.shealth,0,11212,1.4861,8072.64,470.9,sampleDeviceID,com.sec.android.app.shealth,58df722f-7d52-4e3d-a497-5cd68f3430bd,1775865600000,
596fe174-32be-4ea3-98a5-5cde08cdea07.binning_data.json,2026-04-12 23:59:00.000,2026-04-12 23:59:00.000,com.sec.android.app.shealth,0,13571,1.413,9771.12,569.98,sampleDeviceID,com.sec.android.app.shealth,596fe174-32be-4ea3-98a5-5cde08cdea07,1775952000000,
53267a47-f3c1-449b-9a1b-ff28e9e87b1a.binning_data.json,2026-04-13 23:59:00.000,2026-04-13 23:59:00.000,com.sec.android.app.shealth,0,4651,1.2687,3348.72,195.34,sampleDeviceID,com.sec.android.app.shealth,53267a47-f3c1-449b-9a1b-ff28e9e87b1a,1776038400000,
a69bfc00-8f01-4a5e-aee0-344f3188da11.binning_data.json,2026-04-14 23:59:00.000,2026-04-14 23:59:00.000,com.sec.android.app.shealth,0,8221,1.36,5919.12,345.28,sampleDeviceID,com.sec.android.app.shealth,a69bfc00-8f01-4a5e-aee0-344f3188da11,1776124800000,
fdee2bbb-cd44-42c4-a63a-41e64a671349.binning_data.json,2026-04-15 23:59:00.000,2026-04-15 23:59:00.000,com.sec.android.app.shealth,0,8734,1.2638,6288.48,366.83,sampleDeviceID,com.sec.android.app.shealth,fdee2bbb-cd44-42c4-a63a-41e64a671349,1776211200000,
5a227e2f-0249-4686-83fd-4238aff91cf2.binning_data.json,2026-04-16 23:59:00.000,2026-04-16 23:59:00.000,com.sec.android.app.shealth,0,9321,1.3214,6711.12,391.48,sampleDeviceID,com.sec.android.app.shealth,5a227e2f-0249-4686-83fd-4238aff91cf2,1776297600000,
5d6ff8f8-265a-4454-8b54-304f2fc9fd28.binning_data.json,2026-04-17 23:59:00.000,2026-04-17 23:59:00.000,com.sec.android.app.shealth,0,10516,1.3961,7571.52,441.67,sampleDeviceID,com.sec.android.app.shealth,5d6ff8f8-265a-4454-8b54-304f2fc9fd28,1776384000000,
2c349e3b-5c6c-4fc8-a8e4-196e6202aa4b.binning_data.json,2026-04-18 23:59:00.000,2026-04-18 23:59:00.000,com.sec.android.app.shealth,0,6880,1.4688,4953.6,288.96,sampleDeviceID,com.sec.android.app.shealth,2c349e3b-5c6c-4fc8-a8e4-196e6202aa4b,1776470400000,
efc864ab-33a4-43da-9d0b-9eaaf9882267.binning_data.json,2026-04-19 23:59:00.000,2026-04-19 23:59:00.000,com.sec.android.app.shealth,0,10144,1.3328,7303.68,426.05,sampleDeviceID,com.sec.android.app.shealth,efc864ab-33a4-43da-9d0b-9eaaf9882267,1776556800000,
7e722fe8-a58b-46c4-a738-7f4020517d12.binning_data.json,2026-04-20 23:59:00.000,2026-04-20 23:59:00.000,com.sec.android.app.shealth,0,10897,1.2691,7845.84,457.67,sampleDeviceID,com.sec.android.app.shealth,7e722fe8-a58b-46c4-a738-7f4020517d12,1776643200000,
26f8d5f2-98eb-4c30-886a-5bfb00e11495.binning_data.json,2026-04-21 23:59:00.000,2026-04-21 23:59:00.000,com.sec.android.app.shealth,0,9479,1.3894,6824.88,398.12,sampleDeviceID,com.sec.android.app.shealth,26f8d5f2-98eb-4c30-886a-5bfb00e11495,1776729600000,
2191d357-0eaa-4c32-b9b1-57efbbed591f.binning_data.json,2026-04-22 23:59:00.000,2026-04-22 23:59:00.000,com.sec.android.app.shealth,0,10184,1.3722,7332.48,427.73,sampleDeviceID,com.sec.android.app.shealth,2191d357-0eaa-4c32-b9b1-57efbbed591f,1776816000000,
b416e841-b9d5-479f-9f8d-33f4e55b8334.binning_data.json,2026-04-23 23:59:00.000,2026-04-23 23:59:00.000,com.sec.android.app.shealth,0,5631,1.2823,4054.32,236.5,sampleDeviceID,com.sec.android.app.shealth,b416e841-b9d5-479f-9f8d-33f4e55b8334,1776902400000,
2f39bd1a-e83c-4be6-8f2d-05794b11bfea.binning_data.json,2026-04-24 23:59:00.000,2026-04-24 23:59:00.000,com.sec.android.app.shealth,0,9861,1.438,7099.92,414.16,sampleDeviceID,com.sec.android.app.shealth,2f39bd1a-e83c-4be6-8f2d-05794b11bfea,1776988800000,
8d176aed-49ac-49dc-b924-44c20c170a92.binning_data.json,2026-04-25 23:59:00.000,2026-04-25 23:59:00.000,com.sec.android.app.shealth,0,11404,1.4972,8210.88,478.97,sampleDeviceID,com.sec.android.app.shealth,8d176aed-49ac-49dc-b924-44c20c170a92,1777075200000,
d2ed15bf-2ea9-4c8c-8570-ea1e506683bf.binning_data.json,2026-04-26 23:59:00.000,2026-04-26 23:59:00.000,com.sec.android.app.shealth,0,3761,1.3677,2707.92,157.96,sampleDeviceID,com.sec.android.app.shealth,d2ed15bf-2ea9-4c8c-8570-ea1e506683bf,1777161600000,
406c6536-ab17-434f-98d5-930850585f7e.binning_data.json,2026-04-27 23:59:00.000,2026-04-27 23:59:00.000,com.sec.android.app.shealth,0,9449,1.4432,6803.28,396.86,sampleDeviceID,com.sec.android.app.shealth,406c6536-ab17-434f-98d5-930850585f7e,1777248000000,
01739f5d-2e6b-40c8-b9a4-c83e196a1bfb.binning_data.json,2026-04-28 23:59:00.000,2026-04-28 23:59:00.000,com.sec.android.app.shealth,0,5894,1.3586,4243.68,247.55,sampleDeviceID,com.sec.android.app.shealth,01739f5d-2e6b-40c8-b9a4-c83e196a1bfb,1777334400000,
4198331e-5e05-46bb-9996-26c895eee185.binning_data.json,2026-04-29 23:59:00.000,2026-04-29 23:59:00.000,com.sec.android.app.shealth,0,10621,1.4149,7647.12,446.08,sampleDeviceID,com.sec.android.app.shealth,4198331e-5e05-46bb-9996-26c895eee185,1777420800000,
6675bd08-e4bf-429a-918c-afbb11720dd1.binning_data.json,2026-04-30 23:59:00.000,2026-04-30 23:59:00.000,com.sec.android.app.shealth,0,9940,1.4147,7156.8,417.48,sampleDeviceID,com.sec.android.app.shealth,6675bd08-e4bf-429a-918c-afbb11720dd1,1777507200000,
0127a2cb-f486-4f1c-a02d-18bf7a2d26dd.binning_data.json,2026-05-01 23:59:00.000,2026-05-01 23:59:00.000,com.sec.android.app.shealth,0,9841,1.2849,7085.52,413.32,sampleDeviceID,com.sec.android.app.shealth,0127a2cb-f486-4f1c-a02d-18bf7a2d26dd,1777593600000,
571848d7-2259-4836-b631-566cf86ec543.binning_data.json,2026-05-02 23:59:00.000,2026-05-02 23:59:00.000,com.sec.android.app.shealth,0,5502,1.2688,3961.44,231.08,sampleDeviceID,com.sec.android.app.shealth,571848d7-2259-4836-b631-566cf86ec543,1777680000000,
c2618884-3010-4293-a4bb-844420fb0a87.binning_data.json,2026-05-03 23:59:00.000,2026-05-03 23:59:00.000,com.sec.android.app.shealth,0,8607,1.3473,6197.04,361.49,sampleDeviceID,com.sec.android.app.shealth,c2618884-3010-4293-a4bb-844420fb0a87,1777766400000,
904f0294-7d6e-4987-be0d-f491bebc9e1a.binning_data.json,2026-05-04 23:59:00.000,2026-05-04 23:59:00.000,com.sec.android.app.shealth,0,9871,1.4903,7107.12,414.58,sampleDeviceID,com.sec.android.app.shealth,904f0294-7d6e-4987-be0d-f491bebc9e1a,1777852800000,
7d1e362e-b76f-426c-850c-9208c4b07c6f.binning_data.json,2026-05-05 23:59:00.000,2026-05-05 23:59:00.000,com.sec.android.app.shealth,0,9231,1.4464,6646.32,387.7,sampleDeviceID,com.sec.android.app.shealth,7d1e362e-b76f-426c-850c-9208c4b07c6f,1777939200000,
791e6586-81aa-4b62-b82b-85951c20abbe.binning_data.json,2026-05-06 23:59:00.000,2026-05-06 23:59:00.000,com.sec.android.app.shealth,0,9321,1.3558,6711.12,391.48,sampleDeviceID,com.sec.android.app.shealth,791e6586-81aa-4b62-b82b-85951c20abbe,1778025600000,
8630f2ca-7f3f-4517-927f-48dd18057a8c.binning_data.json,2026-05-07 23:59:00.000,2026-05-07 23:59:00.000,com.sec.android.app.shealth,0,4888,1.4347,3519.36,205.3,sampleDeviceID,com.sec.android.app.shealth,8630f2ca-7f3f-4517-927f-48dd18057a8c,1778112000000,
040e443e-5bf4-4191-a636-609baed96547.binning_data.json,2026-05-08 23:59:00.000,2026-05-08 23:59:00.000,com.sec.android.app.shealth,0,8769,1.375,6313.68,368.3,sampleDeviceID,com.sec.android.app.shealth,040e443e-5bf4-4191-a636-609baed96547,1778198400000,
75f316e2-3a89-4e5d-b471-aead453387e1.binning_data.json,2026-05-09 23:59:00.000,2026-05-09 23:59:00.000,com.sec.android.app.shealth,0,4478,1.307,3224.16,188.08,sampleDeviceID,com.sec.android.app.shealth,75f316e2-3a89-4e5d-b471-aead453387e1,1778284800000,
76efc320-078d-4f0b-a9d0-2ab87dc292f8.binning_data.json,2026-05-10 23:59:00.000,2026-05-10 23:59:00.000,com.sec.android.app.shealth,0,4377,1.4781,3151.44,183.83,sampleDeviceID,com.sec.android.app.shealth,76efc320-078d-4f0b-a9d0-2ab87dc292f8,1778371200000,
028e9f06-cb02-4ba7-a202-45b2b1d6584d.binning_data.json,2026-05-11 23:59:00.000,2026-05-11 23:59:00.000,com.sec.android.app.shealth,0,6382,1.2852,4595.04,268.04,sampleDeviceID,com.sec.android.app.shealth,028e9f06-cb02-4ba7-a202-45b2b1d6584d,1778457600000,
94b27fe3-1050-4087-8439-87a19367bf18.binning_data.json,2026-05-12 23:59:00.000,2026-05-12 23:59:00.000,com.sec.android.app.shealth,0,10616,1.3212,7643.52,445.87,sampleDeviceID,com.sec.android.app.shealth,94b27fe3-1050-4087-8439-87a19367bf18,1778544000000,
92b12027-0324-4544-8610-ed47967b72f9.binning_data.json,2026-05-13 23:59:00.000,2026-05-13 23:59:00.000,com.sec.android.app.shealth,0,4660,1.4165,3355.2,195.72,sampleDeviceID,com.sec.android.app.shealth,92b12027-0324-4544-8610-ed47967b72f9,1778630400000,
750744db-b515-45cc-bc46-71894099fb1b.binning_data.json,2026-05-14 23:59:00.000,2026-05-14 23:59:00.000,com.sec.android.app.shealth,0,9858,1.4699,7097.76,414.04,sampleDeviceID,com.sec.android.app.shealth,750744db-b515-45cc-bc46-71894099fb1b,1778716800000,
b36f79ff-28cf-429b-b3c8-ef869922d4a6.binning_data.json,2026-05-15 23:59:00.000,2026-05-15 23:59:00.000,com.sec.android.app.shealth,0,9721,1.3179,6999.12,408.28,sampleDeviceID,com.sec.android.app.shealth,b36f79ff-28cf-429b-b3c8-ef869922d4a6,1778803200000,
8059f236-2e9e-4f47-b8de-64893207e53a.binning_data.json,2026-05-16 23:59:00.000,2026-05-16 23:59:00.000,com.sec.android.app.shealth,0,11397,1.3202,8205.84,478.67,sampleDeviceID,com.sec.android.app.shealth,8059f236-2e9e-4f47-b8de-64893207e53a,1778889600000,
9a4f7177-fff8-4aff-aae0-063718a8922e.binning_data.json,2026-05-17 23:59:00.000,2026-05-17 23:59:00.000,com.sec.android.app.shealth,0,5950,1.3397,4284,249.9,sampleDeviceID,com.sec.android.app.shealth,9a4f7177-fff8-4aff-aae0-063718a8922e,1778976000000,
6ad14600-4700-4024-a967-3d67649fd6a5.binning_data.json,2026-05-18 23:59:00.000,2026-05-18 23:59:00.000,com.sec.android.app.shealth,0,9958,1.379,7169.76,418.24,sampleDeviceID,com.sec.android.app.shealth,6ad14600-4700-4024-a967-3d67649fd6a5,1779062400000,
d7f769ab-d201-4c19-8cf5-67587521f396.binning_data.json,2026-05-19 23:59:00.000,2026-05-19 23:59:00.000,com.sec.android.app.shealth,0,5431,1.4601,3910.32,228.1,sampleDeviceID,com.sec.android.app.shealth,d7f769ab-d201-4c19-8cf5-67587521f396,1779148800000,
cc07e21c-d3e9-4237-9c4d-866bfee0ba40.binning_data.json,2026-05-20 23:59:00.000,2026-05-20 23:59:00.000,com.sec.android.app.shealth,0,7456,1.3851,5368.32,313.15,sampleDeviceID,com.sec.android.app.shealth,cc07e21c-d3e9-4237-9c4d-866bfee0ba40,1779235200000,
1fcee215-0593-48d0-a8b6-d50f5d1e8e17.binning_data.json,2026-05-21 23:59:00.000,2026-05-21 23:59:00.000,com.sec.android.app.shealth,0,4573,1.3015,3292.56,192.07,sampleDeviceID,com.sec.android.app.shealth,1fcee215-0593-48d0-a8b6-d50f5d1e8e17,1779321600000,
ad238be3-91d0-4749-85bb-2f153f98b53f.binning_data.json,2026-05-22 23:59:00.000,2026-05-22 23:59:00.000,com.sec.android.app.shealth,0,8169,1.4558,5881.68,343.1,sampleDeviceID,com.sec.android.app.shealth,ad238be3-91d0-4749-85bb-2f153f98b53f,1779408000000,
5f3954c7-0cd8-40c4-94d7-e3c363f572b8.binning_data.json,2026-05-23 23:59:00.000,2026-05-23 23:59:00.000,com.sec.android.app.shealth,0,4718,1.395,3396.96,198.16,sampleDeviceID,com.sec.android.app.shealth,5f3954c7-0cd8-40c4-94d7-e3c363f572b8,1779494400000,
d1cb27c3-55f2-4041-9385-1d0daee453dd.binning_data.json,2026-05-24 23:59:00.000,2026-05-24 23:59:00.000,com.sec.android.app.shealth,0,11647,1.4409,8385.84,489.17,sampleDeviceID,com.sec.android.app.shealth,d1cb27c3-55f2-4041-9385-1d0daee453dd,1779580800000,
a92ca699-5776-41ec-973a-442f767dbff6.binning_data.json,2026-05-25 23:59:00.000,2026-05-25 23:59:00.000,com.sec.android.app.shealth,0,5508,1.3522,3965.76,231.34,sampleDeviceID,com.sec.android.app.shealth,a92ca699-5776-41ec-973a-442f767dbff6,1779667200000,
8dd03f14-60e4-4c09-8bf5-5374fd22093e.binning_data.json,2026-05-26 23:59:00.000,2026-05-26 23:59:00.000,com.sec.android.app.shealth,0,8584,1.4726,6180.48,360.53,sampleDeviceID,com.sec.android.app.shealth,8dd03f14-60e4-4c09-8bf5-5374fd22093e,1779753600000,
c1ba447d-4aaa-4971-b10e-7b55e8033c8b.binning_data.json,2026-05-27 23:59:00.000,2026-05-27 23:59:00.000,com.sec.android.app.shealth,0,10676,1.3808,7686.72,448.39,sampleDeviceID,com.sec.android.app.shealth,c1ba447d-4aaa-4971-b10e-7b55e8033c8b,1779840000000,
1ec5646b-4184-406c-a3c9-313935b48431.binning_data.json,2026-05-28 23:59:00.000,2026-05-28 23:59:00.000,com.sec.android.app.shealth,0,6067,1.3824,4368.24,254.81,sampleDeviceID,com.sec.android.app.shealth,1ec5646b-4184-406c-a3c9-313935b48431,1779926400000,
5c2f56c6-49c2-4419-8854-967e82b5815c.binning_data.json,2026-05-29 23:59:00.000,2026-05-29 23:59:00.000,com.sec.android.app.shealth,0,4922,1.3226,3543.84,206.72,sampleDeviceID,com.sec.android.app.shealth,5c2f56c6-49c2-4419-8854-967e82b5815c,1780012800000,
8c45de64-fa8f-40ff-9777-4bf261473699.binning_data.json,2026-05-30 23:59:00.000,2026-05-30 23:59:00.000,com.sec.android.app.shealth,0,3833,1.4327,2759.76,160.99,sampleDeviceID,com.sec.android.app.shealth,8c45de64-fa8f-40ff-9777-4bf261473699,1780099200000,
9529a814-6599-4b38-9d34-9a7919c58806.binning_data.json,2026-05-31 23:59:00.000,2026-05-31 23:59:00.000,com.sec.android.app.shealth,0,13450,1.3272,9684,564.9,sampleDeviceID,com.sec.android.app.shealth,9529a814-6599-4b38-9d34-9a7919c58806,1780185600000,
87511a5c-4f5f-4232-8b23-73af3655efee.binning_data.json,2026-06-01 23:59:00.000,2026-06-01 23:59:00.000,com.sec.android.app.shealth,0,4859,1.3541,3498.48,204.08,sampleDeviceID,com.sec.android.app.shealth,87511a5c-4f5f-4232-8b23-73af3655efee,1780272000000,
128fd652-4b22-4896-900a-1f649b4ba3f0.binning_data.json,2026-06-02 23:59:00.000,2026-06-02 23:59:00.000,com.sec.android.app.shealth,0,7302,1.3261,5257.44,306.68,sampleDeviceID,com.sec.android.app.shealth,128fd652-4b22-4896-900a-1f649b4ba3f0,1780358400000,
0bb54b63-87aa-4fa2-a598-53a83cf1b215.binning_data.json,2026-06-03 23:59:00.000,2026-06-03 23:59:00.000,com.sec.android.app.shealth,0,7490,1.3252,5392.8,314.58,sampleDeviceID,com.sec.android.app.shealth,0bb54b63-87aa-4fa2-a598-53a83cf1b215,1780444800000,
fe0f59eb-9c6f-437f-b670-10cdb9de6690.binning_data.json,2026-06-04 23:59:00.000,2026-06-04 23:59:00.000,com.sec.android.app.shealth,0,6616,1.2945,4763.52,277.87,sampleDeviceID,com.sec.android.app.shealth,fe0f59eb-9c6f-437f-b670-10cdb9de6690,1780531200000,
76ef0ec0-d98b-4dc0-b33f-8f62ec7d42b9.binning_data.json,2026-06-05 23:59:00.000,2026-06-05 23:59:00.000,com.sec.android.app.shealth,0,9890,1.4348,7120.8,415.38,sampleDeviceID,com.sec.android.app.shealth,76ef0ec0-d98b-4dc0-b33f-8f62ec7d42b9,1780617600000,
fad6e483-fd3e-4bc0-9e90-ea304d2ed437.binning_data.json,2026-06-06 23:59:00.000,2026-06-06 23:59:00.000,com.sec.android.app.shealth,0,8752,1.4876,6301.44,367.58,sampleDeviceID,com.sec.android.app.shealth,fad6e483-fd3e-4bc0-9e90-ea304d2ed437,1780704000000,
e9bd633b-5c7b-46c9-8477-287c78c47fd8.binning_data.json,2026-06-07 23:59:00.000,2026-06-07 23:59:00.000,com.sec.android.app.shealth,0,11187,1.3847,8054.64,469.85,sampleDeviceID,com.sec.android.app.shealth,e9bd633b-5c7b-46c9-8477-287c78c47fd8,1780790400000,
30879506-1112-46a9-948d-6e6bbe7f1288.binning_data.json,2026-06-08 23:59:00.000,2026-06-08 23:59:00.000,com.sec.android.app.shealth,0,10413,1.3266,7497.36,437.35,sampleDeviceID,com.sec.android.app.shealth,30879506-1112-46a9-948d-6e6bbe7f1288,1780876800000,
58dccaa6-7923-487a-bb37-00a5014e51c3.binning_data.json,2026-06-09 23:59:00.000,2026-06-09 23:59:00.000,com.sec.android.app.shealth,0,5426,1.4483,3906.72,227.89,sampleDeviceID,com.sec.android.app.shealth,58dccaa6-7923-487a-bb37-00a5014e51c3,1780963200000,
2427e202-9653-450a-b20b-70b8681172fa.binning_data.json,2026-06-10 23:59:00.000,2026-06-10 23:59:00.000,com.sec.android.app.shealth,0,8302,1.2827,5977.44,348.68,sampleDeviceID,com.sec.android.app.shealth,2427e202-9653-450a-b20b-70b8681172fa,1781049600000,
dff2eea2-8930-4b2d-8559-2bd65510464b.binning_data.json,2026-06-11 23:59:00.000,2026-06-11 23:59:00.000,com.sec.android.app.shealth,0,10611,1.3967,7639.92,445.66,sampleDeviceID,com.sec.android.app.shealth,dff2eea2-8930-4b2d-8559-2bd65510464b,1781136000000,
5df4445e-775e-430b-937b-d9d2156e08f8.binning_data.json,2026-06-12 23:59:00.000,2026-06-12 23:59:00.000,com.sec.android.app.shealth,0,7901,1.3468,5688.72,331.84,sampleDeviceID,com.sec.android.app.shealth,5df4445e-775e-430b-937b-d9d2156e08f8,1781222400000,
2b744b3f-57e1-4eea-b451-6b4cc030db72.binning_data.json,2026-06-13 23:59:00.000,2026-06-13 23:59:00.000,com.sec.android.app.shealth,0,8660,1.4311,6235.2,363.72,sampleDeviceID,com.sec.android.app.shealth,2b744b3f-57e1-4eea-b451-6b4cc030db72,1781308800000,
b213be40-aa5d-43be-b14f-4662d498014c.binning_data.json,2026-06-14 23:59:00.000,2026-06-14 23:59:00.000,com.sec.android.app.shealth,0,8203,1.4979,5906.16,344.53,sampleDeviceID,com.sec.android.app.shealth,b213be40-aa5d-43be-b14f-4662d498014c,1781395200000,
2142bca0-04ad-4bd5-9987-7979d0e2c8c0.binning_data.json,2026-06-15 23:59:00.000,2026-06-15 23:59:00.000,com.sec.android.app.shealth,0,9962,1.339,7172.64,418.4,sampleDeviceID,com.sec.android.app.shealth,2142bca0-04ad-4bd5-9987-7979d0e2c8c0,1781481600000,
172430dd-6c9d-4d5c-90b9-d67b99db33ab.binning_data.json,2026-06-16 23:59:00.000,2026-06-16 23:59:00.000,com.sec.android.app.shealth,0,9280,1.3751,6681.6,389.76,sampleDeviceID,com.sec.android.app.shealth,172430dd-6c9d-4d5c-90b9-d67b99db33ab,1781568000000,
807fcc47-d184-4f27-9c0c-53d8b064665d.binning_data.json,2026-06-17 23:59:00.000,2026-06-17 23:59:00.000,com.sec.android.app.shealth,0,10377,1.3736,7471.44,435.83,sampleDeviceID,com.sec.android.app.shealth,807fcc47-d184-4f27-9c0c-53d8b064665d,1781654400000,
789c7e84-93d5-4fad-bd48-3a253e03ed0c.binning_data.json,2026-06-18 23:59:00.000,2026-06-18 23:59:00.000,com.sec.android.app.shealth,0,5747,1.4138,4137.84,241.37,sampleDeviceID,com.sec.android.app.shealth,789c7e84-93d5-4fad-bd48-3a253e03ed0c,1781740800000,
1c1bd1dd-8a4d-42a5-be9d-fdec08b5a6fa.binning_data.json,2026-06-19 23:59:00.000,2026-06-19 23:59:00.000,com.sec.android.app.shealth,0,9409,1.4289,6774.48,395.18,sampleDeviceID,com.sec.android.app.shealth,1c1bd1dd-8a4d-42a5-be9d-fdec08b5a6fa,1781827200000,
aa9cea6b-4a84-4ce3-9442-dd67ea49ed4e.binning_data.json,2026-06-20 23:59:00.000,2026-06-20 23:59:00.000,com.sec.android.app.shealth,0,12137,1.2761,8738.64,509.75,sampleDeviceID,com.sec.android.app.shealth,aa9cea6b-4a84-4ce3-9442-dd67ea49ed4e,1781913600000,
fb73858c-c6eb-4e3a-9545-cf74f4c9b932.binning_data.json,2026-06-21 23:59:00.000,2026-06-21 23:59:00.000,com.sec.android.app.shealth,0,7047,1.308,5073.84,295.97,sampleDeviceID,com.sec.android.app.shealth,fb73858c-c6eb-4e3a-9545-cf74f4c9b932,1782000000000,
acfc2523-89e5-428f-8121-d14f71312f59.binning_data.json,2026-06-22 23:59:00.000,2026-06-22 23:59:00.000,com.sec.android.app.shealth,0,5674,1.2974,4085.28,238.31,sampleDeviceID,com.sec.android.app.shealth,acfc2523-89e5-428f-8121-d14f71312f59,1782086400000,
5e62a704-5872-4f8c-bbe6-683627694415.binning_data.json,2026-06-23 23:59:00.000,2026-06-23 23:59:00.000,com.sec.android.app.shealth,0,5131,1.4962,3694.32,215.5,sampleDeviceID,com.sec.android.app.shealth,5e62a704-5872-4f8c-bbe6-683627694415,1782172800000,
